ISO-10303-21;
HEADER;
/* Generated by software containing ST-Developer
 * from STEP Tools, Inc. (www.steptools.com) 
 */

FILE_DESCRIPTION(
/* description */ (
'MDOB128032GV-WI This 128\X\D732 Graphic OLED display is 0.91\X2\2033\X0\ 
in diagonal size, and its construction is Chip-on-board. The interface
 is I\X\B2C and it has White on Black appearance.'),
/* implementation_level */ '2;1');

FILE_NAME(
/* name */ 'MDOB128032GV-WI.stp',
/* time_stamp */ '2025-10-24T17:26:45+02:00',
/* author */ ('Ryzen 5'),
/* organization */ (''),
/* preprocessor_version */ 'ST-DEVELOPER v20',
/* originating_system */ 'Autodesk Inventor 2025',
/* authorisation */ '');

FILE_SCHEMA (('AUTOMOTIVE_DESIGN { 1 0 10303 214 3 1 1 }'));
ENDSEC;

DATA;
#10=MECHANICAL_DESIGN_GEOMETRIC_PRESENTATION_REPRESENTATION('',(#3086,#3087,
#3088,#3089,#3090,#3091,#3092,#3093,#3094,#3095,#3096,#3097,#3098,#3099,
#3100,#3101,#3102,#3103,#3104,#3105,#3106,#3107,#3108,#3109,#3110,#3111,
#3112,#3113,#3114,#3115,#3116,#3117,#3118,#3119,#3120,#3121,#3122,#3123,
#3124,#3125,#3126,#3127,#3128,#3129,#3130,#3131,#3132,#3133,#3134,#3135,
#3136,#3137,#3138,#3139,#3140,#3141,#3142,#3143,#3144,#3145,#3146,#3147,
#3148,#3149,#3150,#3151,#3152,#3153,#3154,#3155,#3156,#3157,#3158,#3159,
#3160,#3161,#3162,#3163,#3164,#3165,#3166,#3167,#3168,#3169,#3170,#3171,
#3172,#3173,#3174,#3175,#3176,#3177,#3178,#3179,#3180,#3181,#3182,#3183,
#3184,#3185,#3186,#3187,#3188,#3189,#3190,#3191,#3192,#3193,#3194,#3195,
#3196,#3197,#3198,#3199,#3200,#3201,#3202,#3203,#3204,#3205,#3206,#3207,
#3208,#3209,#3210,#3211,#3212,#3213,#3214,#3215,#3216,#3217,#3218,#3219,
#3220,#3221,#3222,#3223,#3224,#3225,#3226,#3227,#3228,#3229,#3230,#3231,
#3232),#5348);
#11=SHAPE_REPRESENTATION_RELATIONSHIP('SRR','None',#5355,#12);
#12=ADVANCED_BREP_SHAPE_REPRESENTATION('',(#25,#26,#27),#5347);
#13=CIRCLE('',#3604,0.388213178962252);
#14=CIRCLE('',#3605,0.388213178962252);
#15=CIRCLE('',#3608,0.435779343873184);
#16=CIRCLE('',#3609,0.435779343873184);
#17=CIRCLE('',#3615,1.25512095692706);
#18=CIRCLE('',#3616,1.25512095692706);
#19=CIRCLE('',#3621,1.20512095692706);
#20=CIRCLE('',#3622,1.20512095692706);
#21=CYLINDRICAL_SURFACE('',#3603,0.388213178962252);
#22=CYLINDRICAL_SURFACE('',#3607,0.435779343873184);
#23=CYLINDRICAL_SURFACE('',#3614,1.25512095692706);
#24=CYLINDRICAL_SURFACE('',#3620,1.20512095692706);
#25=MANIFOLD_SOLID_BREP('Solid1',#3413);
#26=MANIFOLD_SOLID_BREP('Solid2',#3414);
#27=MANIFOLD_SOLID_BREP('Solid3',#3415);
#28=FACE_BOUND('',#309,.T.);
#29=FACE_BOUND('',#315,.T.);
#30=FACE_BOUND('',#321,.T.);
#31=FACE_BOUND('',#327,.T.);
#32=FACE_BOUND('',#352,.T.);
#33=FACE_BOUND('',#398,.T.);
#34=FACE_BOUND('',#399,.T.);
#35=FACE_BOUND('',#400,.T.);
#36=FACE_BOUND('',#401,.T.);
#37=FACE_BOUND('',#402,.T.);
#38=FACE_BOUND('',#408,.T.);
#39=FACE_BOUND('',#409,.T.);
#40=FACE_BOUND('',#410,.T.);
#41=FACE_BOUND('',#411,.T.);
#42=FACE_BOUND('',#412,.T.);
#43=FACE_BOUND('',#413,.T.);
#44=FACE_BOUND('',#414,.T.);
#45=FACE_BOUND('',#415,.T.);
#46=FACE_BOUND('',#416,.T.);
#47=FACE_BOUND('',#417,.T.);
#48=FACE_BOUND('',#418,.T.);
#49=FACE_BOUND('',#419,.T.);
#50=FACE_BOUND('',#420,.T.);
#51=FACE_BOUND('',#421,.T.);
#52=FACE_BOUND('',#422,.T.);
#53=FACE_BOUND('',#423,.T.);
#54=FACE_BOUND('',#424,.T.);
#55=FACE_BOUND('',#425,.T.);
#56=FACE_OUTER_BOUND('',#236,.T.);
#57=FACE_OUTER_BOUND('',#237,.T.);
#58=FACE_OUTER_BOUND('',#238,.T.);
#59=FACE_OUTER_BOUND('',#239,.T.);
#60=FACE_OUTER_BOUND('',#240,.T.);
#61=FACE_OUTER_BOUND('',#241,.T.);
#62=FACE_OUTER_BOUND('',#242,.T.);
#63=FACE_OUTER_BOUND('',#243,.T.);
#64=FACE_OUTER_BOUND('',#244,.T.);
#65=FACE_OUTER_BOUND('',#245,.T.);
#66=FACE_OUTER_BOUND('',#246,.T.);
#67=FACE_OUTER_BOUND('',#247,.T.);
#68=FACE_OUTER_BOUND('',#248,.T.);
#69=FACE_OUTER_BOUND('',#249,.T.);
#70=FACE_OUTER_BOUND('',#250,.T.);
#71=FACE_OUTER_BOUND('',#251,.T.);
#72=FACE_OUTER_BOUND('',#252,.T.);
#73=FACE_OUTER_BOUND('',#253,.T.);
#74=FACE_OUTER_BOUND('',#254,.T.);
#75=FACE_OUTER_BOUND('',#255,.T.);
#76=FACE_OUTER_BOUND('',#256,.T.);
#77=FACE_OUTER_BOUND('',#257,.T.);
#78=FACE_OUTER_BOUND('',#258,.T.);
#79=FACE_OUTER_BOUND('',#259,.T.);
#80=FACE_OUTER_BOUND('',#260,.T.);
#81=FACE_OUTER_BOUND('',#261,.T.);
#82=FACE_OUTER_BOUND('',#262,.T.);
#83=FACE_OUTER_BOUND('',#263,.T.);
#84=FACE_OUTER_BOUND('',#264,.T.);
#85=FACE_OUTER_BOUND('',#265,.T.);
#86=FACE_OUTER_BOUND('',#266,.T.);
#87=FACE_OUTER_BOUND('',#267,.T.);
#88=FACE_OUTER_BOUND('',#268,.T.);
#89=FACE_OUTER_BOUND('',#269,.T.);
#90=FACE_OUTER_BOUND('',#270,.T.);
#91=FACE_OUTER_BOUND('',#271,.T.);
#92=FACE_OUTER_BOUND('',#272,.T.);
#93=FACE_OUTER_BOUND('',#273,.T.);
#94=FACE_OUTER_BOUND('',#274,.T.);
#95=FACE_OUTER_BOUND('',#275,.T.);
#96=FACE_OUTER_BOUND('',#276,.T.);
#97=FACE_OUTER_BOUND('',#277,.T.);
#98=FACE_OUTER_BOUND('',#278,.T.);
#99=FACE_OUTER_BOUND('',#279,.T.);
#100=FACE_OUTER_BOUND('',#280,.T.);
#101=FACE_OUTER_BOUND('',#281,.T.);
#102=FACE_OUTER_BOUND('',#282,.T.);
#103=FACE_OUTER_BOUND('',#283,.T.);
#104=FACE_OUTER_BOUND('',#284,.T.);
#105=FACE_OUTER_BOUND('',#285,.T.);
#106=FACE_OUTER_BOUND('',#286,.T.);
#107=FACE_OUTER_BOUND('',#287,.T.);
#108=FACE_OUTER_BOUND('',#288,.T.);
#109=FACE_OUTER_BOUND('',#289,.T.);
#110=FACE_OUTER_BOUND('',#290,.T.);
#111=FACE_OUTER_BOUND('',#291,.T.);
#112=FACE_OUTER_BOUND('',#292,.T.);
#113=FACE_OUTER_BOUND('',#293,.T.);
#114=FACE_OUTER_BOUND('',#294,.T.);
#115=FACE_OUTER_BOUND('',#295,.T.);
#116=FACE_OUTER_BOUND('',#296,.T.);
#117=FACE_OUTER_BOUND('',#297,.T.);
#118=FACE_OUTER_BOUND('',#298,.T.);
#119=FACE_OUTER_BOUND('',#299,.T.);
#120=FACE_OUTER_BOUND('',#300,.T.);
#121=FACE_OUTER_BOUND('',#301,.T.);
#122=FACE_OUTER_BOUND('',#302,.T.);
#123=FACE_OUTER_BOUND('',#303,.T.);
#124=FACE_OUTER_BOUND('',#304,.T.);
#125=FACE_OUTER_BOUND('',#305,.T.);
#126=FACE_OUTER_BOUND('',#306,.T.);
#127=FACE_OUTER_BOUND('',#307,.T.);
#128=FACE_OUTER_BOUND('',#308,.T.);
#129=FACE_OUTER_BOUND('',#310,.T.);
#130=FACE_OUTER_BOUND('',#311,.T.);
#131=FACE_OUTER_BOUND('',#312,.T.);
#132=FACE_OUTER_BOUND('',#313,.T.);
#133=FACE_OUTER_BOUND('',#314,.T.);
#134=FACE_OUTER_BOUND('',#316,.T.);
#135=FACE_OUTER_BOUND('',#317,.T.);
#136=FACE_OUTER_BOUND('',#318,.T.);
#137=FACE_OUTER_BOUND('',#319,.T.);
#138=FACE_OUTER_BOUND('',#320,.T.);
#139=FACE_OUTER_BOUND('',#322,.T.);
#140=FACE_OUTER_BOUND('',#323,.T.);
#141=FACE_OUTER_BOUND('',#324,.T.);
#142=FACE_OUTER_BOUND('',#325,.T.);
#143=FACE_OUTER_BOUND('',#326,.T.);
#144=FACE_OUTER_BOUND('',#328,.T.);
#145=FACE_OUTER_BOUND('',#329,.T.);
#146=FACE_OUTER_BOUND('',#330,.T.);
#147=FACE_OUTER_BOUND('',#331,.T.);
#148=FACE_OUTER_BOUND('',#332,.T.);
#149=FACE_OUTER_BOUND('',#333,.T.);
#150=FACE_OUTER_BOUND('',#334,.T.);
#151=FACE_OUTER_BOUND('',#335,.T.);
#152=FACE_OUTER_BOUND('',#336,.T.);
#153=FACE_OUTER_BOUND('',#337,.T.);
#154=FACE_OUTER_BOUND('',#338,.T.);
#155=FACE_OUTER_BOUND('',#339,.T.);
#156=FACE_OUTER_BOUND('',#340,.T.);
#157=FACE_OUTER_BOUND('',#341,.T.);
#158=FACE_OUTER_BOUND('',#342,.T.);
#159=FACE_OUTER_BOUND('',#343,.T.);
#160=FACE_OUTER_BOUND('',#344,.T.);
#161=FACE_OUTER_BOUND('',#345,.T.);
#162=FACE_OUTER_BOUND('',#346,.T.);
#163=FACE_OUTER_BOUND('',#347,.T.);
#164=FACE_OUTER_BOUND('',#348,.T.);
#165=FACE_OUTER_BOUND('',#349,.T.);
#166=FACE_OUTER_BOUND('',#350,.T.);
#167=FACE_OUTER_BOUND('',#351,.T.);
#168=FACE_OUTER_BOUND('',#353,.T.);
#169=FACE_OUTER_BOUND('',#354,.T.);
#170=FACE_OUTER_BOUND('',#355,.T.);
#171=FACE_OUTER_BOUND('',#356,.T.);
#172=FACE_OUTER_BOUND('',#357,.T.);
#173=FACE_OUTER_BOUND('',#358,.T.);
#174=FACE_OUTER_BOUND('',#359,.T.);
#175=FACE_OUTER_BOUND('',#360,.T.);
#176=FACE_OUTER_BOUND('',#361,.T.);
#177=FACE_OUTER_BOUND('',#362,.T.);
#178=FACE_OUTER_BOUND('',#363,.T.);
#179=FACE_OUTER_BOUND('',#364,.T.);
#180=FACE_OUTER_BOUND('',#365,.T.);
#181=FACE_OUTER_BOUND('',#366,.T.);
#182=FACE_OUTER_BOUND('',#367,.T.);
#183=FACE_OUTER_BOUND('',#368,.T.);
#184=FACE_OUTER_BOUND('',#369,.T.);
#185=FACE_OUTER_BOUND('',#370,.T.);
#186=FACE_OUTER_BOUND('',#371,.T.);
#187=FACE_OUTER_BOUND('',#372,.T.);
#188=FACE_OUTER_BOUND('',#373,.T.);
#189=FACE_OUTER_BOUND('',#374,.T.);
#190=FACE_OUTER_BOUND('',#375,.T.);
#191=FACE_OUTER_BOUND('',#376,.T.);
#192=FACE_OUTER_BOUND('',#377,.T.);
#193=FACE_OUTER_BOUND('',#378,.T.);
#194=FACE_OUTER_BOUND('',#379,.T.);
#195=FACE_OUTER_BOUND('',#380,.T.);
#196=FACE_OUTER_BOUND('',#381,.T.);
#197=FACE_OUTER_BOUND('',#382,.T.);
#198=FACE_OUTER_BOUND('',#383,.T.);
#199=FACE_OUTER_BOUND('',#384,.T.);
#200=FACE_OUTER_BOUND('',#385,.T.);
#201=FACE_OUTER_BOUND('',#386,.T.);
#202=FACE_OUTER_BOUND('',#387,.T.);
#203=FACE_OUTER_BOUND('',#388,.T.);
#204=FACE_OUTER_BOUND('',#389,.T.);
#205=FACE_OUTER_BOUND('',#390,.T.);
#206=FACE_OUTER_BOUND('',#391,.T.);
#207=FACE_OUTER_BOUND('',#392,.T.);
#208=FACE_OUTER_BOUND('',#393,.T.);
#209=FACE_OUTER_BOUND('',#394,.T.);
#210=FACE_OUTER_BOUND('',#395,.T.);
#211=FACE_OUTER_BOUND('',#396,.T.);
#212=FACE_OUTER_BOUND('',#397,.T.);
#213=FACE_OUTER_BOUND('',#403,.T.);
#214=FACE_OUTER_BOUND('',#404,.T.);
#215=FACE_OUTER_BOUND('',#405,.T.);
#216=FACE_OUTER_BOUND('',#406,.T.);
#217=FACE_OUTER_BOUND('',#407,.T.);
#218=FACE_OUTER_BOUND('',#426,.T.);
#219=FACE_OUTER_BOUND('',#427,.T.);
#220=FACE_OUTER_BOUND('',#428,.T.);
#221=FACE_OUTER_BOUND('',#429,.T.);
#222=FACE_OUTER_BOUND('',#430,.T.);
#223=FACE_OUTER_BOUND('',#431,.T.);
#224=FACE_OUTER_BOUND('',#432,.T.);
#225=FACE_OUTER_BOUND('',#433,.T.);
#226=FACE_OUTER_BOUND('',#434,.T.);
#227=FACE_OUTER_BOUND('',#435,.T.);
#228=FACE_OUTER_BOUND('',#436,.T.);
#229=FACE_OUTER_BOUND('',#437,.T.);
#230=FACE_OUTER_BOUND('',#438,.T.);
#231=FACE_OUTER_BOUND('',#439,.T.);
#232=FACE_OUTER_BOUND('',#440,.T.);
#233=FACE_OUTER_BOUND('',#441,.T.);
#234=FACE_OUTER_BOUND('',#442,.T.);
#235=FACE_OUTER_BOUND('',#443,.T.);
#236=EDGE_LOOP('',(#2034,#2035,#2036,#2037));
#237=EDGE_LOOP('',(#2038,#2039,#2040,#2041));
#238=EDGE_LOOP('',(#2042,#2043,#2044,#2045));
#239=EDGE_LOOP('',(#2046,#2047,#2048,#2049));
#240=EDGE_LOOP('',(#2050,#2051,#2052,#2053));
#241=EDGE_LOOP('',(#2054,#2055,#2056,#2057));
#242=EDGE_LOOP('',(#2058,#2059,#2060,#2061));
#243=EDGE_LOOP('',(#2062,#2063,#2064,#2065));
#244=EDGE_LOOP('',(#2066,#2067,#2068,#2069));
#245=EDGE_LOOP('',(#2070,#2071,#2072,#2073));
#246=EDGE_LOOP('',(#2074,#2075,#2076,#2077));
#247=EDGE_LOOP('',(#2078,#2079,#2080,#2081));
#248=EDGE_LOOP('',(#2082,#2083,#2084,#2085));
#249=EDGE_LOOP('',(#2086,#2087,#2088,#2089));
#250=EDGE_LOOP('',(#2090,#2091,#2092,#2093));
#251=EDGE_LOOP('',(#2094,#2095,#2096,#2097));
#252=EDGE_LOOP('',(#2098,#2099,#2100,#2101));
#253=EDGE_LOOP('',(#2102,#2103,#2104,#2105));
#254=EDGE_LOOP('',(#2106,#2107,#2108,#2109));
#255=EDGE_LOOP('',(#2110,#2111,#2112,#2113));
#256=EDGE_LOOP('',(#2114,#2115,#2116,#2117));
#257=EDGE_LOOP('',(#2118,#2119,#2120,#2121));
#258=EDGE_LOOP('',(#2122,#2123,#2124,#2125));
#259=EDGE_LOOP('',(#2126,#2127,#2128,#2129));
#260=EDGE_LOOP('',(#2130,#2131,#2132,#2133));
#261=EDGE_LOOP('',(#2134,#2135,#2136,#2137));
#262=EDGE_LOOP('',(#2138,#2139,#2140,#2141));
#263=EDGE_LOOP('',(#2142,#2143,#2144,#2145));
#264=EDGE_LOOP('',(#2146,#2147,#2148,#2149));
#265=EDGE_LOOP('',(#2150,#2151,#2152,#2153));
#266=EDGE_LOOP('',(#2154,#2155,#2156,#2157));
#267=EDGE_LOOP('',(#2158,#2159,#2160,#2161));
#268=EDGE_LOOP('',(#2162,#2163,#2164,#2165));
#269=EDGE_LOOP('',(#2166,#2167,#2168,#2169));
#270=EDGE_LOOP('',(#2170,#2171,#2172,#2173));
#271=EDGE_LOOP('',(#2174,#2175,#2176,#2177));
#272=EDGE_LOOP('',(#2178,#2179,#2180,#2181));
#273=EDGE_LOOP('',(#2182,#2183,#2184,#2185));
#274=EDGE_LOOP('',(#2186,#2187,#2188,#2189));
#275=EDGE_LOOP('',(#2190,#2191,#2192,#2193));
#276=EDGE_LOOP('',(#2194,#2195,#2196,#2197));
#277=EDGE_LOOP('',(#2198,#2199,#2200,#2201));
#278=EDGE_LOOP('',(#2202,#2203,#2204,#2205));
#279=EDGE_LOOP('',(#2206,#2207,#2208,#2209));
#280=EDGE_LOOP('',(#2210,#2211,#2212,#2213));
#281=EDGE_LOOP('',(#2214,#2215,#2216,#2217));
#282=EDGE_LOOP('',(#2218,#2219,#2220,#2221));
#283=EDGE_LOOP('',(#2222,#2223,#2224,#2225));
#284=EDGE_LOOP('',(#2226,#2227,#2228,#2229));
#285=EDGE_LOOP('',(#2230,#2231,#2232,#2233));
#286=EDGE_LOOP('',(#2234,#2235,#2236,#2237));
#287=EDGE_LOOP('',(#2238,#2239,#2240,#2241));
#288=EDGE_LOOP('',(#2242,#2243,#2244,#2245));
#289=EDGE_LOOP('',(#2246,#2247,#2248,#2249));
#290=EDGE_LOOP('',(#2250,#2251,#2252,#2253));
#291=EDGE_LOOP('',(#2254,#2255,#2256,#2257));
#292=EDGE_LOOP('',(#2258,#2259,#2260,#2261));
#293=EDGE_LOOP('',(#2262,#2263,#2264,#2265));
#294=EDGE_LOOP('',(#2266,#2267,#2268,#2269));
#295=EDGE_LOOP('',(#2270,#2271,#2272,#2273));
#296=EDGE_LOOP('',(#2274,#2275,#2276,#2277));
#297=EDGE_LOOP('',(#2278,#2279,#2280,#2281));
#298=EDGE_LOOP('',(#2282,#2283,#2284,#2285));
#299=EDGE_LOOP('',(#2286,#2287,#2288,#2289));
#300=EDGE_LOOP('',(#2290,#2291,#2292,#2293));
#301=EDGE_LOOP('',(#2294,#2295,#2296,#2297));
#302=EDGE_LOOP('',(#2298,#2299,#2300,#2301));
#303=EDGE_LOOP('',(#2302,#2303,#2304,#2305));
#304=EDGE_LOOP('',(#2306,#2307,#2308,#2309));
#305=EDGE_LOOP('',(#2310,#2311,#2312,#2313));
#306=EDGE_LOOP('',(#2314,#2315,#2316,#2317));
#307=EDGE_LOOP('',(#2318,#2319,#2320,#2321));
#308=EDGE_LOOP('',(#2322,#2323,#2324,#2325,#2326,#2327,#2328,#2329));
#309=EDGE_LOOP('',(#2330,#2331,#2332,#2333));
#310=EDGE_LOOP('',(#2334,#2335,#2336,#2337));
#311=EDGE_LOOP('',(#2338,#2339,#2340,#2341));
#312=EDGE_LOOP('',(#2342,#2343,#2344,#2345));
#313=EDGE_LOOP('',(#2346,#2347,#2348,#2349));
#314=EDGE_LOOP('',(#2350,#2351,#2352,#2353,#2354,#2355,#2356,#2357));
#315=EDGE_LOOP('',(#2358,#2359,#2360,#2361));
#316=EDGE_LOOP('',(#2362,#2363,#2364,#2365));
#317=EDGE_LOOP('',(#2366,#2367,#2368,#2369));
#318=EDGE_LOOP('',(#2370,#2371,#2372,#2373));
#319=EDGE_LOOP('',(#2374,#2375,#2376,#2377));
#320=EDGE_LOOP('',(#2378,#2379,#2380,#2381,#2382,#2383,#2384,#2385));
#321=EDGE_LOOP('',(#2386,#2387,#2388,#2389));
#322=EDGE_LOOP('',(#2390,#2391,#2392,#2393));
#323=EDGE_LOOP('',(#2394,#2395,#2396,#2397));
#324=EDGE_LOOP('',(#2398,#2399,#2400,#2401));
#325=EDGE_LOOP('',(#2402,#2403,#2404,#2405));
#326=EDGE_LOOP('',(#2406,#2407,#2408,#2409,#2410,#2411,#2412,#2413));
#327=EDGE_LOOP('',(#2414,#2415,#2416,#2417));
#328=EDGE_LOOP('',(#2418,#2419,#2420,#2421));
#329=EDGE_LOOP('',(#2422,#2423,#2424,#2425));
#330=EDGE_LOOP('',(#2426,#2427,#2428,#2429));
#331=EDGE_LOOP('',(#2430,#2431,#2432,#2433));
#332=EDGE_LOOP('',(#2434,#2435,#2436,#2437));
#333=EDGE_LOOP('',(#2438,#2439,#2440,#2441));
#334=EDGE_LOOP('',(#2442,#2443,#2444,#2445));
#335=EDGE_LOOP('',(#2446,#2447,#2448,#2449));
#336=EDGE_LOOP('',(#2450,#2451,#2452,#2453));
#337=EDGE_LOOP('',(#2454,#2455,#2456,#2457));
#338=EDGE_LOOP('',(#2458,#2459,#2460,#2461));
#339=EDGE_LOOP('',(#2462,#2463,#2464,#2465));
#340=EDGE_LOOP('',(#2466,#2467,#2468,#2469));
#341=EDGE_LOOP('',(#2470,#2471,#2472,#2473));
#342=EDGE_LOOP('',(#2474,#2475,#2476,#2477));
#343=EDGE_LOOP('',(#2478,#2479,#2480,#2481));
#344=EDGE_LOOP('',(#2482,#2483,#2484,#2485));
#345=EDGE_LOOP('',(#2486,#2487,#2488,#2489));
#346=EDGE_LOOP('',(#2490,#2491,#2492,#2493));
#347=EDGE_LOOP('',(#2494,#2495,#2496,#2497));
#348=EDGE_LOOP('',(#2498,#2499,#2500,#2501));
#349=EDGE_LOOP('',(#2502,#2503,#2504,#2505));
#350=EDGE_LOOP('',(#2506,#2507,#2508,#2509));
#351=EDGE_LOOP('',(#2510,#2511,#2512,#2513));
#352=EDGE_LOOP('',(#2514,#2515,#2516,#2517));
#353=EDGE_LOOP('',(#2518,#2519,#2520,#2521));
#354=EDGE_LOOP('',(#2522,#2523,#2524,#2525));
#355=EDGE_LOOP('',(#2526,#2527,#2528,#2529));
#356=EDGE_LOOP('',(#2530,#2531,#2532,#2533));
#357=EDGE_LOOP('',(#2534,#2535,#2536,#2537));
#358=EDGE_LOOP('',(#2538,#2539,#2540,#2541));
#359=EDGE_LOOP('',(#2542,#2543,#2544,#2545));
#360=EDGE_LOOP('',(#2546,#2547,#2548,#2549));
#361=EDGE_LOOP('',(#2550,#2551,#2552,#2553));
#362=EDGE_LOOP('',(#2554,#2555,#2556,#2557));
#363=EDGE_LOOP('',(#2558,#2559,#2560,#2561));
#364=EDGE_LOOP('',(#2562,#2563,#2564,#2565));
#365=EDGE_LOOP('',(#2566,#2567,#2568,#2569));
#366=EDGE_LOOP('',(#2570,#2571,#2572,#2573));
#367=EDGE_LOOP('',(#2574,#2575,#2576,#2577));
#368=EDGE_LOOP('',(#2578,#2579,#2580,#2581));
#369=EDGE_LOOP('',(#2582,#2583,#2584,#2585));
#370=EDGE_LOOP('',(#2586,#2587,#2588,#2589));
#371=EDGE_LOOP('',(#2590,#2591,#2592,#2593));
#372=EDGE_LOOP('',(#2594,#2595,#2596,#2597));
#373=EDGE_LOOP('',(#2598,#2599,#2600,#2601));
#374=EDGE_LOOP('',(#2602,#2603,#2604,#2605));
#375=EDGE_LOOP('',(#2606,#2607,#2608,#2609));
#376=EDGE_LOOP('',(#2610,#2611,#2612,#2613));
#377=EDGE_LOOP('',(#2614,#2615,#2616,#2617));
#378=EDGE_LOOP('',(#2618,#2619,#2620,#2621));
#379=EDGE_LOOP('',(#2622,#2623,#2624,#2625));
#380=EDGE_LOOP('',(#2626,#2627,#2628,#2629));
#381=EDGE_LOOP('',(#2630,#2631,#2632,#2633));
#382=EDGE_LOOP('',(#2634,#2635,#2636,#2637));
#383=EDGE_LOOP('',(#2638,#2639,#2640,#2641));
#384=EDGE_LOOP('',(#2642,#2643,#2644,#2645));
#385=EDGE_LOOP('',(#2646,#2647,#2648,#2649));
#386=EDGE_LOOP('',(#2650,#2651,#2652,#2653));
#387=EDGE_LOOP('',(#2654,#2655,#2656,#2657));
#388=EDGE_LOOP('',(#2658,#2659,#2660,#2661));
#389=EDGE_LOOP('',(#2662,#2663,#2664,#2665));
#390=EDGE_LOOP('',(#2666,#2667,#2668,#2669));
#391=EDGE_LOOP('',(#2670,#2671,#2672,#2673));
#392=EDGE_LOOP('',(#2674,#2675,#2676,#2677));
#393=EDGE_LOOP('',(#2678,#2679,#2680,#2681));
#394=EDGE_LOOP('',(#2682,#2683,#2684,#2685));
#395=EDGE_LOOP('',(#2686,#2687,#2688,#2689));
#396=EDGE_LOOP('',(#2690,#2691,#2692,#2693));
#397=EDGE_LOOP('',(#2694,#2695,#2696,#2697));
#398=EDGE_LOOP('',(#2698,#2699,#2700,#2701));
#399=EDGE_LOOP('',(#2702,#2703,#2704,#2705));
#400=EDGE_LOOP('',(#2706,#2707,#2708,#2709));
#401=EDGE_LOOP('',(#2710,#2711,#2712,#2713));
#402=EDGE_LOOP('',(#2714,#2715,#2716,#2717));
#403=EDGE_LOOP('',(#2718,#2719,#2720,#2721));
#404=EDGE_LOOP('',(#2722,#2723,#2724,#2725));
#405=EDGE_LOOP('',(#2726,#2727,#2728,#2729));
#406=EDGE_LOOP('',(#2730,#2731,#2732,#2733));
#407=EDGE_LOOP('',(#2734,#2735,#2736,#2737));
#408=EDGE_LOOP('',(#2738,#2739,#2740,#2741));
#409=EDGE_LOOP('',(#2742,#2743,#2744,#2745));
#410=EDGE_LOOP('',(#2746,#2747,#2748,#2749));
#411=EDGE_LOOP('',(#2750,#2751,#2752,#2753));
#412=EDGE_LOOP('',(#2754,#2755,#2756,#2757));
#413=EDGE_LOOP('',(#2758,#2759,#2760,#2761));
#414=EDGE_LOOP('',(#2762,#2763,#2764,#2765));
#415=EDGE_LOOP('',(#2766,#2767,#2768,#2769));
#416=EDGE_LOOP('',(#2770,#2771,#2772,#2773));
#417=EDGE_LOOP('',(#2774,#2775,#2776,#2777));
#418=EDGE_LOOP('',(#2778,#2779,#2780,#2781));
#419=EDGE_LOOP('',(#2782,#2783,#2784,#2785));
#420=EDGE_LOOP('',(#2786,#2787,#2788,#2789));
#421=EDGE_LOOP('',(#2790,#2791,#2792,#2793));
#422=EDGE_LOOP('',(#2794,#2795,#2796,#2797,#2798,#2799,#2800,#2801));
#423=EDGE_LOOP('',(#2802,#2803,#2804,#2805,#2806,#2807,#2808,#2809));
#424=EDGE_LOOP('',(#2810,#2811,#2812,#2813,#2814,#2815,#2816,#2817));
#425=EDGE_LOOP('',(#2818,#2819,#2820,#2821,#2822,#2823,#2824,#2825));
#426=EDGE_LOOP('',(#2826,#2827,#2828,#2829));
#427=EDGE_LOOP('',(#2830,#2831,#2832,#2833));
#428=EDGE_LOOP('',(#2834,#2835,#2836,#2837));
#429=EDGE_LOOP('',(#2838,#2839,#2840,#2841));
#430=EDGE_LOOP('',(#2842,#2843,#2844,#2845));
#431=EDGE_LOOP('',(#2846,#2847,#2848,#2849));
#432=EDGE_LOOP('',(#2850,#2851,#2852,#2853));
#433=EDGE_LOOP('',(#2854,#2855,#2856,#2857));
#434=EDGE_LOOP('',(#2858,#2859,#2860,#2861,#2862,#2863,#2864,#2865));
#435=EDGE_LOOP('',(#2866,#2867,#2868,#2869,#2870,#2871,#2872,#2873));
#436=EDGE_LOOP('',(#2874,#2875,#2876,#2877));
#437=EDGE_LOOP('',(#2878,#2879,#2880,#2881));
#438=EDGE_LOOP('',(#2882,#2883,#2884,#2885));
#439=EDGE_LOOP('',(#2886,#2887,#2888,#2889));
#440=EDGE_LOOP('',(#2890,#2891,#2892,#2893));
#441=EDGE_LOOP('',(#2894,#2895,#2896,#2897));
#442=EDGE_LOOP('',(#2898,#2899,#2900,#2901,#2902,#2903));
#443=EDGE_LOOP('',(#2904,#2905,#2906,#2907,#2908,#2909));
#444=LINE('',#4438,#874);
#445=LINE('',#4440,#875);
#446=LINE('',#4442,#876);
#447=LINE('',#4443,#877);
#448=LINE('',#4446,#878);
#449=LINE('',#4448,#879);
#450=LINE('',#4449,#880);
#451=LINE('',#4452,#881);
#452=LINE('',#4454,#882);
#453=LINE('',#4455,#883);
#454=LINE('',#4457,#884);
#455=LINE('',#4458,#885);
#456=LINE('',#4463,#886);
#457=LINE('',#4465,#887);
#458=LINE('',#4467,#888);
#459=LINE('',#4468,#889);
#460=LINE('',#4471,#890);
#461=LINE('',#4473,#891);
#462=LINE('',#4474,#892);
#463=LINE('',#4477,#893);
#464=LINE('',#4479,#894);
#465=LINE('',#4480,#895);
#466=LINE('',#4482,#896);
#467=LINE('',#4483,#897);
#468=LINE('',#4488,#898);
#469=LINE('',#4490,#899);
#470=LINE('',#4492,#900);
#471=LINE('',#4493,#901);
#472=LINE('',#4496,#902);
#473=LINE('',#4498,#903);
#474=LINE('',#4499,#904);
#475=LINE('',#4502,#905);
#476=LINE('',#4504,#906);
#477=LINE('',#4505,#907);
#478=LINE('',#4507,#908);
#479=LINE('',#4508,#909);
#480=LINE('',#4513,#910);
#481=LINE('',#4515,#911);
#482=LINE('',#4517,#912);
#483=LINE('',#4518,#913);
#484=LINE('',#4521,#914);
#485=LINE('',#4523,#915);
#486=LINE('',#4524,#916);
#487=LINE('',#4527,#917);
#488=LINE('',#4529,#918);
#489=LINE('',#4530,#919);
#490=LINE('',#4532,#920);
#491=LINE('',#4533,#921);
#492=LINE('',#4538,#922);
#493=LINE('',#4540,#923);
#494=LINE('',#4542,#924);
#495=LINE('',#4543,#925);
#496=LINE('',#4546,#926);
#497=LINE('',#4548,#927);
#498=LINE('',#4549,#928);
#499=LINE('',#4552,#929);
#500=LINE('',#4554,#930);
#501=LINE('',#4555,#931);
#502=LINE('',#4557,#932);
#503=LINE('',#4558,#933);
#504=LINE('',#4563,#934);
#505=LINE('',#4565,#935);
#506=LINE('',#4567,#936);
#507=LINE('',#4568,#937);
#508=LINE('',#4571,#938);
#509=LINE('',#4573,#939);
#510=LINE('',#4574,#940);
#511=LINE('',#4577,#941);
#512=LINE('',#4579,#942);
#513=LINE('',#4580,#943);
#514=LINE('',#4582,#944);
#515=LINE('',#4583,#945);
#516=LINE('',#4588,#946);
#517=LINE('',#4590,#947);
#518=LINE('',#4592,#948);
#519=LINE('',#4593,#949);
#520=LINE('',#4596,#950);
#521=LINE('',#4598,#951);
#522=LINE('',#4599,#952);
#523=LINE('',#4602,#953);
#524=LINE('',#4604,#954);
#525=LINE('',#4605,#955);
#526=LINE('',#4607,#956);
#527=LINE('',#4608,#957);
#528=LINE('',#4613,#958);
#529=LINE('',#4615,#959);
#530=LINE('',#4617,#960);
#531=LINE('',#4618,#961);
#532=LINE('',#4621,#962);
#533=LINE('',#4623,#963);
#534=LINE('',#4624,#964);
#535=LINE('',#4627,#965);
#536=LINE('',#4629,#966);
#537=LINE('',#4630,#967);
#538=LINE('',#4632,#968);
#539=LINE('',#4633,#969);
#540=LINE('',#4638,#970);
#541=LINE('',#4640,#971);
#542=LINE('',#4642,#972);
#543=LINE('',#4643,#973);
#544=LINE('',#4646,#974);
#545=LINE('',#4648,#975);
#546=LINE('',#4649,#976);
#547=LINE('',#4652,#977);
#548=LINE('',#4654,#978);
#549=LINE('',#4655,#979);
#550=LINE('',#4657,#980);
#551=LINE('',#4658,#981);
#552=LINE('',#4663,#982);
#553=LINE('',#4665,#983);
#554=LINE('',#4667,#984);
#555=LINE('',#4668,#985);
#556=LINE('',#4671,#986);
#557=LINE('',#4673,#987);
#558=LINE('',#4674,#988);
#559=LINE('',#4677,#989);
#560=LINE('',#4679,#990);
#561=LINE('',#4680,#991);
#562=LINE('',#4682,#992);
#563=LINE('',#4683,#993);
#564=LINE('',#4688,#994);
#565=LINE('',#4690,#995);
#566=LINE('',#4692,#996);
#567=LINE('',#4693,#997);
#568=LINE('',#4696,#998);
#569=LINE('',#4698,#999);
#570=LINE('',#4699,#1000);
#571=LINE('',#4702,#1001);
#572=LINE('',#4704,#1002);
#573=LINE('',#4705,#1003);
#574=LINE('',#4707,#1004);
#575=LINE('',#4708,#1005);
#576=LINE('',#4713,#1006);
#577=LINE('',#4715,#1007);
#578=LINE('',#4717,#1008);
#579=LINE('',#4718,#1009);
#580=LINE('',#4721,#1010);
#581=LINE('',#4723,#1011);
#582=LINE('',#4724,#1012);
#583=LINE('',#4727,#1013);
#584=LINE('',#4729,#1014);
#585=LINE('',#4730,#1015);
#586=LINE('',#4732,#1016);
#587=LINE('',#4733,#1017);
#588=LINE('',#4738,#1018);
#589=LINE('',#4740,#1019);
#590=LINE('',#4742,#1020);
#591=LINE('',#4743,#1021);
#592=LINE('',#4746,#1022);
#593=LINE('',#4748,#1023);
#594=LINE('',#4749,#1024);
#595=LINE('',#4752,#1025);
#596=LINE('',#4754,#1026);
#597=LINE('',#4755,#1027);
#598=LINE('',#4757,#1028);
#599=LINE('',#4758,#1029);
#600=LINE('',#4763,#1030);
#601=LINE('',#4765,#1031);
#602=LINE('',#4767,#1032);
#603=LINE('',#4768,#1033);
#604=LINE('',#4771,#1034);
#605=LINE('',#4773,#1035);
#606=LINE('',#4774,#1036);
#607=LINE('',#4777,#1037);
#608=LINE('',#4779,#1038);
#609=LINE('',#4780,#1039);
#610=LINE('',#4782,#1040);
#611=LINE('',#4783,#1041);
#612=LINE('',#4788,#1042);
#613=LINE('',#4790,#1043);
#614=LINE('',#4792,#1044);
#615=LINE('',#4793,#1045);
#616=LINE('',#4796,#1046);
#617=LINE('',#4798,#1047);
#618=LINE('',#4799,#1048);
#619=LINE('',#4802,#1049);
#620=LINE('',#4804,#1050);
#621=LINE('',#4806,#1051);
#622=LINE('',#4808,#1052);
#623=LINE('',#4810,#1053);
#624=LINE('',#4811,#1054);
#625=LINE('',#4814,#1055);
#626=LINE('',#4816,#1056);
#627=LINE('',#4818,#1057);
#628=LINE('',#4819,#1058);
#629=LINE('',#4822,#1059);
#630=LINE('',#4823,#1060);
#631=LINE('',#4826,#1061);
#632=LINE('',#4827,#1062);
#633=LINE('',#4831,#1063);
#634=LINE('',#4833,#1064);
#635=LINE('',#4835,#1065);
#636=LINE('',#4836,#1066);
#637=LINE('',#4839,#1067);
#638=LINE('',#4841,#1068);
#639=LINE('',#4842,#1069);
#640=LINE('',#4845,#1070);
#641=LINE('',#4847,#1071);
#642=LINE('',#4849,#1072);
#643=LINE('',#4851,#1073);
#644=LINE('',#4853,#1074);
#645=LINE('',#4854,#1075);
#646=LINE('',#4857,#1076);
#647=LINE('',#4859,#1077);
#648=LINE('',#4861,#1078);
#649=LINE('',#4862,#1079);
#650=LINE('',#4865,#1080);
#651=LINE('',#4866,#1081);
#652=LINE('',#4869,#1082);
#653=LINE('',#4870,#1083);
#654=LINE('',#4874,#1084);
#655=LINE('',#4876,#1085);
#656=LINE('',#4878,#1086);
#657=LINE('',#4879,#1087);
#658=LINE('',#4882,#1088);
#659=LINE('',#4884,#1089);
#660=LINE('',#4885,#1090);
#661=LINE('',#4888,#1091);
#662=LINE('',#4890,#1092);
#663=LINE('',#4892,#1093);
#664=LINE('',#4894,#1094);
#665=LINE('',#4896,#1095);
#666=LINE('',#4897,#1096);
#667=LINE('',#4900,#1097);
#668=LINE('',#4902,#1098);
#669=LINE('',#4904,#1099);
#670=LINE('',#4905,#1100);
#671=LINE('',#4908,#1101);
#672=LINE('',#4909,#1102);
#673=LINE('',#4912,#1103);
#674=LINE('',#4913,#1104);
#675=LINE('',#4917,#1105);
#676=LINE('',#4919,#1106);
#677=LINE('',#4921,#1107);
#678=LINE('',#4922,#1108);
#679=LINE('',#4925,#1109);
#680=LINE('',#4927,#1110);
#681=LINE('',#4928,#1111);
#682=LINE('',#4931,#1112);
#683=LINE('',#4933,#1113);
#684=LINE('',#4935,#1114);
#685=LINE('',#4937,#1115);
#686=LINE('',#4939,#1116);
#687=LINE('',#4940,#1117);
#688=LINE('',#4943,#1118);
#689=LINE('',#4945,#1119);
#690=LINE('',#4947,#1120);
#691=LINE('',#4948,#1121);
#692=LINE('',#4951,#1122);
#693=LINE('',#4952,#1123);
#694=LINE('',#4955,#1124);
#695=LINE('',#4956,#1125);
#696=LINE('',#4959,#1126);
#697=LINE('',#4960,#1127);
#698=LINE('',#4963,#1128);
#699=LINE('',#4964,#1129);
#700=LINE('',#4967,#1130);
#701=LINE('',#4968,#1131);
#702=LINE('',#4971,#1132);
#703=LINE('',#4972,#1133);
#704=LINE('',#4975,#1134);
#705=LINE('',#4976,#1135);
#706=LINE('',#4979,#1136);
#707=LINE('',#4980,#1137);
#708=LINE('',#4983,#1138);
#709=LINE('',#4984,#1139);
#710=LINE('',#4987,#1140);
#711=LINE('',#4988,#1141);
#712=LINE('',#4991,#1142);
#713=LINE('',#4992,#1143);
#714=LINE('',#4995,#1144);
#715=LINE('',#4996,#1145);
#716=LINE('',#4999,#1146);
#717=LINE('',#5000,#1147);
#718=LINE('',#5003,#1148);
#719=LINE('',#5004,#1149);
#720=LINE('',#5008,#1150);
#721=LINE('',#5010,#1151);
#722=LINE('',#5012,#1152);
#723=LINE('',#5013,#1153);
#724=LINE('',#5016,#1154);
#725=LINE('',#5018,#1155);
#726=LINE('',#5019,#1156);
#727=LINE('',#5022,#1157);
#728=LINE('',#5024,#1158);
#729=LINE('',#5025,#1159);
#730=LINE('',#5027,#1160);
#731=LINE('',#5028,#1161);
#732=LINE('',#5033,#1162);
#733=LINE('',#5035,#1163);
#734=LINE('',#5037,#1164);
#735=LINE('',#5038,#1165);
#736=LINE('',#5041,#1166);
#737=LINE('',#5043,#1167);
#738=LINE('',#5044,#1168);
#739=LINE('',#5047,#1169);
#740=LINE('',#5049,#1170);
#741=LINE('',#5050,#1171);
#742=LINE('',#5052,#1172);
#743=LINE('',#5053,#1173);
#744=LINE('',#5058,#1174);
#745=LINE('',#5060,#1175);
#746=LINE('',#5062,#1176);
#747=LINE('',#5063,#1177);
#748=LINE('',#5066,#1178);
#749=LINE('',#5068,#1179);
#750=LINE('',#5069,#1180);
#751=LINE('',#5072,#1181);
#752=LINE('',#5074,#1182);
#753=LINE('',#5075,#1183);
#754=LINE('',#5077,#1184);
#755=LINE('',#5078,#1185);
#756=LINE('',#5083,#1186);
#757=LINE('',#5085,#1187);
#758=LINE('',#5087,#1188);
#759=LINE('',#5088,#1189);
#760=LINE('',#5091,#1190);
#761=LINE('',#5093,#1191);
#762=LINE('',#5094,#1192);
#763=LINE('',#5097,#1193);
#764=LINE('',#5099,#1194);
#765=LINE('',#5100,#1195);
#766=LINE('',#5102,#1196);
#767=LINE('',#5103,#1197);
#768=LINE('',#5108,#1198);
#769=LINE('',#5110,#1199);
#770=LINE('',#5112,#1200);
#771=LINE('',#5113,#1201);
#772=LINE('',#5116,#1202);
#773=LINE('',#5118,#1203);
#774=LINE('',#5119,#1204);
#775=LINE('',#5122,#1205);
#776=LINE('',#5124,#1206);
#777=LINE('',#5125,#1207);
#778=LINE('',#5127,#1208);
#779=LINE('',#5128,#1209);
#780=LINE('',#5133,#1210);
#781=LINE('',#5135,#1211);
#782=LINE('',#5137,#1212);
#783=LINE('',#5138,#1213);
#784=LINE('',#5141,#1214);
#785=LINE('',#5143,#1215);
#786=LINE('',#5144,#1216);
#787=LINE('',#5147,#1217);
#788=LINE('',#5149,#1218);
#789=LINE('',#5150,#1219);
#790=LINE('',#5152,#1220);
#791=LINE('',#5153,#1221);
#792=LINE('',#5157,#1222);
#793=LINE('',#5159,#1223);
#794=LINE('',#5160,#1224);
#795=LINE('',#5163,#1225);
#796=LINE('',#5164,#1226);
#797=LINE('',#5167,#1227);
#798=LINE('',#5168,#1228);
#799=LINE('',#5170,#1229);
#800=LINE('',#5174,#1230);
#801=LINE('',#5176,#1231);
#802=LINE('',#5177,#1232);
#803=LINE('',#5180,#1233);
#804=LINE('',#5181,#1234);
#805=LINE('',#5184,#1235);
#806=LINE('',#5185,#1236);
#807=LINE('',#5187,#1237);
#808=LINE('',#5191,#1238);
#809=LINE('',#5193,#1239);
#810=LINE('',#5194,#1240);
#811=LINE('',#5197,#1241);
#812=LINE('',#5198,#1242);
#813=LINE('',#5201,#1243);
#814=LINE('',#5202,#1244);
#815=LINE('',#5204,#1245);
#816=LINE('',#5208,#1246);
#817=LINE('',#5210,#1247);
#818=LINE('',#5211,#1248);
#819=LINE('',#5214,#1249);
#820=LINE('',#5215,#1250);
#821=LINE('',#5218,#1251);
#822=LINE('',#5219,#1252);
#823=LINE('',#5221,#1253);
#824=LINE('',#5224,#1254);
#825=LINE('',#5226,#1255);
#826=LINE('',#5228,#1256);
#827=LINE('',#5230,#1257);
#828=LINE('',#5234,#1258);
#829=LINE('',#5236,#1259);
#830=LINE('',#5238,#1260);
#831=LINE('',#5239,#1261);
#832=LINE('',#5242,#1262);
#833=LINE('',#5244,#1263);
#834=LINE('',#5245,#1264);
#835=LINE('',#5248,#1265);
#836=LINE('',#5249,#1266);
#837=LINE('',#5252,#1267);
#838=LINE('',#5253,#1268);
#839=LINE('',#5255,#1269);
#840=LINE('',#5260,#1270);
#841=LINE('',#5262,#1271);
#842=LINE('',#5264,#1272);
#843=LINE('',#5265,#1273);
#844=LINE('',#5268,#1274);
#845=LINE('',#5270,#1275);
#846=LINE('',#5271,#1276);
#847=LINE('',#5274,#1277);
#848=LINE('',#5276,#1278);
#849=LINE('',#5277,#1279);
#850=LINE('',#5283,#1280);
#851=LINE('',#5286,#1281);
#852=LINE('',#5288,#1282);
#853=LINE('',#5289,#1283);
#854=LINE('',#5295,#1284);
#855=LINE('',#5298,#1285);
#856=LINE('',#5300,#1286);
#857=LINE('',#5301,#1287);
#858=LINE('',#5303,#1288);
#859=LINE('',#5304,#1289);
#860=LINE('',#5312,#1290);
#861=LINE('',#5315,#1291);
#862=LINE('',#5318,#1292);
#863=LINE('',#5320,#1293);
#864=LINE('',#5321,#1294);
#865=LINE('',#5324,#1295);
#866=LINE('',#5326,#1296);
#867=LINE('',#5327,#1297);
#868=LINE('',#5330,#1298);
#869=LINE('',#5332,#1299);
#870=LINE('',#5333,#1300);
#871=LINE('',#5339,#1301);
#872=LINE('',#5341,#1302);
#873=LINE('',#5342,#1303);
#874=VECTOR('',#3630,10.);
#875=VECTOR('',#3631,10.);
#876=VECTOR('',#3632,10.);
#877=VECTOR('',#3633,10.);
#878=VECTOR('',#3636,10.);
#879=VECTOR('',#3637,10.);
#880=VECTOR('',#3638,10.);
#881=VECTOR('',#3641,10.);
#882=VECTOR('',#3642,10.);
#883=VECTOR('',#3643,10.);
#884=VECTOR('',#3646,10.);
#885=VECTOR('',#3647,10.);
#886=VECTOR('',#3652,10.);
#887=VECTOR('',#3653,10.);
#888=VECTOR('',#3654,10.);
#889=VECTOR('',#3655,10.);
#890=VECTOR('',#3658,10.);
#891=VECTOR('',#3659,10.);
#892=VECTOR('',#3660,10.);
#893=VECTOR('',#3663,10.);
#894=VECTOR('',#3664,10.);
#895=VECTOR('',#3665,10.);
#896=VECTOR('',#3668,10.);
#897=VECTOR('',#3669,10.);
#898=VECTOR('',#3674,10.);
#899=VECTOR('',#3675,10.);
#900=VECTOR('',#3676,10.);
#901=VECTOR('',#3677,10.);
#902=VECTOR('',#3680,10.);
#903=VECTOR('',#3681,10.);
#904=VECTOR('',#3682,10.);
#905=VECTOR('',#3685,10.);
#906=VECTOR('',#3686,10.);
#907=VECTOR('',#3687,10.);
#908=VECTOR('',#3690,10.);
#909=VECTOR('',#3691,10.);
#910=VECTOR('',#3696,10.);
#911=VECTOR('',#3697,10.);
#912=VECTOR('',#3698,10.);
#913=VECTOR('',#3699,10.);
#914=VECTOR('',#3702,10.);
#915=VECTOR('',#3703,10.);
#916=VECTOR('',#3704,10.);
#917=VECTOR('',#3707,10.);
#918=VECTOR('',#3708,10.);
#919=VECTOR('',#3709,10.);
#920=VECTOR('',#3712,10.);
#921=VECTOR('',#3713,10.);
#922=VECTOR('',#3718,10.);
#923=VECTOR('',#3719,10.);
#924=VECTOR('',#3720,10.);
#925=VECTOR('',#3721,10.);
#926=VECTOR('',#3724,10.);
#927=VECTOR('',#3725,10.);
#928=VECTOR('',#3726,10.);
#929=VECTOR('',#3729,10.);
#930=VECTOR('',#3730,10.);
#931=VECTOR('',#3731,10.);
#932=VECTOR('',#3734,10.);
#933=VECTOR('',#3735,10.);
#934=VECTOR('',#3740,10.);
#935=VECTOR('',#3741,10.);
#936=VECTOR('',#3742,10.);
#937=VECTOR('',#3743,10.);
#938=VECTOR('',#3746,10.);
#939=VECTOR('',#3747,10.);
#940=VECTOR('',#3748,10.);
#941=VECTOR('',#3751,10.);
#942=VECTOR('',#3752,10.);
#943=VECTOR('',#3753,10.);
#944=VECTOR('',#3756,10.);
#945=VECTOR('',#3757,10.);
#946=VECTOR('',#3762,10.);
#947=VECTOR('',#3763,10.);
#948=VECTOR('',#3764,10.);
#949=VECTOR('',#3765,10.);
#950=VECTOR('',#3768,10.);
#951=VECTOR('',#3769,10.);
#952=VECTOR('',#3770,10.);
#953=VECTOR('',#3773,10.);
#954=VECTOR('',#3774,10.);
#955=VECTOR('',#3775,10.);
#956=VECTOR('',#3778,10.);
#957=VECTOR('',#3779,10.);
#958=VECTOR('',#3784,10.);
#959=VECTOR('',#3785,10.);
#960=VECTOR('',#3786,10.);
#961=VECTOR('',#3787,10.);
#962=VECTOR('',#3790,10.);
#963=VECTOR('',#3791,10.);
#964=VECTOR('',#3792,10.);
#965=VECTOR('',#3795,10.);
#966=VECTOR('',#3796,10.);
#967=VECTOR('',#3797,10.);
#968=VECTOR('',#3800,10.);
#969=VECTOR('',#3801,10.);
#970=VECTOR('',#3806,10.);
#971=VECTOR('',#3807,10.);
#972=VECTOR('',#3808,10.);
#973=VECTOR('',#3809,10.);
#974=VECTOR('',#3812,10.);
#975=VECTOR('',#3813,10.);
#976=VECTOR('',#3814,10.);
#977=VECTOR('',#3817,10.);
#978=VECTOR('',#3818,10.);
#979=VECTOR('',#3819,10.);
#980=VECTOR('',#3822,10.);
#981=VECTOR('',#3823,10.);
#982=VECTOR('',#3828,10.);
#983=VECTOR('',#3829,10.);
#984=VECTOR('',#3830,10.);
#985=VECTOR('',#3831,10.);
#986=VECTOR('',#3834,10.);
#987=VECTOR('',#3835,10.);
#988=VECTOR('',#3836,10.);
#989=VECTOR('',#3839,10.);
#990=VECTOR('',#3840,10.);
#991=VECTOR('',#3841,10.);
#992=VECTOR('',#3844,10.);
#993=VECTOR('',#3845,10.);
#994=VECTOR('',#3850,10.);
#995=VECTOR('',#3851,10.);
#996=VECTOR('',#3852,10.);
#997=VECTOR('',#3853,10.);
#998=VECTOR('',#3856,10.);
#999=VECTOR('',#3857,10.);
#1000=VECTOR('',#3858,10.);
#1001=VECTOR('',#3861,10.);
#1002=VECTOR('',#3862,10.);
#1003=VECTOR('',#3863,10.);
#1004=VECTOR('',#3866,10.);
#1005=VECTOR('',#3867,10.);
#1006=VECTOR('',#3872,10.);
#1007=VECTOR('',#3873,10.);
#1008=VECTOR('',#3874,10.);
#1009=VECTOR('',#3875,10.);
#1010=VECTOR('',#3878,10.);
#1011=VECTOR('',#3879,10.);
#1012=VECTOR('',#3880,10.);
#1013=VECTOR('',#3883,10.);
#1014=VECTOR('',#3884,10.);
#1015=VECTOR('',#3885,10.);
#1016=VECTOR('',#3888,10.);
#1017=VECTOR('',#3889,10.);
#1018=VECTOR('',#3894,10.);
#1019=VECTOR('',#3895,10.);
#1020=VECTOR('',#3896,10.);
#1021=VECTOR('',#3897,10.);
#1022=VECTOR('',#3900,10.);
#1023=VECTOR('',#3901,10.);
#1024=VECTOR('',#3902,10.);
#1025=VECTOR('',#3905,10.);
#1026=VECTOR('',#3906,10.);
#1027=VECTOR('',#3907,10.);
#1028=VECTOR('',#3910,10.);
#1029=VECTOR('',#3911,10.);
#1030=VECTOR('',#3916,10.);
#1031=VECTOR('',#3917,10.);
#1032=VECTOR('',#3918,10.);
#1033=VECTOR('',#3919,10.);
#1034=VECTOR('',#3922,10.);
#1035=VECTOR('',#3923,10.);
#1036=VECTOR('',#3924,10.);
#1037=VECTOR('',#3927,10.);
#1038=VECTOR('',#3928,10.);
#1039=VECTOR('',#3929,10.);
#1040=VECTOR('',#3932,10.);
#1041=VECTOR('',#3933,10.);
#1042=VECTOR('',#3938,10.);
#1043=VECTOR('',#3939,10.);
#1044=VECTOR('',#3940,10.);
#1045=VECTOR('',#3941,10.);
#1046=VECTOR('',#3944,10.);
#1047=VECTOR('',#3945,10.);
#1048=VECTOR('',#3946,10.);
#1049=VECTOR('',#3949,10.);
#1050=VECTOR('',#3950,10.);
#1051=VECTOR('',#3951,10.);
#1052=VECTOR('',#3952,10.);
#1053=VECTOR('',#3953,10.);
#1054=VECTOR('',#3954,10.);
#1055=VECTOR('',#3955,10.);
#1056=VECTOR('',#3956,10.);
#1057=VECTOR('',#3957,10.);
#1058=VECTOR('',#3958,10.);
#1059=VECTOR('',#3961,10.);
#1060=VECTOR('',#3962,10.);
#1061=VECTOR('',#3965,10.);
#1062=VECTOR('',#3966,10.);
#1063=VECTOR('',#3969,10.);
#1064=VECTOR('',#3970,10.);
#1065=VECTOR('',#3971,10.);
#1066=VECTOR('',#3972,10.);
#1067=VECTOR('',#3975,10.);
#1068=VECTOR('',#3976,10.);
#1069=VECTOR('',#3977,10.);
#1070=VECTOR('',#3980,10.);
#1071=VECTOR('',#3981,10.);
#1072=VECTOR('',#3982,10.);
#1073=VECTOR('',#3983,10.);
#1074=VECTOR('',#3984,10.);
#1075=VECTOR('',#3985,10.);
#1076=VECTOR('',#3986,10.);
#1077=VECTOR('',#3987,10.);
#1078=VECTOR('',#3988,10.);
#1079=VECTOR('',#3989,10.);
#1080=VECTOR('',#3992,10.);
#1081=VECTOR('',#3993,10.);
#1082=VECTOR('',#3996,10.);
#1083=VECTOR('',#3997,10.);
#1084=VECTOR('',#4000,10.);
#1085=VECTOR('',#4001,10.);
#1086=VECTOR('',#4002,10.);
#1087=VECTOR('',#4003,10.);
#1088=VECTOR('',#4006,10.);
#1089=VECTOR('',#4007,10.);
#1090=VECTOR('',#4008,10.);
#1091=VECTOR('',#4011,10.);
#1092=VECTOR('',#4012,10.);
#1093=VECTOR('',#4013,10.);
#1094=VECTOR('',#4014,10.);
#1095=VECTOR('',#4015,10.);
#1096=VECTOR('',#4016,10.);
#1097=VECTOR('',#4017,10.);
#1098=VECTOR('',#4018,10.);
#1099=VECTOR('',#4019,10.);
#1100=VECTOR('',#4020,10.);
#1101=VECTOR('',#4023,10.);
#1102=VECTOR('',#4024,10.);
#1103=VECTOR('',#4027,10.);
#1104=VECTOR('',#4028,10.);
#1105=VECTOR('',#4031,10.);
#1106=VECTOR('',#4032,10.);
#1107=VECTOR('',#4033,10.);
#1108=VECTOR('',#4034,10.);
#1109=VECTOR('',#4037,10.);
#1110=VECTOR('',#4038,10.);
#1111=VECTOR('',#4039,10.);
#1112=VECTOR('',#4042,10.);
#1113=VECTOR('',#4043,10.);
#1114=VECTOR('',#4044,10.);
#1115=VECTOR('',#4045,10.);
#1116=VECTOR('',#4046,10.);
#1117=VECTOR('',#4047,10.);
#1118=VECTOR('',#4048,10.);
#1119=VECTOR('',#4049,10.);
#1120=VECTOR('',#4050,10.);
#1121=VECTOR('',#4051,10.);
#1122=VECTOR('',#4054,10.);
#1123=VECTOR('',#4055,10.);
#1124=VECTOR('',#4058,10.);
#1125=VECTOR('',#4059,10.);
#1126=VECTOR('',#4062,10.);
#1127=VECTOR('',#4063,10.);
#1128=VECTOR('',#4066,10.);
#1129=VECTOR('',#4067,10.);
#1130=VECTOR('',#4070,10.);
#1131=VECTOR('',#4071,10.);
#1132=VECTOR('',#4074,10.);
#1133=VECTOR('',#4075,10.);
#1134=VECTOR('',#4078,10.);
#1135=VECTOR('',#4079,10.);
#1136=VECTOR('',#4082,10.);
#1137=VECTOR('',#4083,10.);
#1138=VECTOR('',#4086,10.);
#1139=VECTOR('',#4087,10.);
#1140=VECTOR('',#4090,10.);
#1141=VECTOR('',#4091,10.);
#1142=VECTOR('',#4094,10.);
#1143=VECTOR('',#4095,10.);
#1144=VECTOR('',#4098,10.);
#1145=VECTOR('',#4099,10.);
#1146=VECTOR('',#4102,10.);
#1147=VECTOR('',#4103,10.);
#1148=VECTOR('',#4106,10.);
#1149=VECTOR('',#4107,10.);
#1150=VECTOR('',#4110,10.);
#1151=VECTOR('',#4111,10.);
#1152=VECTOR('',#4112,10.);
#1153=VECTOR('',#4113,10.);
#1154=VECTOR('',#4116,10.);
#1155=VECTOR('',#4117,10.);
#1156=VECTOR('',#4118,10.);
#1157=VECTOR('',#4121,10.);
#1158=VECTOR('',#4122,10.);
#1159=VECTOR('',#4123,10.);
#1160=VECTOR('',#4126,10.);
#1161=VECTOR('',#4127,10.);
#1162=VECTOR('',#4132,10.);
#1163=VECTOR('',#4133,10.);
#1164=VECTOR('',#4134,10.);
#1165=VECTOR('',#4135,10.);
#1166=VECTOR('',#4138,10.);
#1167=VECTOR('',#4139,10.);
#1168=VECTOR('',#4140,10.);
#1169=VECTOR('',#4143,10.);
#1170=VECTOR('',#4144,10.);
#1171=VECTOR('',#4145,10.);
#1172=VECTOR('',#4148,10.);
#1173=VECTOR('',#4149,10.);
#1174=VECTOR('',#4154,10.);
#1175=VECTOR('',#4155,10.);
#1176=VECTOR('',#4156,10.);
#1177=VECTOR('',#4157,10.);
#1178=VECTOR('',#4160,10.);
#1179=VECTOR('',#4161,10.);
#1180=VECTOR('',#4162,10.);
#1181=VECTOR('',#4165,10.);
#1182=VECTOR('',#4166,10.);
#1183=VECTOR('',#4167,10.);
#1184=VECTOR('',#4170,10.);
#1185=VECTOR('',#4171,10.);
#1186=VECTOR('',#4176,10.);
#1187=VECTOR('',#4177,10.);
#1188=VECTOR('',#4178,10.);
#1189=VECTOR('',#4179,10.);
#1190=VECTOR('',#4182,10.);
#1191=VECTOR('',#4183,10.);
#1192=VECTOR('',#4184,10.);
#1193=VECTOR('',#4187,10.);
#1194=VECTOR('',#4188,10.);
#1195=VECTOR('',#4189,10.);
#1196=VECTOR('',#4192,10.);
#1197=VECTOR('',#4193,10.);
#1198=VECTOR('',#4198,10.);
#1199=VECTOR('',#4199,10.);
#1200=VECTOR('',#4200,10.);
#1201=VECTOR('',#4201,10.);
#1202=VECTOR('',#4204,10.);
#1203=VECTOR('',#4205,10.);
#1204=VECTOR('',#4206,10.);
#1205=VECTOR('',#4209,10.);
#1206=VECTOR('',#4210,10.);
#1207=VECTOR('',#4211,10.);
#1208=VECTOR('',#4214,10.);
#1209=VECTOR('',#4215,10.);
#1210=VECTOR('',#4220,10.);
#1211=VECTOR('',#4221,10.);
#1212=VECTOR('',#4222,10.);
#1213=VECTOR('',#4223,10.);
#1214=VECTOR('',#4226,10.);
#1215=VECTOR('',#4227,10.);
#1216=VECTOR('',#4228,10.);
#1217=VECTOR('',#4231,10.);
#1218=VECTOR('',#4232,10.);
#1219=VECTOR('',#4233,10.);
#1220=VECTOR('',#4236,10.);
#1221=VECTOR('',#4237,10.);
#1222=VECTOR('',#4242,10.);
#1223=VECTOR('',#4243,10.);
#1224=VECTOR('',#4244,10.);
#1225=VECTOR('',#4247,10.);
#1226=VECTOR('',#4248,10.);
#1227=VECTOR('',#4251,10.);
#1228=VECTOR('',#4252,10.);
#1229=VECTOR('',#4255,10.);
#1230=VECTOR('',#4260,10.);
#1231=VECTOR('',#4261,10.);
#1232=VECTOR('',#4262,10.);
#1233=VECTOR('',#4265,10.);
#1234=VECTOR('',#4266,10.);
#1235=VECTOR('',#4269,10.);
#1236=VECTOR('',#4270,10.);
#1237=VECTOR('',#4273,10.);
#1238=VECTOR('',#4278,10.);
#1239=VECTOR('',#4279,10.);
#1240=VECTOR('',#4280,10.);
#1241=VECTOR('',#4283,10.);
#1242=VECTOR('',#4284,10.);
#1243=VECTOR('',#4287,10.);
#1244=VECTOR('',#4288,10.);
#1245=VECTOR('',#4291,10.);
#1246=VECTOR('',#4296,10.);
#1247=VECTOR('',#4297,10.);
#1248=VECTOR('',#4298,10.);
#1249=VECTOR('',#4301,10.);
#1250=VECTOR('',#4302,10.);
#1251=VECTOR('',#4305,10.);
#1252=VECTOR('',#4306,10.);
#1253=VECTOR('',#4309,10.);
#1254=VECTOR('',#4314,10.);
#1255=VECTOR('',#4317,10.);
#1256=VECTOR('',#4320,10.);
#1257=VECTOR('',#4323,10.);
#1258=VECTOR('',#4326,10.);
#1259=VECTOR('',#4327,10.);
#1260=VECTOR('',#4328,10.);
#1261=VECTOR('',#4329,10.);
#1262=VECTOR('',#4332,10.);
#1263=VECTOR('',#4333,10.);
#1264=VECTOR('',#4334,10.);
#1265=VECTOR('',#4337,10.);
#1266=VECTOR('',#4338,10.);
#1267=VECTOR('',#4341,10.);
#1268=VECTOR('',#4342,10.);
#1269=VECTOR('',#4345,10.);
#1270=VECTOR('',#4350,10.);
#1271=VECTOR('',#4351,10.);
#1272=VECTOR('',#4352,10.);
#1273=VECTOR('',#4353,10.);
#1274=VECTOR('',#4356,10.);
#1275=VECTOR('',#4357,10.);
#1276=VECTOR('',#4358,10.);
#1277=VECTOR('',#4361,10.);
#1278=VECTOR('',#4362,10.);
#1279=VECTOR('',#4363,10.);
#1280=VECTOR('',#4370,10.);
#1281=VECTOR('',#4373,10.);
#1282=VECTOR('',#4374,10.);
#1283=VECTOR('',#4375,10.);
#1284=VECTOR('',#4382,10.);
#1285=VECTOR('',#4385,10.);
#1286=VECTOR('',#4386,10.);
#1287=VECTOR('',#4387,10.);
#1288=VECTOR('',#4390,10.);
#1289=VECTOR('',#4391,10.);
#1290=VECTOR('',#4400,10.);
#1291=VECTOR('',#4403,10.);
#1292=VECTOR('',#4406,10.);
#1293=VECTOR('',#4407,10.);
#1294=VECTOR('',#4408,10.);
#1295=VECTOR('',#4411,10.);
#1296=VECTOR('',#4412,10.);
#1297=VECTOR('',#4413,10.);
#1298=VECTOR('',#4416,10.);
#1299=VECTOR('',#4417,10.);
#1300=VECTOR('',#4418,10.);
#1301=VECTOR('',#4425,10.);
#1302=VECTOR('',#4428,10.);
#1303=VECTOR('',#4429,10.);
#1304=VERTEX_POINT('',#4436);
#1305=VERTEX_POINT('',#4437);
#1306=VERTEX_POINT('',#4439);
#1307=VERTEX_POINT('',#4441);
#1308=VERTEX_POINT('',#4445);
#1309=VERTEX_POINT('',#4447);
#1310=VERTEX_POINT('',#4451);
#1311=VERTEX_POINT('',#4453);
#1312=VERTEX_POINT('',#4461);
#1313=VERTEX_POINT('',#4462);
#1314=VERTEX_POINT('',#4464);
#1315=VERTEX_POINT('',#4466);
#1316=VERTEX_POINT('',#4470);
#1317=VERTEX_POINT('',#4472);
#1318=VERTEX_POINT('',#4476);
#1319=VERTEX_POINT('',#4478);
#1320=VERTEX_POINT('',#4486);
#1321=VERTEX_POINT('',#4487);
#1322=VERTEX_POINT('',#4489);
#1323=VERTEX_POINT('',#4491);
#1324=VERTEX_POINT('',#4495);
#1325=VERTEX_POINT('',#4497);
#1326=VERTEX_POINT('',#4501);
#1327=VERTEX_POINT('',#4503);
#1328=VERTEX_POINT('',#4511);
#1329=VERTEX_POINT('',#4512);
#1330=VERTEX_POINT('',#4514);
#1331=VERTEX_POINT('',#4516);
#1332=VERTEX_POINT('',#4520);
#1333=VERTEX_POINT('',#4522);
#1334=VERTEX_POINT('',#4526);
#1335=VERTEX_POINT('',#4528);
#1336=VERTEX_POINT('',#4536);
#1337=VERTEX_POINT('',#4537);
#1338=VERTEX_POINT('',#4539);
#1339=VERTEX_POINT('',#4541);
#1340=VERTEX_POINT('',#4545);
#1341=VERTEX_POINT('',#4547);
#1342=VERTEX_POINT('',#4551);
#1343=VERTEX_POINT('',#4553);
#1344=VERTEX_POINT('',#4561);
#1345=VERTEX_POINT('',#4562);
#1346=VERTEX_POINT('',#4564);
#1347=VERTEX_POINT('',#4566);
#1348=VERTEX_POINT('',#4570);
#1349=VERTEX_POINT('',#4572);
#1350=VERTEX_POINT('',#4576);
#1351=VERTEX_POINT('',#4578);
#1352=VERTEX_POINT('',#4586);
#1353=VERTEX_POINT('',#4587);
#1354=VERTEX_POINT('',#4589);
#1355=VERTEX_POINT('',#4591);
#1356=VERTEX_POINT('',#4595);
#1357=VERTEX_POINT('',#4597);
#1358=VERTEX_POINT('',#4601);
#1359=VERTEX_POINT('',#4603);
#1360=VERTEX_POINT('',#4611);
#1361=VERTEX_POINT('',#4612);
#1362=VERTEX_POINT('',#4614);
#1363=VERTEX_POINT('',#4616);
#1364=VERTEX_POINT('',#4620);
#1365=VERTEX_POINT('',#4622);
#1366=VERTEX_POINT('',#4626);
#1367=VERTEX_POINT('',#4628);
#1368=VERTEX_POINT('',#4636);
#1369=VERTEX_POINT('',#4637);
#1370=VERTEX_POINT('',#4639);
#1371=VERTEX_POINT('',#4641);
#1372=VERTEX_POINT('',#4645);
#1373=VERTEX_POINT('',#4647);
#1374=VERTEX_POINT('',#4651);
#1375=VERTEX_POINT('',#4653);
#1376=VERTEX_POINT('',#4661);
#1377=VERTEX_POINT('',#4662);
#1378=VERTEX_POINT('',#4664);
#1379=VERTEX_POINT('',#4666);
#1380=VERTEX_POINT('',#4670);
#1381=VERTEX_POINT('',#4672);
#1382=VERTEX_POINT('',#4676);
#1383=VERTEX_POINT('',#4678);
#1384=VERTEX_POINT('',#4686);
#1385=VERTEX_POINT('',#4687);
#1386=VERTEX_POINT('',#4689);
#1387=VERTEX_POINT('',#4691);
#1388=VERTEX_POINT('',#4695);
#1389=VERTEX_POINT('',#4697);
#1390=VERTEX_POINT('',#4701);
#1391=VERTEX_POINT('',#4703);
#1392=VERTEX_POINT('',#4711);
#1393=VERTEX_POINT('',#4712);
#1394=VERTEX_POINT('',#4714);
#1395=VERTEX_POINT('',#4716);
#1396=VERTEX_POINT('',#4720);
#1397=VERTEX_POINT('',#4722);
#1398=VERTEX_POINT('',#4726);
#1399=VERTEX_POINT('',#4728);
#1400=VERTEX_POINT('',#4736);
#1401=VERTEX_POINT('',#4737);
#1402=VERTEX_POINT('',#4739);
#1403=VERTEX_POINT('',#4741);
#1404=VERTEX_POINT('',#4745);
#1405=VERTEX_POINT('',#4747);
#1406=VERTEX_POINT('',#4751);
#1407=VERTEX_POINT('',#4753);
#1408=VERTEX_POINT('',#4761);
#1409=VERTEX_POINT('',#4762);
#1410=VERTEX_POINT('',#4764);
#1411=VERTEX_POINT('',#4766);
#1412=VERTEX_POINT('',#4770);
#1413=VERTEX_POINT('',#4772);
#1414=VERTEX_POINT('',#4776);
#1415=VERTEX_POINT('',#4778);
#1416=VERTEX_POINT('',#4786);
#1417=VERTEX_POINT('',#4787);
#1418=VERTEX_POINT('',#4789);
#1419=VERTEX_POINT('',#4791);
#1420=VERTEX_POINT('',#4795);
#1421=VERTEX_POINT('',#4797);
#1422=VERTEX_POINT('',#4801);
#1423=VERTEX_POINT('',#4803);
#1424=VERTEX_POINT('',#4805);
#1425=VERTEX_POINT('',#4807);
#1426=VERTEX_POINT('',#4809);
#1427=VERTEX_POINT('',#4812);
#1428=VERTEX_POINT('',#4813);
#1429=VERTEX_POINT('',#4815);
#1430=VERTEX_POINT('',#4817);
#1431=VERTEX_POINT('',#4821);
#1432=VERTEX_POINT('',#4825);
#1433=VERTEX_POINT('',#4829);
#1434=VERTEX_POINT('',#4830);
#1435=VERTEX_POINT('',#4832);
#1436=VERTEX_POINT('',#4834);
#1437=VERTEX_POINT('',#4838);
#1438=VERTEX_POINT('',#4840);
#1439=VERTEX_POINT('',#4844);
#1440=VERTEX_POINT('',#4846);
#1441=VERTEX_POINT('',#4848);
#1442=VERTEX_POINT('',#4850);
#1443=VERTEX_POINT('',#4852);
#1444=VERTEX_POINT('',#4855);
#1445=VERTEX_POINT('',#4856);
#1446=VERTEX_POINT('',#4858);
#1447=VERTEX_POINT('',#4860);
#1448=VERTEX_POINT('',#4864);
#1449=VERTEX_POINT('',#4868);
#1450=VERTEX_POINT('',#4872);
#1451=VERTEX_POINT('',#4873);
#1452=VERTEX_POINT('',#4875);
#1453=VERTEX_POINT('',#4877);
#1454=VERTEX_POINT('',#4881);
#1455=VERTEX_POINT('',#4883);
#1456=VERTEX_POINT('',#4887);
#1457=VERTEX_POINT('',#4889);
#1458=VERTEX_POINT('',#4891);
#1459=VERTEX_POINT('',#4893);
#1460=VERTEX_POINT('',#4895);
#1461=VERTEX_POINT('',#4898);
#1462=VERTEX_POINT('',#4899);
#1463=VERTEX_POINT('',#4901);
#1464=VERTEX_POINT('',#4903);
#1465=VERTEX_POINT('',#4907);
#1466=VERTEX_POINT('',#4911);
#1467=VERTEX_POINT('',#4915);
#1468=VERTEX_POINT('',#4916);
#1469=VERTEX_POINT('',#4918);
#1470=VERTEX_POINT('',#4920);
#1471=VERTEX_POINT('',#4924);
#1472=VERTEX_POINT('',#4926);
#1473=VERTEX_POINT('',#4930);
#1474=VERTEX_POINT('',#4932);
#1475=VERTEX_POINT('',#4934);
#1476=VERTEX_POINT('',#4936);
#1477=VERTEX_POINT('',#4938);
#1478=VERTEX_POINT('',#4941);
#1479=VERTEX_POINT('',#4942);
#1480=VERTEX_POINT('',#4944);
#1481=VERTEX_POINT('',#4946);
#1482=VERTEX_POINT('',#4950);
#1483=VERTEX_POINT('',#4954);
#1484=VERTEX_POINT('',#4958);
#1485=VERTEX_POINT('',#4962);
#1486=VERTEX_POINT('',#4966);
#1487=VERTEX_POINT('',#4970);
#1488=VERTEX_POINT('',#4974);
#1489=VERTEX_POINT('',#4978);
#1490=VERTEX_POINT('',#4982);
#1491=VERTEX_POINT('',#4986);
#1492=VERTEX_POINT('',#4990);
#1493=VERTEX_POINT('',#4994);
#1494=VERTEX_POINT('',#4998);
#1495=VERTEX_POINT('',#5002);
#1496=VERTEX_POINT('',#5006);
#1497=VERTEX_POINT('',#5007);
#1498=VERTEX_POINT('',#5009);
#1499=VERTEX_POINT('',#5011);
#1500=VERTEX_POINT('',#5015);
#1501=VERTEX_POINT('',#5017);
#1502=VERTEX_POINT('',#5021);
#1503=VERTEX_POINT('',#5023);
#1504=VERTEX_POINT('',#5031);
#1505=VERTEX_POINT('',#5032);
#1506=VERTEX_POINT('',#5034);
#1507=VERTEX_POINT('',#5036);
#1508=VERTEX_POINT('',#5040);
#1509=VERTEX_POINT('',#5042);
#1510=VERTEX_POINT('',#5046);
#1511=VERTEX_POINT('',#5048);
#1512=VERTEX_POINT('',#5056);
#1513=VERTEX_POINT('',#5057);
#1514=VERTEX_POINT('',#5059);
#1515=VERTEX_POINT('',#5061);
#1516=VERTEX_POINT('',#5065);
#1517=VERTEX_POINT('',#5067);
#1518=VERTEX_POINT('',#5071);
#1519=VERTEX_POINT('',#5073);
#1520=VERTEX_POINT('',#5081);
#1521=VERTEX_POINT('',#5082);
#1522=VERTEX_POINT('',#5084);
#1523=VERTEX_POINT('',#5086);
#1524=VERTEX_POINT('',#5090);
#1525=VERTEX_POINT('',#5092);
#1526=VERTEX_POINT('',#5096);
#1527=VERTEX_POINT('',#5098);
#1528=VERTEX_POINT('',#5106);
#1529=VERTEX_POINT('',#5107);
#1530=VERTEX_POINT('',#5109);
#1531=VERTEX_POINT('',#5111);
#1532=VERTEX_POINT('',#5115);
#1533=VERTEX_POINT('',#5117);
#1534=VERTEX_POINT('',#5121);
#1535=VERTEX_POINT('',#5123);
#1536=VERTEX_POINT('',#5131);
#1537=VERTEX_POINT('',#5132);
#1538=VERTEX_POINT('',#5134);
#1539=VERTEX_POINT('',#5136);
#1540=VERTEX_POINT('',#5140);
#1541=VERTEX_POINT('',#5142);
#1542=VERTEX_POINT('',#5146);
#1543=VERTEX_POINT('',#5148);
#1544=VERTEX_POINT('',#5156);
#1545=VERTEX_POINT('',#5158);
#1546=VERTEX_POINT('',#5162);
#1547=VERTEX_POINT('',#5166);
#1548=VERTEX_POINT('',#5173);
#1549=VERTEX_POINT('',#5175);
#1550=VERTEX_POINT('',#5179);
#1551=VERTEX_POINT('',#5183);
#1552=VERTEX_POINT('',#5190);
#1553=VERTEX_POINT('',#5192);
#1554=VERTEX_POINT('',#5196);
#1555=VERTEX_POINT('',#5200);
#1556=VERTEX_POINT('',#5207);
#1557=VERTEX_POINT('',#5209);
#1558=VERTEX_POINT('',#5213);
#1559=VERTEX_POINT('',#5217);
#1560=VERTEX_POINT('',#5232);
#1561=VERTEX_POINT('',#5233);
#1562=VERTEX_POINT('',#5235);
#1563=VERTEX_POINT('',#5237);
#1564=VERTEX_POINT('',#5241);
#1565=VERTEX_POINT('',#5243);
#1566=VERTEX_POINT('',#5247);
#1567=VERTEX_POINT('',#5251);
#1568=VERTEX_POINT('',#5258);
#1569=VERTEX_POINT('',#5259);
#1570=VERTEX_POINT('',#5261);
#1571=VERTEX_POINT('',#5263);
#1572=VERTEX_POINT('',#5267);
#1573=VERTEX_POINT('',#5269);
#1574=VERTEX_POINT('',#5273);
#1575=VERTEX_POINT('',#5275);
#1576=VERTEX_POINT('',#5279);
#1577=VERTEX_POINT('',#5281);
#1578=VERTEX_POINT('',#5285);
#1579=VERTEX_POINT('',#5287);
#1580=VERTEX_POINT('',#5291);
#1581=VERTEX_POINT('',#5293);
#1582=VERTEX_POINT('',#5297);
#1583=VERTEX_POINT('',#5299);
#1584=VERTEX_POINT('',#5308);
#1585=VERTEX_POINT('',#5309);
#1586=VERTEX_POINT('',#5311);
#1587=VERTEX_POINT('',#5313);
#1588=VERTEX_POINT('',#5317);
#1589=VERTEX_POINT('',#5319);
#1590=VERTEX_POINT('',#5323);
#1591=VERTEX_POINT('',#5325);
#1592=VERTEX_POINT('',#5329);
#1593=VERTEX_POINT('',#5331);
#1594=VERTEX_POINT('',#5335);
#1595=VERTEX_POINT('',#5337);
#1596=EDGE_CURVE('',#1304,#1305,#444,.T.);
#1597=EDGE_CURVE('',#1304,#1306,#445,.T.);
#1598=EDGE_CURVE('',#1307,#1306,#446,.T.);
#1599=EDGE_CURVE('',#1305,#1307,#447,.T.);
#1600=EDGE_CURVE('',#1305,#1308,#448,.T.);
#1601=EDGE_CURVE('',#1309,#1307,#449,.T.);
#1602=EDGE_CURVE('',#1308,#1309,#450,.T.);
#1603=EDGE_CURVE('',#1308,#1310,#451,.T.);
#1604=EDGE_CURVE('',#1311,#1309,#452,.T.);
#1605=EDGE_CURVE('',#1310,#1311,#453,.T.);
#1606=EDGE_CURVE('',#1310,#1304,#454,.T.);
#1607=EDGE_CURVE('',#1306,#1311,#455,.T.);
#1608=EDGE_CURVE('',#1312,#1313,#456,.T.);
#1609=EDGE_CURVE('',#1312,#1314,#457,.T.);
#1610=EDGE_CURVE('',#1315,#1314,#458,.T.);
#1611=EDGE_CURVE('',#1313,#1315,#459,.T.);
#1612=EDGE_CURVE('',#1313,#1316,#460,.T.);
#1613=EDGE_CURVE('',#1317,#1315,#461,.T.);
#1614=EDGE_CURVE('',#1316,#1317,#462,.T.);
#1615=EDGE_CURVE('',#1316,#1318,#463,.T.);
#1616=EDGE_CURVE('',#1319,#1317,#464,.T.);
#1617=EDGE_CURVE('',#1318,#1319,#465,.T.);
#1618=EDGE_CURVE('',#1318,#1312,#466,.T.);
#1619=EDGE_CURVE('',#1314,#1319,#467,.T.);
#1620=EDGE_CURVE('',#1320,#1321,#468,.T.);
#1621=EDGE_CURVE('',#1320,#1322,#469,.T.);
#1622=EDGE_CURVE('',#1323,#1322,#470,.T.);
#1623=EDGE_CURVE('',#1321,#1323,#471,.T.);
#1624=EDGE_CURVE('',#1321,#1324,#472,.T.);
#1625=EDGE_CURVE('',#1325,#1323,#473,.T.);
#1626=EDGE_CURVE('',#1324,#1325,#474,.T.);
#1627=EDGE_CURVE('',#1324,#1326,#475,.T.);
#1628=EDGE_CURVE('',#1327,#1325,#476,.T.);
#1629=EDGE_CURVE('',#1326,#1327,#477,.T.);
#1630=EDGE_CURVE('',#1326,#1320,#478,.T.);
#1631=EDGE_CURVE('',#1322,#1327,#479,.T.);
#1632=EDGE_CURVE('',#1328,#1329,#480,.T.);
#1633=EDGE_CURVE('',#1328,#1330,#481,.T.);
#1634=EDGE_CURVE('',#1331,#1330,#482,.T.);
#1635=EDGE_CURVE('',#1329,#1331,#483,.T.);
#1636=EDGE_CURVE('',#1329,#1332,#484,.T.);
#1637=EDGE_CURVE('',#1333,#1331,#485,.T.);
#1638=EDGE_CURVE('',#1332,#1333,#486,.T.);
#1639=EDGE_CURVE('',#1332,#1334,#487,.T.);
#1640=EDGE_CURVE('',#1335,#1333,#488,.T.);
#1641=EDGE_CURVE('',#1334,#1335,#489,.T.);
#1642=EDGE_CURVE('',#1334,#1328,#490,.T.);
#1643=EDGE_CURVE('',#1330,#1335,#491,.T.);
#1644=EDGE_CURVE('',#1336,#1337,#492,.T.);
#1645=EDGE_CURVE('',#1336,#1338,#493,.T.);
#1646=EDGE_CURVE('',#1339,#1338,#494,.T.);
#1647=EDGE_CURVE('',#1337,#1339,#495,.T.);
#1648=EDGE_CURVE('',#1337,#1340,#496,.T.);
#1649=EDGE_CURVE('',#1341,#1339,#497,.T.);
#1650=EDGE_CURVE('',#1340,#1341,#498,.T.);
#1651=EDGE_CURVE('',#1340,#1342,#499,.T.);
#1652=EDGE_CURVE('',#1343,#1341,#500,.T.);
#1653=EDGE_CURVE('',#1342,#1343,#501,.T.);
#1654=EDGE_CURVE('',#1342,#1336,#502,.T.);
#1655=EDGE_CURVE('',#1338,#1343,#503,.T.);
#1656=EDGE_CURVE('',#1344,#1345,#504,.T.);
#1657=EDGE_CURVE('',#1344,#1346,#505,.T.);
#1658=EDGE_CURVE('',#1347,#1346,#506,.T.);
#1659=EDGE_CURVE('',#1345,#1347,#507,.T.);
#1660=EDGE_CURVE('',#1345,#1348,#508,.T.);
#1661=EDGE_CURVE('',#1349,#1347,#509,.T.);
#1662=EDGE_CURVE('',#1348,#1349,#510,.T.);
#1663=EDGE_CURVE('',#1348,#1350,#511,.T.);
#1664=EDGE_CURVE('',#1351,#1349,#512,.T.);
#1665=EDGE_CURVE('',#1350,#1351,#513,.T.);
#1666=EDGE_CURVE('',#1350,#1344,#514,.T.);
#1667=EDGE_CURVE('',#1346,#1351,#515,.T.);
#1668=EDGE_CURVE('',#1352,#1353,#516,.T.);
#1669=EDGE_CURVE('',#1352,#1354,#517,.T.);
#1670=EDGE_CURVE('',#1355,#1354,#518,.T.);
#1671=EDGE_CURVE('',#1353,#1355,#519,.T.);
#1672=EDGE_CURVE('',#1353,#1356,#520,.T.);
#1673=EDGE_CURVE('',#1357,#1355,#521,.T.);
#1674=EDGE_CURVE('',#1356,#1357,#522,.T.);
#1675=EDGE_CURVE('',#1356,#1358,#523,.T.);
#1676=EDGE_CURVE('',#1359,#1357,#524,.T.);
#1677=EDGE_CURVE('',#1358,#1359,#525,.T.);
#1678=EDGE_CURVE('',#1358,#1352,#526,.T.);
#1679=EDGE_CURVE('',#1354,#1359,#527,.T.);
#1680=EDGE_CURVE('',#1360,#1361,#528,.T.);
#1681=EDGE_CURVE('',#1360,#1362,#529,.T.);
#1682=EDGE_CURVE('',#1363,#1362,#530,.T.);
#1683=EDGE_CURVE('',#1361,#1363,#531,.T.);
#1684=EDGE_CURVE('',#1361,#1364,#532,.T.);
#1685=EDGE_CURVE('',#1365,#1363,#533,.T.);
#1686=EDGE_CURVE('',#1364,#1365,#534,.T.);
#1687=EDGE_CURVE('',#1364,#1366,#535,.T.);
#1688=EDGE_CURVE('',#1367,#1365,#536,.T.);
#1689=EDGE_CURVE('',#1366,#1367,#537,.T.);
#1690=EDGE_CURVE('',#1366,#1360,#538,.T.);
#1691=EDGE_CURVE('',#1362,#1367,#539,.T.);
#1692=EDGE_CURVE('',#1368,#1369,#540,.T.);
#1693=EDGE_CURVE('',#1368,#1370,#541,.T.);
#1694=EDGE_CURVE('',#1371,#1370,#542,.T.);
#1695=EDGE_CURVE('',#1369,#1371,#543,.T.);
#1696=EDGE_CURVE('',#1369,#1372,#544,.T.);
#1697=EDGE_CURVE('',#1373,#1371,#545,.T.);
#1698=EDGE_CURVE('',#1372,#1373,#546,.T.);
#1699=EDGE_CURVE('',#1372,#1374,#547,.T.);
#1700=EDGE_CURVE('',#1375,#1373,#548,.T.);
#1701=EDGE_CURVE('',#1374,#1375,#549,.T.);
#1702=EDGE_CURVE('',#1374,#1368,#550,.T.);
#1703=EDGE_CURVE('',#1370,#1375,#551,.T.);
#1704=EDGE_CURVE('',#1376,#1377,#552,.T.);
#1705=EDGE_CURVE('',#1376,#1378,#553,.T.);
#1706=EDGE_CURVE('',#1379,#1378,#554,.T.);
#1707=EDGE_CURVE('',#1377,#1379,#555,.T.);
#1708=EDGE_CURVE('',#1377,#1380,#556,.T.);
#1709=EDGE_CURVE('',#1381,#1379,#557,.T.);
#1710=EDGE_CURVE('',#1380,#1381,#558,.T.);
#1711=EDGE_CURVE('',#1380,#1382,#559,.T.);
#1712=EDGE_CURVE('',#1383,#1381,#560,.T.);
#1713=EDGE_CURVE('',#1382,#1383,#561,.T.);
#1714=EDGE_CURVE('',#1382,#1376,#562,.T.);
#1715=EDGE_CURVE('',#1378,#1383,#563,.T.);
#1716=EDGE_CURVE('',#1384,#1385,#564,.T.);
#1717=EDGE_CURVE('',#1384,#1386,#565,.T.);
#1718=EDGE_CURVE('',#1387,#1386,#566,.T.);
#1719=EDGE_CURVE('',#1385,#1387,#567,.T.);
#1720=EDGE_CURVE('',#1385,#1388,#568,.T.);
#1721=EDGE_CURVE('',#1389,#1387,#569,.T.);
#1722=EDGE_CURVE('',#1388,#1389,#570,.T.);
#1723=EDGE_CURVE('',#1388,#1390,#571,.T.);
#1724=EDGE_CURVE('',#1391,#1389,#572,.T.);
#1725=EDGE_CURVE('',#1390,#1391,#573,.T.);
#1726=EDGE_CURVE('',#1390,#1384,#574,.T.);
#1727=EDGE_CURVE('',#1386,#1391,#575,.T.);
#1728=EDGE_CURVE('',#1392,#1393,#576,.T.);
#1729=EDGE_CURVE('',#1392,#1394,#577,.T.);
#1730=EDGE_CURVE('',#1395,#1394,#578,.T.);
#1731=EDGE_CURVE('',#1393,#1395,#579,.T.);
#1732=EDGE_CURVE('',#1393,#1396,#580,.T.);
#1733=EDGE_CURVE('',#1397,#1395,#581,.T.);
#1734=EDGE_CURVE('',#1396,#1397,#582,.T.);
#1735=EDGE_CURVE('',#1396,#1398,#583,.T.);
#1736=EDGE_CURVE('',#1399,#1397,#584,.T.);
#1737=EDGE_CURVE('',#1398,#1399,#585,.T.);
#1738=EDGE_CURVE('',#1398,#1392,#586,.T.);
#1739=EDGE_CURVE('',#1394,#1399,#587,.T.);
#1740=EDGE_CURVE('',#1400,#1401,#588,.T.);
#1741=EDGE_CURVE('',#1400,#1402,#589,.T.);
#1742=EDGE_CURVE('',#1403,#1402,#590,.T.);
#1743=EDGE_CURVE('',#1401,#1403,#591,.T.);
#1744=EDGE_CURVE('',#1401,#1404,#592,.T.);
#1745=EDGE_CURVE('',#1405,#1403,#593,.T.);
#1746=EDGE_CURVE('',#1404,#1405,#594,.T.);
#1747=EDGE_CURVE('',#1404,#1406,#595,.T.);
#1748=EDGE_CURVE('',#1407,#1405,#596,.T.);
#1749=EDGE_CURVE('',#1406,#1407,#597,.T.);
#1750=EDGE_CURVE('',#1406,#1400,#598,.T.);
#1751=EDGE_CURVE('',#1402,#1407,#599,.T.);
#1752=EDGE_CURVE('',#1408,#1409,#600,.T.);
#1753=EDGE_CURVE('',#1408,#1410,#601,.T.);
#1754=EDGE_CURVE('',#1411,#1410,#602,.T.);
#1755=EDGE_CURVE('',#1409,#1411,#603,.T.);
#1756=EDGE_CURVE('',#1409,#1412,#604,.T.);
#1757=EDGE_CURVE('',#1413,#1411,#605,.T.);
#1758=EDGE_CURVE('',#1412,#1413,#606,.T.);
#1759=EDGE_CURVE('',#1412,#1414,#607,.T.);
#1760=EDGE_CURVE('',#1415,#1413,#608,.T.);
#1761=EDGE_CURVE('',#1414,#1415,#609,.T.);
#1762=EDGE_CURVE('',#1414,#1408,#610,.T.);
#1763=EDGE_CURVE('',#1410,#1415,#611,.T.);
#1764=EDGE_CURVE('',#1416,#1417,#612,.T.);
#1765=EDGE_CURVE('',#1417,#1418,#613,.T.);
#1766=EDGE_CURVE('',#1418,#1419,#614,.F.);
#1767=EDGE_CURVE('',#1419,#1416,#615,.T.);
#1768=EDGE_CURVE('',#1420,#1417,#616,.T.);
#1769=EDGE_CURVE('',#1421,#1420,#617,.T.);
#1770=EDGE_CURVE('',#1418,#1421,#618,.T.);
#1771=EDGE_CURVE('',#1416,#1422,#619,.T.);
#1772=EDGE_CURVE('',#1423,#1422,#620,.T.);
#1773=EDGE_CURVE('',#1423,#1424,#621,.T.);
#1774=EDGE_CURVE('',#1425,#1424,#622,.T.);
#1775=EDGE_CURVE('',#1425,#1426,#623,.T.);
#1776=EDGE_CURVE('',#1420,#1426,#624,.T.);
#1777=EDGE_CURVE('',#1427,#1428,#625,.T.);
#1778=EDGE_CURVE('',#1428,#1429,#626,.T.);
#1779=EDGE_CURVE('',#1429,#1430,#627,.T.);
#1780=EDGE_CURVE('',#1430,#1427,#628,.T.);
#1781=EDGE_CURVE('',#1426,#1431,#629,.T.);
#1782=EDGE_CURVE('',#1431,#1421,#630,.F.);
#1783=EDGE_CURVE('',#1432,#1425,#631,.T.);
#1784=EDGE_CURVE('',#1431,#1432,#632,.T.);
#1785=EDGE_CURVE('',#1433,#1434,#633,.T.);
#1786=EDGE_CURVE('',#1434,#1435,#634,.T.);
#1787=EDGE_CURVE('',#1435,#1436,#635,.F.);
#1788=EDGE_CURVE('',#1436,#1433,#636,.T.);
#1789=EDGE_CURVE('',#1437,#1434,#637,.T.);
#1790=EDGE_CURVE('',#1438,#1437,#638,.T.);
#1791=EDGE_CURVE('',#1435,#1438,#639,.T.);
#1792=EDGE_CURVE('',#1433,#1439,#640,.T.);
#1793=EDGE_CURVE('',#1440,#1439,#641,.T.);
#1794=EDGE_CURVE('',#1440,#1441,#642,.T.);
#1795=EDGE_CURVE('',#1442,#1441,#643,.T.);
#1796=EDGE_CURVE('',#1442,#1443,#644,.T.);
#1797=EDGE_CURVE('',#1437,#1443,#645,.T.);
#1798=EDGE_CURVE('',#1444,#1445,#646,.T.);
#1799=EDGE_CURVE('',#1445,#1446,#647,.T.);
#1800=EDGE_CURVE('',#1446,#1447,#648,.T.);
#1801=EDGE_CURVE('',#1447,#1444,#649,.T.);
#1802=EDGE_CURVE('',#1443,#1448,#650,.T.);
#1803=EDGE_CURVE('',#1448,#1438,#651,.F.);
#1804=EDGE_CURVE('',#1449,#1442,#652,.T.);
#1805=EDGE_CURVE('',#1448,#1449,#653,.T.);
#1806=EDGE_CURVE('',#1450,#1451,#654,.T.);
#1807=EDGE_CURVE('',#1451,#1452,#655,.T.);
#1808=EDGE_CURVE('',#1452,#1453,#656,.F.);
#1809=EDGE_CURVE('',#1453,#1450,#657,.T.);
#1810=EDGE_CURVE('',#1454,#1451,#658,.T.);
#1811=EDGE_CURVE('',#1455,#1454,#659,.T.);
#1812=EDGE_CURVE('',#1452,#1455,#660,.T.);
#1813=EDGE_CURVE('',#1450,#1456,#661,.T.);
#1814=EDGE_CURVE('',#1457,#1456,#662,.T.);
#1815=EDGE_CURVE('',#1457,#1458,#663,.T.);
#1816=EDGE_CURVE('',#1459,#1458,#664,.T.);
#1817=EDGE_CURVE('',#1459,#1460,#665,.T.);
#1818=EDGE_CURVE('',#1454,#1460,#666,.T.);
#1819=EDGE_CURVE('',#1461,#1462,#667,.T.);
#1820=EDGE_CURVE('',#1462,#1463,#668,.T.);
#1821=EDGE_CURVE('',#1463,#1464,#669,.T.);
#1822=EDGE_CURVE('',#1464,#1461,#670,.T.);
#1823=EDGE_CURVE('',#1460,#1465,#671,.T.);
#1824=EDGE_CURVE('',#1465,#1455,#672,.F.);
#1825=EDGE_CURVE('',#1466,#1459,#673,.T.);
#1826=EDGE_CURVE('',#1465,#1466,#674,.T.);
#1827=EDGE_CURVE('',#1467,#1468,#675,.T.);
#1828=EDGE_CURVE('',#1468,#1469,#676,.T.);
#1829=EDGE_CURVE('',#1469,#1470,#677,.F.);
#1830=EDGE_CURVE('',#1470,#1467,#678,.T.);
#1831=EDGE_CURVE('',#1471,#1468,#679,.T.);
#1832=EDGE_CURVE('',#1472,#1471,#680,.T.);
#1833=EDGE_CURVE('',#1469,#1472,#681,.T.);
#1834=EDGE_CURVE('',#1467,#1473,#682,.T.);
#1835=EDGE_CURVE('',#1474,#1473,#683,.T.);
#1836=EDGE_CURVE('',#1474,#1475,#684,.T.);
#1837=EDGE_CURVE('',#1476,#1475,#685,.T.);
#1838=EDGE_CURVE('',#1476,#1477,#686,.T.);
#1839=EDGE_CURVE('',#1471,#1477,#687,.T.);
#1840=EDGE_CURVE('',#1478,#1479,#688,.T.);
#1841=EDGE_CURVE('',#1479,#1480,#689,.T.);
#1842=EDGE_CURVE('',#1480,#1481,#690,.T.);
#1843=EDGE_CURVE('',#1481,#1478,#691,.T.);
#1844=EDGE_CURVE('',#1477,#1482,#692,.T.);
#1845=EDGE_CURVE('',#1482,#1472,#693,.F.);
#1846=EDGE_CURVE('',#1483,#1476,#694,.T.);
#1847=EDGE_CURVE('',#1482,#1483,#695,.T.);
#1848=EDGE_CURVE('',#1475,#1484,#696,.T.);
#1849=EDGE_CURVE('',#1484,#1483,#697,.F.);
#1850=EDGE_CURVE('',#1485,#1474,#698,.T.);
#1851=EDGE_CURVE('',#1484,#1485,#699,.T.);
#1852=EDGE_CURVE('',#1473,#1486,#700,.T.);
#1853=EDGE_CURVE('',#1486,#1485,#701,.F.);
#1854=EDGE_CURVE('',#1458,#1487,#702,.T.);
#1855=EDGE_CURVE('',#1487,#1466,#703,.F.);
#1856=EDGE_CURVE('',#1488,#1457,#704,.T.);
#1857=EDGE_CURVE('',#1487,#1488,#705,.T.);
#1858=EDGE_CURVE('',#1456,#1489,#706,.T.);
#1859=EDGE_CURVE('',#1489,#1488,#707,.F.);
#1860=EDGE_CURVE('',#1441,#1490,#708,.T.);
#1861=EDGE_CURVE('',#1490,#1449,#709,.F.);
#1862=EDGE_CURVE('',#1491,#1440,#710,.T.);
#1863=EDGE_CURVE('',#1490,#1491,#711,.T.);
#1864=EDGE_CURVE('',#1439,#1492,#712,.T.);
#1865=EDGE_CURVE('',#1492,#1491,#713,.F.);
#1866=EDGE_CURVE('',#1424,#1493,#714,.T.);
#1867=EDGE_CURVE('',#1493,#1432,#715,.F.);
#1868=EDGE_CURVE('',#1494,#1423,#716,.T.);
#1869=EDGE_CURVE('',#1493,#1494,#717,.T.);
#1870=EDGE_CURVE('',#1422,#1495,#718,.T.);
#1871=EDGE_CURVE('',#1495,#1494,#719,.F.);
#1872=EDGE_CURVE('',#1496,#1497,#720,.T.);
#1873=EDGE_CURVE('',#1496,#1498,#721,.T.);
#1874=EDGE_CURVE('',#1499,#1498,#722,.T.);
#1875=EDGE_CURVE('',#1497,#1499,#723,.T.);
#1876=EDGE_CURVE('',#1497,#1500,#724,.T.);
#1877=EDGE_CURVE('',#1501,#1499,#725,.T.);
#1878=EDGE_CURVE('',#1500,#1501,#726,.T.);
#1879=EDGE_CURVE('',#1500,#1502,#727,.T.);
#1880=EDGE_CURVE('',#1503,#1501,#728,.T.);
#1881=EDGE_CURVE('',#1502,#1503,#729,.T.);
#1882=EDGE_CURVE('',#1502,#1496,#730,.T.);
#1883=EDGE_CURVE('',#1498,#1503,#731,.T.);
#1884=EDGE_CURVE('',#1504,#1505,#732,.T.);
#1885=EDGE_CURVE('',#1504,#1506,#733,.T.);
#1886=EDGE_CURVE('',#1507,#1506,#734,.T.);
#1887=EDGE_CURVE('',#1505,#1507,#735,.T.);
#1888=EDGE_CURVE('',#1505,#1508,#736,.T.);
#1889=EDGE_CURVE('',#1509,#1507,#737,.T.);
#1890=EDGE_CURVE('',#1508,#1509,#738,.T.);
#1891=EDGE_CURVE('',#1508,#1510,#739,.T.);
#1892=EDGE_CURVE('',#1511,#1509,#740,.T.);
#1893=EDGE_CURVE('',#1510,#1511,#741,.T.);
#1894=EDGE_CURVE('',#1510,#1504,#742,.T.);
#1895=EDGE_CURVE('',#1506,#1511,#743,.T.);
#1896=EDGE_CURVE('',#1512,#1513,#744,.T.);
#1897=EDGE_CURVE('',#1512,#1514,#745,.T.);
#1898=EDGE_CURVE('',#1515,#1514,#746,.T.);
#1899=EDGE_CURVE('',#1513,#1515,#747,.T.);
#1900=EDGE_CURVE('',#1516,#1512,#748,.T.);
#1901=EDGE_CURVE('',#1516,#1517,#749,.T.);
#1902=EDGE_CURVE('',#1514,#1517,#750,.T.);
#1903=EDGE_CURVE('',#1513,#1518,#751,.T.);
#1904=EDGE_CURVE('',#1519,#1515,#752,.T.);
#1905=EDGE_CURVE('',#1518,#1519,#753,.T.);
#1906=EDGE_CURVE('',#1518,#1516,#754,.T.);
#1907=EDGE_CURVE('',#1517,#1519,#755,.T.);
#1908=EDGE_CURVE('',#1520,#1521,#756,.T.);
#1909=EDGE_CURVE('',#1520,#1522,#757,.T.);
#1910=EDGE_CURVE('',#1523,#1522,#758,.T.);
#1911=EDGE_CURVE('',#1521,#1523,#759,.T.);
#1912=EDGE_CURVE('',#1524,#1520,#760,.T.);
#1913=EDGE_CURVE('',#1524,#1525,#761,.T.);
#1914=EDGE_CURVE('',#1522,#1525,#762,.T.);
#1915=EDGE_CURVE('',#1521,#1526,#763,.T.);
#1916=EDGE_CURVE('',#1527,#1523,#764,.T.);
#1917=EDGE_CURVE('',#1526,#1527,#765,.T.);
#1918=EDGE_CURVE('',#1526,#1524,#766,.T.);
#1919=EDGE_CURVE('',#1525,#1527,#767,.T.);
#1920=EDGE_CURVE('',#1528,#1529,#768,.T.);
#1921=EDGE_CURVE('',#1528,#1530,#769,.T.);
#1922=EDGE_CURVE('',#1531,#1530,#770,.T.);
#1923=EDGE_CURVE('',#1529,#1531,#771,.T.);
#1924=EDGE_CURVE('',#1532,#1528,#772,.T.);
#1925=EDGE_CURVE('',#1532,#1533,#773,.T.);
#1926=EDGE_CURVE('',#1530,#1533,#774,.T.);
#1927=EDGE_CURVE('',#1529,#1534,#775,.T.);
#1928=EDGE_CURVE('',#1535,#1531,#776,.T.);
#1929=EDGE_CURVE('',#1534,#1535,#777,.T.);
#1930=EDGE_CURVE('',#1534,#1532,#778,.T.);
#1931=EDGE_CURVE('',#1533,#1535,#779,.T.);
#1932=EDGE_CURVE('',#1536,#1537,#780,.T.);
#1933=EDGE_CURVE('',#1536,#1538,#781,.T.);
#1934=EDGE_CURVE('',#1539,#1538,#782,.T.);
#1935=EDGE_CURVE('',#1537,#1539,#783,.T.);
#1936=EDGE_CURVE('',#1540,#1536,#784,.T.);
#1937=EDGE_CURVE('',#1540,#1541,#785,.T.);
#1938=EDGE_CURVE('',#1538,#1541,#786,.T.);
#1939=EDGE_CURVE('',#1537,#1542,#787,.T.);
#1940=EDGE_CURVE('',#1543,#1539,#788,.T.);
#1941=EDGE_CURVE('',#1542,#1543,#789,.T.);
#1942=EDGE_CURVE('',#1542,#1540,#790,.T.);
#1943=EDGE_CURVE('',#1541,#1543,#791,.T.);
#1944=EDGE_CURVE('',#1478,#1544,#792,.T.);
#1945=EDGE_CURVE('',#1545,#1544,#793,.T.);
#1946=EDGE_CURVE('',#1479,#1545,#794,.T.);
#1947=EDGE_CURVE('',#1546,#1545,#795,.T.);
#1948=EDGE_CURVE('',#1480,#1546,#796,.T.);
#1949=EDGE_CURVE('',#1547,#1546,#797,.T.);
#1950=EDGE_CURVE('',#1481,#1547,#798,.T.);
#1951=EDGE_CURVE('',#1544,#1547,#799,.T.);
#1952=EDGE_CURVE('',#1461,#1548,#800,.T.);
#1953=EDGE_CURVE('',#1549,#1548,#801,.T.);
#1954=EDGE_CURVE('',#1462,#1549,#802,.T.);
#1955=EDGE_CURVE('',#1550,#1549,#803,.T.);
#1956=EDGE_CURVE('',#1463,#1550,#804,.T.);
#1957=EDGE_CURVE('',#1551,#1550,#805,.T.);
#1958=EDGE_CURVE('',#1464,#1551,#806,.T.);
#1959=EDGE_CURVE('',#1548,#1551,#807,.T.);
#1960=EDGE_CURVE('',#1444,#1552,#808,.T.);
#1961=EDGE_CURVE('',#1553,#1552,#809,.T.);
#1962=EDGE_CURVE('',#1445,#1553,#810,.T.);
#1963=EDGE_CURVE('',#1554,#1553,#811,.T.);
#1964=EDGE_CURVE('',#1446,#1554,#812,.T.);
#1965=EDGE_CURVE('',#1555,#1554,#813,.T.);
#1966=EDGE_CURVE('',#1447,#1555,#814,.T.);
#1967=EDGE_CURVE('',#1552,#1555,#815,.T.);
#1968=EDGE_CURVE('',#1427,#1556,#816,.T.);
#1969=EDGE_CURVE('',#1557,#1556,#817,.T.);
#1970=EDGE_CURVE('',#1428,#1557,#818,.T.);
#1971=EDGE_CURVE('',#1558,#1557,#819,.T.);
#1972=EDGE_CURVE('',#1429,#1558,#820,.T.);
#1973=EDGE_CURVE('',#1559,#1558,#821,.T.);
#1974=EDGE_CURVE('',#1430,#1559,#822,.T.);
#1975=EDGE_CURVE('',#1556,#1559,#823,.T.);
#1976=EDGE_CURVE('',#1489,#1453,#824,.T.);
#1977=EDGE_CURVE('',#1492,#1436,#825,.T.);
#1978=EDGE_CURVE('',#1486,#1470,#826,.T.);
#1979=EDGE_CURVE('',#1495,#1419,#827,.T.);
#1980=EDGE_CURVE('',#1560,#1561,#828,.T.);
#1981=EDGE_CURVE('',#1561,#1562,#829,.T.);
#1982=EDGE_CURVE('',#1562,#1563,#830,.T.);
#1983=EDGE_CURVE('',#1563,#1560,#831,.T.);
#1984=EDGE_CURVE('',#1564,#1561,#832,.T.);
#1985=EDGE_CURVE('',#1565,#1564,#833,.T.);
#1986=EDGE_CURVE('',#1562,#1565,#834,.T.);
#1987=EDGE_CURVE('',#1566,#1565,#835,.T.);
#1988=EDGE_CURVE('',#1563,#1566,#836,.T.);
#1989=EDGE_CURVE('',#1567,#1566,#837,.T.);
#1990=EDGE_CURVE('',#1560,#1567,#838,.T.);
#1991=EDGE_CURVE('',#1564,#1567,#839,.T.);
#1992=EDGE_CURVE('',#1568,#1569,#840,.T.);
#1993=EDGE_CURVE('',#1569,#1570,#841,.T.);
#1994=EDGE_CURVE('',#1571,#1570,#842,.T.);
#1995=EDGE_CURVE('',#1568,#1571,#843,.T.);
#1996=EDGE_CURVE('',#1572,#1568,#844,.T.);
#1997=EDGE_CURVE('',#1573,#1571,#845,.T.);
#1998=EDGE_CURVE('',#1572,#1573,#846,.T.);
#1999=EDGE_CURVE('',#1574,#1572,#847,.T.);
#2000=EDGE_CURVE('',#1575,#1573,#848,.T.);
#2001=EDGE_CURVE('',#1574,#1575,#849,.T.);
#2002=EDGE_CURVE('',#1576,#1574,#13,.T.);
#2003=EDGE_CURVE('',#1577,#1575,#14,.T.);
#2004=EDGE_CURVE('',#1576,#1577,#850,.T.);
#2005=EDGE_CURVE('',#1578,#1576,#851,.T.);
#2006=EDGE_CURVE('',#1579,#1577,#852,.T.);
#2007=EDGE_CURVE('',#1578,#1579,#853,.T.);
#2008=EDGE_CURVE('',#1580,#1578,#15,.T.);
#2009=EDGE_CURVE('',#1581,#1579,#16,.T.);
#2010=EDGE_CURVE('',#1580,#1581,#854,.T.);
#2011=EDGE_CURVE('',#1582,#1580,#855,.T.);
#2012=EDGE_CURVE('',#1583,#1581,#856,.T.);
#2013=EDGE_CURVE('',#1582,#1583,#857,.T.);
#2014=EDGE_CURVE('',#1569,#1582,#858,.T.);
#2015=EDGE_CURVE('',#1570,#1583,#859,.T.);
#2016=EDGE_CURVE('',#1584,#1585,#17,.T.);
#2017=EDGE_CURVE('',#1584,#1586,#860,.T.);
#2018=EDGE_CURVE('',#1587,#1586,#18,.T.);
#2019=EDGE_CURVE('',#1585,#1587,#861,.T.);
#2020=EDGE_CURVE('',#1585,#1588,#862,.T.);
#2021=EDGE_CURVE('',#1589,#1587,#863,.T.);
#2022=EDGE_CURVE('',#1588,#1589,#864,.T.);
#2023=EDGE_CURVE('',#1588,#1590,#865,.T.);
#2024=EDGE_CURVE('',#1591,#1589,#866,.T.);
#2025=EDGE_CURVE('',#1590,#1591,#867,.T.);
#2026=EDGE_CURVE('',#1590,#1592,#868,.T.);
#2027=EDGE_CURVE('',#1593,#1591,#869,.T.);
#2028=EDGE_CURVE('',#1592,#1593,#870,.T.);
#2029=EDGE_CURVE('',#1592,#1594,#19,.T.);
#2030=EDGE_CURVE('',#1595,#1593,#20,.T.);
#2031=EDGE_CURVE('',#1594,#1595,#871,.T.);
#2032=EDGE_CURVE('',#1594,#1584,#872,.T.);
#2033=EDGE_CURVE('',#1586,#1595,#873,.T.);
#2034=ORIENTED_EDGE('',*,*,#1596,.F.);
#2035=ORIENTED_EDGE('',*,*,#1597,.T.);
#2036=ORIENTED_EDGE('',*,*,#1598,.F.);
#2037=ORIENTED_EDGE('',*,*,#1599,.F.);
#2038=ORIENTED_EDGE('',*,*,#1600,.F.);
#2039=ORIENTED_EDGE('',*,*,#1599,.T.);
#2040=ORIENTED_EDGE('',*,*,#1601,.F.);
#2041=ORIENTED_EDGE('',*,*,#1602,.F.);
#2042=ORIENTED_EDGE('',*,*,#1603,.F.);
#2043=ORIENTED_EDGE('',*,*,#1602,.T.);
#2044=ORIENTED_EDGE('',*,*,#1604,.F.);
#2045=ORIENTED_EDGE('',*,*,#1605,.F.);
#2046=ORIENTED_EDGE('',*,*,#1606,.F.);
#2047=ORIENTED_EDGE('',*,*,#1605,.T.);
#2048=ORIENTED_EDGE('',*,*,#1607,.F.);
#2049=ORIENTED_EDGE('',*,*,#1597,.F.);
#2050=ORIENTED_EDGE('',*,*,#1607,.T.);
#2051=ORIENTED_EDGE('',*,*,#1604,.T.);
#2052=ORIENTED_EDGE('',*,*,#1601,.T.);
#2053=ORIENTED_EDGE('',*,*,#1598,.T.);
#2054=ORIENTED_EDGE('',*,*,#1608,.F.);
#2055=ORIENTED_EDGE('',*,*,#1609,.T.);
#2056=ORIENTED_EDGE('',*,*,#1610,.F.);
#2057=ORIENTED_EDGE('',*,*,#1611,.F.);
#2058=ORIENTED_EDGE('',*,*,#1612,.F.);
#2059=ORIENTED_EDGE('',*,*,#1611,.T.);
#2060=ORIENTED_EDGE('',*,*,#1613,.F.);
#2061=ORIENTED_EDGE('',*,*,#1614,.F.);
#2062=ORIENTED_EDGE('',*,*,#1615,.F.);
#2063=ORIENTED_EDGE('',*,*,#1614,.T.);
#2064=ORIENTED_EDGE('',*,*,#1616,.F.);
#2065=ORIENTED_EDGE('',*,*,#1617,.F.);
#2066=ORIENTED_EDGE('',*,*,#1618,.F.);
#2067=ORIENTED_EDGE('',*,*,#1617,.T.);
#2068=ORIENTED_EDGE('',*,*,#1619,.F.);
#2069=ORIENTED_EDGE('',*,*,#1609,.F.);
#2070=ORIENTED_EDGE('',*,*,#1619,.T.);
#2071=ORIENTED_EDGE('',*,*,#1616,.T.);
#2072=ORIENTED_EDGE('',*,*,#1613,.T.);
#2073=ORIENTED_EDGE('',*,*,#1610,.T.);
#2074=ORIENTED_EDGE('',*,*,#1620,.F.);
#2075=ORIENTED_EDGE('',*,*,#1621,.T.);
#2076=ORIENTED_EDGE('',*,*,#1622,.F.);
#2077=ORIENTED_EDGE('',*,*,#1623,.F.);
#2078=ORIENTED_EDGE('',*,*,#1624,.F.);
#2079=ORIENTED_EDGE('',*,*,#1623,.T.);
#2080=ORIENTED_EDGE('',*,*,#1625,.F.);
#2081=ORIENTED_EDGE('',*,*,#1626,.F.);
#2082=ORIENTED_EDGE('',*,*,#1627,.F.);
#2083=ORIENTED_EDGE('',*,*,#1626,.T.);
#2084=ORIENTED_EDGE('',*,*,#1628,.F.);
#2085=ORIENTED_EDGE('',*,*,#1629,.F.);
#2086=ORIENTED_EDGE('',*,*,#1630,.F.);
#2087=ORIENTED_EDGE('',*,*,#1629,.T.);
#2088=ORIENTED_EDGE('',*,*,#1631,.F.);
#2089=ORIENTED_EDGE('',*,*,#1621,.F.);
#2090=ORIENTED_EDGE('',*,*,#1631,.T.);
#2091=ORIENTED_EDGE('',*,*,#1628,.T.);
#2092=ORIENTED_EDGE('',*,*,#1625,.T.);
#2093=ORIENTED_EDGE('',*,*,#1622,.T.);
#2094=ORIENTED_EDGE('',*,*,#1632,.F.);
#2095=ORIENTED_EDGE('',*,*,#1633,.T.);
#2096=ORIENTED_EDGE('',*,*,#1634,.F.);
#2097=ORIENTED_EDGE('',*,*,#1635,.F.);
#2098=ORIENTED_EDGE('',*,*,#1636,.F.);
#2099=ORIENTED_EDGE('',*,*,#1635,.T.);
#2100=ORIENTED_EDGE('',*,*,#1637,.F.);
#2101=ORIENTED_EDGE('',*,*,#1638,.F.);
#2102=ORIENTED_EDGE('',*,*,#1639,.F.);
#2103=ORIENTED_EDGE('',*,*,#1638,.T.);
#2104=ORIENTED_EDGE('',*,*,#1640,.F.);
#2105=ORIENTED_EDGE('',*,*,#1641,.F.);
#2106=ORIENTED_EDGE('',*,*,#1642,.F.);
#2107=ORIENTED_EDGE('',*,*,#1641,.T.);
#2108=ORIENTED_EDGE('',*,*,#1643,.F.);
#2109=ORIENTED_EDGE('',*,*,#1633,.F.);
#2110=ORIENTED_EDGE('',*,*,#1643,.T.);
#2111=ORIENTED_EDGE('',*,*,#1640,.T.);
#2112=ORIENTED_EDGE('',*,*,#1637,.T.);
#2113=ORIENTED_EDGE('',*,*,#1634,.T.);
#2114=ORIENTED_EDGE('',*,*,#1644,.F.);
#2115=ORIENTED_EDGE('',*,*,#1645,.T.);
#2116=ORIENTED_EDGE('',*,*,#1646,.F.);
#2117=ORIENTED_EDGE('',*,*,#1647,.F.);
#2118=ORIENTED_EDGE('',*,*,#1648,.F.);
#2119=ORIENTED_EDGE('',*,*,#1647,.T.);
#2120=ORIENTED_EDGE('',*,*,#1649,.F.);
#2121=ORIENTED_EDGE('',*,*,#1650,.F.);
#2122=ORIENTED_EDGE('',*,*,#1651,.F.);
#2123=ORIENTED_EDGE('',*,*,#1650,.T.);
#2124=ORIENTED_EDGE('',*,*,#1652,.F.);
#2125=ORIENTED_EDGE('',*,*,#1653,.F.);
#2126=ORIENTED_EDGE('',*,*,#1654,.F.);
#2127=ORIENTED_EDGE('',*,*,#1653,.T.);
#2128=ORIENTED_EDGE('',*,*,#1655,.F.);
#2129=ORIENTED_EDGE('',*,*,#1645,.F.);
#2130=ORIENTED_EDGE('',*,*,#1655,.T.);
#2131=ORIENTED_EDGE('',*,*,#1652,.T.);
#2132=ORIENTED_EDGE('',*,*,#1649,.T.);
#2133=ORIENTED_EDGE('',*,*,#1646,.T.);
#2134=ORIENTED_EDGE('',*,*,#1656,.F.);
#2135=ORIENTED_EDGE('',*,*,#1657,.T.);
#2136=ORIENTED_EDGE('',*,*,#1658,.F.);
#2137=ORIENTED_EDGE('',*,*,#1659,.F.);
#2138=ORIENTED_EDGE('',*,*,#1660,.F.);
#2139=ORIENTED_EDGE('',*,*,#1659,.T.);
#2140=ORIENTED_EDGE('',*,*,#1661,.F.);
#2141=ORIENTED_EDGE('',*,*,#1662,.F.);
#2142=ORIENTED_EDGE('',*,*,#1663,.F.);
#2143=ORIENTED_EDGE('',*,*,#1662,.T.);
#2144=ORIENTED_EDGE('',*,*,#1664,.F.);
#2145=ORIENTED_EDGE('',*,*,#1665,.F.);
#2146=ORIENTED_EDGE('',*,*,#1666,.F.);
#2147=ORIENTED_EDGE('',*,*,#1665,.T.);
#2148=ORIENTED_EDGE('',*,*,#1667,.F.);
#2149=ORIENTED_EDGE('',*,*,#1657,.F.);
#2150=ORIENTED_EDGE('',*,*,#1667,.T.);
#2151=ORIENTED_EDGE('',*,*,#1664,.T.);
#2152=ORIENTED_EDGE('',*,*,#1661,.T.);
#2153=ORIENTED_EDGE('',*,*,#1658,.T.);
#2154=ORIENTED_EDGE('',*,*,#1668,.F.);
#2155=ORIENTED_EDGE('',*,*,#1669,.T.);
#2156=ORIENTED_EDGE('',*,*,#1670,.F.);
#2157=ORIENTED_EDGE('',*,*,#1671,.F.);
#2158=ORIENTED_EDGE('',*,*,#1672,.F.);
#2159=ORIENTED_EDGE('',*,*,#1671,.T.);
#2160=ORIENTED_EDGE('',*,*,#1673,.F.);
#2161=ORIENTED_EDGE('',*,*,#1674,.F.);
#2162=ORIENTED_EDGE('',*,*,#1675,.F.);
#2163=ORIENTED_EDGE('',*,*,#1674,.T.);
#2164=ORIENTED_EDGE('',*,*,#1676,.F.);
#2165=ORIENTED_EDGE('',*,*,#1677,.F.);
#2166=ORIENTED_EDGE('',*,*,#1678,.F.);
#2167=ORIENTED_EDGE('',*,*,#1677,.T.);
#2168=ORIENTED_EDGE('',*,*,#1679,.F.);
#2169=ORIENTED_EDGE('',*,*,#1669,.F.);
#2170=ORIENTED_EDGE('',*,*,#1679,.T.);
#2171=ORIENTED_EDGE('',*,*,#1676,.T.);
#2172=ORIENTED_EDGE('',*,*,#1673,.T.);
#2173=ORIENTED_EDGE('',*,*,#1670,.T.);
#2174=ORIENTED_EDGE('',*,*,#1680,.F.);
#2175=ORIENTED_EDGE('',*,*,#1681,.T.);
#2176=ORIENTED_EDGE('',*,*,#1682,.F.);
#2177=ORIENTED_EDGE('',*,*,#1683,.F.);
#2178=ORIENTED_EDGE('',*,*,#1684,.F.);
#2179=ORIENTED_EDGE('',*,*,#1683,.T.);
#2180=ORIENTED_EDGE('',*,*,#1685,.F.);
#2181=ORIENTED_EDGE('',*,*,#1686,.F.);
#2182=ORIENTED_EDGE('',*,*,#1687,.F.);
#2183=ORIENTED_EDGE('',*,*,#1686,.T.);
#2184=ORIENTED_EDGE('',*,*,#1688,.F.);
#2185=ORIENTED_EDGE('',*,*,#1689,.F.);
#2186=ORIENTED_EDGE('',*,*,#1690,.F.);
#2187=ORIENTED_EDGE('',*,*,#1689,.T.);
#2188=ORIENTED_EDGE('',*,*,#1691,.F.);
#2189=ORIENTED_EDGE('',*,*,#1681,.F.);
#2190=ORIENTED_EDGE('',*,*,#1691,.T.);
#2191=ORIENTED_EDGE('',*,*,#1688,.T.);
#2192=ORIENTED_EDGE('',*,*,#1685,.T.);
#2193=ORIENTED_EDGE('',*,*,#1682,.T.);
#2194=ORIENTED_EDGE('',*,*,#1692,.F.);
#2195=ORIENTED_EDGE('',*,*,#1693,.T.);
#2196=ORIENTED_EDGE('',*,*,#1694,.F.);
#2197=ORIENTED_EDGE('',*,*,#1695,.F.);
#2198=ORIENTED_EDGE('',*,*,#1696,.F.);
#2199=ORIENTED_EDGE('',*,*,#1695,.T.);
#2200=ORIENTED_EDGE('',*,*,#1697,.F.);
#2201=ORIENTED_EDGE('',*,*,#1698,.F.);
#2202=ORIENTED_EDGE('',*,*,#1699,.F.);
#2203=ORIENTED_EDGE('',*,*,#1698,.T.);
#2204=ORIENTED_EDGE('',*,*,#1700,.F.);
#2205=ORIENTED_EDGE('',*,*,#1701,.F.);
#2206=ORIENTED_EDGE('',*,*,#1702,.F.);
#2207=ORIENTED_EDGE('',*,*,#1701,.T.);
#2208=ORIENTED_EDGE('',*,*,#1703,.F.);
#2209=ORIENTED_EDGE('',*,*,#1693,.F.);
#2210=ORIENTED_EDGE('',*,*,#1703,.T.);
#2211=ORIENTED_EDGE('',*,*,#1700,.T.);
#2212=ORIENTED_EDGE('',*,*,#1697,.T.);
#2213=ORIENTED_EDGE('',*,*,#1694,.T.);
#2214=ORIENTED_EDGE('',*,*,#1704,.F.);
#2215=ORIENTED_EDGE('',*,*,#1705,.T.);
#2216=ORIENTED_EDGE('',*,*,#1706,.F.);
#2217=ORIENTED_EDGE('',*,*,#1707,.F.);
#2218=ORIENTED_EDGE('',*,*,#1708,.F.);
#2219=ORIENTED_EDGE('',*,*,#1707,.T.);
#2220=ORIENTED_EDGE('',*,*,#1709,.F.);
#2221=ORIENTED_EDGE('',*,*,#1710,.F.);
#2222=ORIENTED_EDGE('',*,*,#1711,.F.);
#2223=ORIENTED_EDGE('',*,*,#1710,.T.);
#2224=ORIENTED_EDGE('',*,*,#1712,.F.);
#2225=ORIENTED_EDGE('',*,*,#1713,.F.);
#2226=ORIENTED_EDGE('',*,*,#1714,.F.);
#2227=ORIENTED_EDGE('',*,*,#1713,.T.);
#2228=ORIENTED_EDGE('',*,*,#1715,.F.);
#2229=ORIENTED_EDGE('',*,*,#1705,.F.);
#2230=ORIENTED_EDGE('',*,*,#1715,.T.);
#2231=ORIENTED_EDGE('',*,*,#1712,.T.);
#2232=ORIENTED_EDGE('',*,*,#1709,.T.);
#2233=ORIENTED_EDGE('',*,*,#1706,.T.);
#2234=ORIENTED_EDGE('',*,*,#1716,.F.);
#2235=ORIENTED_EDGE('',*,*,#1717,.T.);
#2236=ORIENTED_EDGE('',*,*,#1718,.F.);
#2237=ORIENTED_EDGE('',*,*,#1719,.F.);
#2238=ORIENTED_EDGE('',*,*,#1720,.F.);
#2239=ORIENTED_EDGE('',*,*,#1719,.T.);
#2240=ORIENTED_EDGE('',*,*,#1721,.F.);
#2241=ORIENTED_EDGE('',*,*,#1722,.F.);
#2242=ORIENTED_EDGE('',*,*,#1723,.F.);
#2243=ORIENTED_EDGE('',*,*,#1722,.T.);
#2244=ORIENTED_EDGE('',*,*,#1724,.F.);
#2245=ORIENTED_EDGE('',*,*,#1725,.F.);
#2246=ORIENTED_EDGE('',*,*,#1726,.F.);
#2247=ORIENTED_EDGE('',*,*,#1725,.T.);
#2248=ORIENTED_EDGE('',*,*,#1727,.F.);
#2249=ORIENTED_EDGE('',*,*,#1717,.F.);
#2250=ORIENTED_EDGE('',*,*,#1727,.T.);
#2251=ORIENTED_EDGE('',*,*,#1724,.T.);
#2252=ORIENTED_EDGE('',*,*,#1721,.T.);
#2253=ORIENTED_EDGE('',*,*,#1718,.T.);
#2254=ORIENTED_EDGE('',*,*,#1728,.F.);
#2255=ORIENTED_EDGE('',*,*,#1729,.T.);
#2256=ORIENTED_EDGE('',*,*,#1730,.F.);
#2257=ORIENTED_EDGE('',*,*,#1731,.F.);
#2258=ORIENTED_EDGE('',*,*,#1732,.F.);
#2259=ORIENTED_EDGE('',*,*,#1731,.T.);
#2260=ORIENTED_EDGE('',*,*,#1733,.F.);
#2261=ORIENTED_EDGE('',*,*,#1734,.F.);
#2262=ORIENTED_EDGE('',*,*,#1735,.F.);
#2263=ORIENTED_EDGE('',*,*,#1734,.T.);
#2264=ORIENTED_EDGE('',*,*,#1736,.F.);
#2265=ORIENTED_EDGE('',*,*,#1737,.F.);
#2266=ORIENTED_EDGE('',*,*,#1738,.F.);
#2267=ORIENTED_EDGE('',*,*,#1737,.T.);
#2268=ORIENTED_EDGE('',*,*,#1739,.F.);
#2269=ORIENTED_EDGE('',*,*,#1729,.F.);
#2270=ORIENTED_EDGE('',*,*,#1739,.T.);
#2271=ORIENTED_EDGE('',*,*,#1736,.T.);
#2272=ORIENTED_EDGE('',*,*,#1733,.T.);
#2273=ORIENTED_EDGE('',*,*,#1730,.T.);
#2274=ORIENTED_EDGE('',*,*,#1740,.F.);
#2275=ORIENTED_EDGE('',*,*,#1741,.T.);
#2276=ORIENTED_EDGE('',*,*,#1742,.F.);
#2277=ORIENTED_EDGE('',*,*,#1743,.F.);
#2278=ORIENTED_EDGE('',*,*,#1744,.F.);
#2279=ORIENTED_EDGE('',*,*,#1743,.T.);
#2280=ORIENTED_EDGE('',*,*,#1745,.F.);
#2281=ORIENTED_EDGE('',*,*,#1746,.F.);
#2282=ORIENTED_EDGE('',*,*,#1747,.F.);
#2283=ORIENTED_EDGE('',*,*,#1746,.T.);
#2284=ORIENTED_EDGE('',*,*,#1748,.F.);
#2285=ORIENTED_EDGE('',*,*,#1749,.F.);
#2286=ORIENTED_EDGE('',*,*,#1750,.F.);
#2287=ORIENTED_EDGE('',*,*,#1749,.T.);
#2288=ORIENTED_EDGE('',*,*,#1751,.F.);
#2289=ORIENTED_EDGE('',*,*,#1741,.F.);
#2290=ORIENTED_EDGE('',*,*,#1751,.T.);
#2291=ORIENTED_EDGE('',*,*,#1748,.T.);
#2292=ORIENTED_EDGE('',*,*,#1745,.T.);
#2293=ORIENTED_EDGE('',*,*,#1742,.T.);
#2294=ORIENTED_EDGE('',*,*,#1752,.F.);
#2295=ORIENTED_EDGE('',*,*,#1753,.T.);
#2296=ORIENTED_EDGE('',*,*,#1754,.F.);
#2297=ORIENTED_EDGE('',*,*,#1755,.F.);
#2298=ORIENTED_EDGE('',*,*,#1756,.F.);
#2299=ORIENTED_EDGE('',*,*,#1755,.T.);
#2300=ORIENTED_EDGE('',*,*,#1757,.F.);
#2301=ORIENTED_EDGE('',*,*,#1758,.F.);
#2302=ORIENTED_EDGE('',*,*,#1759,.F.);
#2303=ORIENTED_EDGE('',*,*,#1758,.T.);
#2304=ORIENTED_EDGE('',*,*,#1760,.F.);
#2305=ORIENTED_EDGE('',*,*,#1761,.F.);
#2306=ORIENTED_EDGE('',*,*,#1762,.F.);
#2307=ORIENTED_EDGE('',*,*,#1761,.T.);
#2308=ORIENTED_EDGE('',*,*,#1763,.F.);
#2309=ORIENTED_EDGE('',*,*,#1753,.F.);
#2310=ORIENTED_EDGE('',*,*,#1763,.T.);
#2311=ORIENTED_EDGE('',*,*,#1760,.T.);
#2312=ORIENTED_EDGE('',*,*,#1757,.T.);
#2313=ORIENTED_EDGE('',*,*,#1754,.T.);
#2314=ORIENTED_EDGE('',*,*,#1764,.T.);
#2315=ORIENTED_EDGE('',*,*,#1765,.T.);
#2316=ORIENTED_EDGE('',*,*,#1766,.T.);
#2317=ORIENTED_EDGE('',*,*,#1767,.T.);
#2318=ORIENTED_EDGE('',*,*,#1765,.F.);
#2319=ORIENTED_EDGE('',*,*,#1768,.F.);
#2320=ORIENTED_EDGE('',*,*,#1769,.F.);
#2321=ORIENTED_EDGE('',*,*,#1770,.F.);
#2322=ORIENTED_EDGE('',*,*,#1764,.F.);
#2323=ORIENTED_EDGE('',*,*,#1771,.T.);
#2324=ORIENTED_EDGE('',*,*,#1772,.F.);
#2325=ORIENTED_EDGE('',*,*,#1773,.T.);
#2326=ORIENTED_EDGE('',*,*,#1774,.F.);
#2327=ORIENTED_EDGE('',*,*,#1775,.T.);
#2328=ORIENTED_EDGE('',*,*,#1776,.F.);
#2329=ORIENTED_EDGE('',*,*,#1768,.T.);
#2330=ORIENTED_EDGE('',*,*,#1777,.T.);
#2331=ORIENTED_EDGE('',*,*,#1778,.T.);
#2332=ORIENTED_EDGE('',*,*,#1779,.T.);
#2333=ORIENTED_EDGE('',*,*,#1780,.T.);
#2334=ORIENTED_EDGE('',*,*,#1776,.T.);
#2335=ORIENTED_EDGE('',*,*,#1781,.T.);
#2336=ORIENTED_EDGE('',*,*,#1782,.T.);
#2337=ORIENTED_EDGE('',*,*,#1769,.T.);
#2338=ORIENTED_EDGE('',*,*,#1781,.F.);
#2339=ORIENTED_EDGE('',*,*,#1775,.F.);
#2340=ORIENTED_EDGE('',*,*,#1783,.F.);
#2341=ORIENTED_EDGE('',*,*,#1784,.F.);
#2342=ORIENTED_EDGE('',*,*,#1785,.T.);
#2343=ORIENTED_EDGE('',*,*,#1786,.T.);
#2344=ORIENTED_EDGE('',*,*,#1787,.T.);
#2345=ORIENTED_EDGE('',*,*,#1788,.T.);
#2346=ORIENTED_EDGE('',*,*,#1786,.F.);
#2347=ORIENTED_EDGE('',*,*,#1789,.F.);
#2348=ORIENTED_EDGE('',*,*,#1790,.F.);
#2349=ORIENTED_EDGE('',*,*,#1791,.F.);
#2350=ORIENTED_EDGE('',*,*,#1785,.F.);
#2351=ORIENTED_EDGE('',*,*,#1792,.T.);
#2352=ORIENTED_EDGE('',*,*,#1793,.F.);
#2353=ORIENTED_EDGE('',*,*,#1794,.T.);
#2354=ORIENTED_EDGE('',*,*,#1795,.F.);
#2355=ORIENTED_EDGE('',*,*,#1796,.T.);
#2356=ORIENTED_EDGE('',*,*,#1797,.F.);
#2357=ORIENTED_EDGE('',*,*,#1789,.T.);
#2358=ORIENTED_EDGE('',*,*,#1798,.T.);
#2359=ORIENTED_EDGE('',*,*,#1799,.T.);
#2360=ORIENTED_EDGE('',*,*,#1800,.T.);
#2361=ORIENTED_EDGE('',*,*,#1801,.T.);
#2362=ORIENTED_EDGE('',*,*,#1797,.T.);
#2363=ORIENTED_EDGE('',*,*,#1802,.T.);
#2364=ORIENTED_EDGE('',*,*,#1803,.T.);
#2365=ORIENTED_EDGE('',*,*,#1790,.T.);
#2366=ORIENTED_EDGE('',*,*,#1802,.F.);
#2367=ORIENTED_EDGE('',*,*,#1796,.F.);
#2368=ORIENTED_EDGE('',*,*,#1804,.F.);
#2369=ORIENTED_EDGE('',*,*,#1805,.F.);
#2370=ORIENTED_EDGE('',*,*,#1806,.T.);
#2371=ORIENTED_EDGE('',*,*,#1807,.T.);
#2372=ORIENTED_EDGE('',*,*,#1808,.T.);
#2373=ORIENTED_EDGE('',*,*,#1809,.T.);
#2374=ORIENTED_EDGE('',*,*,#1807,.F.);
#2375=ORIENTED_EDGE('',*,*,#1810,.F.);
#2376=ORIENTED_EDGE('',*,*,#1811,.F.);
#2377=ORIENTED_EDGE('',*,*,#1812,.F.);
#2378=ORIENTED_EDGE('',*,*,#1806,.F.);
#2379=ORIENTED_EDGE('',*,*,#1813,.T.);
#2380=ORIENTED_EDGE('',*,*,#1814,.F.);
#2381=ORIENTED_EDGE('',*,*,#1815,.T.);
#2382=ORIENTED_EDGE('',*,*,#1816,.F.);
#2383=ORIENTED_EDGE('',*,*,#1817,.T.);
#2384=ORIENTED_EDGE('',*,*,#1818,.F.);
#2385=ORIENTED_EDGE('',*,*,#1810,.T.);
#2386=ORIENTED_EDGE('',*,*,#1819,.T.);
#2387=ORIENTED_EDGE('',*,*,#1820,.T.);
#2388=ORIENTED_EDGE('',*,*,#1821,.T.);
#2389=ORIENTED_EDGE('',*,*,#1822,.T.);
#2390=ORIENTED_EDGE('',*,*,#1818,.T.);
#2391=ORIENTED_EDGE('',*,*,#1823,.T.);
#2392=ORIENTED_EDGE('',*,*,#1824,.T.);
#2393=ORIENTED_EDGE('',*,*,#1811,.T.);
#2394=ORIENTED_EDGE('',*,*,#1823,.F.);
#2395=ORIENTED_EDGE('',*,*,#1817,.F.);
#2396=ORIENTED_EDGE('',*,*,#1825,.F.);
#2397=ORIENTED_EDGE('',*,*,#1826,.F.);
#2398=ORIENTED_EDGE('',*,*,#1827,.T.);
#2399=ORIENTED_EDGE('',*,*,#1828,.T.);
#2400=ORIENTED_EDGE('',*,*,#1829,.T.);
#2401=ORIENTED_EDGE('',*,*,#1830,.T.);
#2402=ORIENTED_EDGE('',*,*,#1828,.F.);
#2403=ORIENTED_EDGE('',*,*,#1831,.F.);
#2404=ORIENTED_EDGE('',*,*,#1832,.F.);
#2405=ORIENTED_EDGE('',*,*,#1833,.F.);
#2406=ORIENTED_EDGE('',*,*,#1827,.F.);
#2407=ORIENTED_EDGE('',*,*,#1834,.T.);
#2408=ORIENTED_EDGE('',*,*,#1835,.F.);
#2409=ORIENTED_EDGE('',*,*,#1836,.T.);
#2410=ORIENTED_EDGE('',*,*,#1837,.F.);
#2411=ORIENTED_EDGE('',*,*,#1838,.T.);
#2412=ORIENTED_EDGE('',*,*,#1839,.F.);
#2413=ORIENTED_EDGE('',*,*,#1831,.T.);
#2414=ORIENTED_EDGE('',*,*,#1840,.T.);
#2415=ORIENTED_EDGE('',*,*,#1841,.T.);
#2416=ORIENTED_EDGE('',*,*,#1842,.T.);
#2417=ORIENTED_EDGE('',*,*,#1843,.T.);
#2418=ORIENTED_EDGE('',*,*,#1839,.T.);
#2419=ORIENTED_EDGE('',*,*,#1844,.T.);
#2420=ORIENTED_EDGE('',*,*,#1845,.T.);
#2421=ORIENTED_EDGE('',*,*,#1832,.T.);
#2422=ORIENTED_EDGE('',*,*,#1844,.F.);
#2423=ORIENTED_EDGE('',*,*,#1838,.F.);
#2424=ORIENTED_EDGE('',*,*,#1846,.F.);
#2425=ORIENTED_EDGE('',*,*,#1847,.F.);
#2426=ORIENTED_EDGE('',*,*,#1837,.T.);
#2427=ORIENTED_EDGE('',*,*,#1848,.T.);
#2428=ORIENTED_EDGE('',*,*,#1849,.T.);
#2429=ORIENTED_EDGE('',*,*,#1846,.T.);
#2430=ORIENTED_EDGE('',*,*,#1848,.F.);
#2431=ORIENTED_EDGE('',*,*,#1836,.F.);
#2432=ORIENTED_EDGE('',*,*,#1850,.F.);
#2433=ORIENTED_EDGE('',*,*,#1851,.F.);
#2434=ORIENTED_EDGE('',*,*,#1835,.T.);
#2435=ORIENTED_EDGE('',*,*,#1852,.T.);
#2436=ORIENTED_EDGE('',*,*,#1853,.T.);
#2437=ORIENTED_EDGE('',*,*,#1850,.T.);
#2438=ORIENTED_EDGE('',*,*,#1816,.T.);
#2439=ORIENTED_EDGE('',*,*,#1854,.T.);
#2440=ORIENTED_EDGE('',*,*,#1855,.T.);
#2441=ORIENTED_EDGE('',*,*,#1825,.T.);
#2442=ORIENTED_EDGE('',*,*,#1854,.F.);
#2443=ORIENTED_EDGE('',*,*,#1815,.F.);
#2444=ORIENTED_EDGE('',*,*,#1856,.F.);
#2445=ORIENTED_EDGE('',*,*,#1857,.F.);
#2446=ORIENTED_EDGE('',*,*,#1814,.T.);
#2447=ORIENTED_EDGE('',*,*,#1858,.T.);
#2448=ORIENTED_EDGE('',*,*,#1859,.T.);
#2449=ORIENTED_EDGE('',*,*,#1856,.T.);
#2450=ORIENTED_EDGE('',*,*,#1795,.T.);
#2451=ORIENTED_EDGE('',*,*,#1860,.T.);
#2452=ORIENTED_EDGE('',*,*,#1861,.T.);
#2453=ORIENTED_EDGE('',*,*,#1804,.T.);
#2454=ORIENTED_EDGE('',*,*,#1860,.F.);
#2455=ORIENTED_EDGE('',*,*,#1794,.F.);
#2456=ORIENTED_EDGE('',*,*,#1862,.F.);
#2457=ORIENTED_EDGE('',*,*,#1863,.F.);
#2458=ORIENTED_EDGE('',*,*,#1793,.T.);
#2459=ORIENTED_EDGE('',*,*,#1864,.T.);
#2460=ORIENTED_EDGE('',*,*,#1865,.T.);
#2461=ORIENTED_EDGE('',*,*,#1862,.T.);
#2462=ORIENTED_EDGE('',*,*,#1774,.T.);
#2463=ORIENTED_EDGE('',*,*,#1866,.T.);
#2464=ORIENTED_EDGE('',*,*,#1867,.T.);
#2465=ORIENTED_EDGE('',*,*,#1783,.T.);
#2466=ORIENTED_EDGE('',*,*,#1866,.F.);
#2467=ORIENTED_EDGE('',*,*,#1773,.F.);
#2468=ORIENTED_EDGE('',*,*,#1868,.F.);
#2469=ORIENTED_EDGE('',*,*,#1869,.F.);
#2470=ORIENTED_EDGE('',*,*,#1772,.T.);
#2471=ORIENTED_EDGE('',*,*,#1870,.T.);
#2472=ORIENTED_EDGE('',*,*,#1871,.T.);
#2473=ORIENTED_EDGE('',*,*,#1868,.T.);
#2474=ORIENTED_EDGE('',*,*,#1872,.F.);
#2475=ORIENTED_EDGE('',*,*,#1873,.T.);
#2476=ORIENTED_EDGE('',*,*,#1874,.F.);
#2477=ORIENTED_EDGE('',*,*,#1875,.F.);
#2478=ORIENTED_EDGE('',*,*,#1876,.F.);
#2479=ORIENTED_EDGE('',*,*,#1875,.T.);
#2480=ORIENTED_EDGE('',*,*,#1877,.F.);
#2481=ORIENTED_EDGE('',*,*,#1878,.F.);
#2482=ORIENTED_EDGE('',*,*,#1879,.F.);
#2483=ORIENTED_EDGE('',*,*,#1878,.T.);
#2484=ORIENTED_EDGE('',*,*,#1880,.F.);
#2485=ORIENTED_EDGE('',*,*,#1881,.F.);
#2486=ORIENTED_EDGE('',*,*,#1882,.F.);
#2487=ORIENTED_EDGE('',*,*,#1881,.T.);
#2488=ORIENTED_EDGE('',*,*,#1883,.F.);
#2489=ORIENTED_EDGE('',*,*,#1873,.F.);
#2490=ORIENTED_EDGE('',*,*,#1883,.T.);
#2491=ORIENTED_EDGE('',*,*,#1880,.T.);
#2492=ORIENTED_EDGE('',*,*,#1877,.T.);
#2493=ORIENTED_EDGE('',*,*,#1874,.T.);
#2494=ORIENTED_EDGE('',*,*,#1884,.F.);
#2495=ORIENTED_EDGE('',*,*,#1885,.T.);
#2496=ORIENTED_EDGE('',*,*,#1886,.F.);
#2497=ORIENTED_EDGE('',*,*,#1887,.F.);
#2498=ORIENTED_EDGE('',*,*,#1888,.F.);
#2499=ORIENTED_EDGE('',*,*,#1887,.T.);
#2500=ORIENTED_EDGE('',*,*,#1889,.F.);
#2501=ORIENTED_EDGE('',*,*,#1890,.F.);
#2502=ORIENTED_EDGE('',*,*,#1891,.F.);
#2503=ORIENTED_EDGE('',*,*,#1890,.T.);
#2504=ORIENTED_EDGE('',*,*,#1892,.F.);
#2505=ORIENTED_EDGE('',*,*,#1893,.F.);
#2506=ORIENTED_EDGE('',*,*,#1894,.F.);
#2507=ORIENTED_EDGE('',*,*,#1893,.T.);
#2508=ORIENTED_EDGE('',*,*,#1895,.F.);
#2509=ORIENTED_EDGE('',*,*,#1885,.F.);
#2510=ORIENTED_EDGE('',*,*,#1895,.T.);
#2511=ORIENTED_EDGE('',*,*,#1892,.T.);
#2512=ORIENTED_EDGE('',*,*,#1889,.T.);
#2513=ORIENTED_EDGE('',*,*,#1886,.T.);
#2514=ORIENTED_EDGE('',*,*,#1872,.T.);
#2515=ORIENTED_EDGE('',*,*,#1876,.T.);
#2516=ORIENTED_EDGE('',*,*,#1879,.T.);
#2517=ORIENTED_EDGE('',*,*,#1882,.T.);
#2518=ORIENTED_EDGE('',*,*,#1896,.F.);
#2519=ORIENTED_EDGE('',*,*,#1897,.T.);
#2520=ORIENTED_EDGE('',*,*,#1898,.F.);
#2521=ORIENTED_EDGE('',*,*,#1899,.F.);
#2522=ORIENTED_EDGE('',*,*,#1900,.F.);
#2523=ORIENTED_EDGE('',*,*,#1901,.T.);
#2524=ORIENTED_EDGE('',*,*,#1902,.F.);
#2525=ORIENTED_EDGE('',*,*,#1897,.F.);
#2526=ORIENTED_EDGE('',*,*,#1903,.F.);
#2527=ORIENTED_EDGE('',*,*,#1899,.T.);
#2528=ORIENTED_EDGE('',*,*,#1904,.F.);
#2529=ORIENTED_EDGE('',*,*,#1905,.F.);
#2530=ORIENTED_EDGE('',*,*,#1906,.F.);
#2531=ORIENTED_EDGE('',*,*,#1905,.T.);
#2532=ORIENTED_EDGE('',*,*,#1907,.F.);
#2533=ORIENTED_EDGE('',*,*,#1901,.F.);
#2534=ORIENTED_EDGE('',*,*,#1907,.T.);
#2535=ORIENTED_EDGE('',*,*,#1904,.T.);
#2536=ORIENTED_EDGE('',*,*,#1898,.T.);
#2537=ORIENTED_EDGE('',*,*,#1902,.T.);
#2538=ORIENTED_EDGE('',*,*,#1908,.F.);
#2539=ORIENTED_EDGE('',*,*,#1909,.T.);
#2540=ORIENTED_EDGE('',*,*,#1910,.F.);
#2541=ORIENTED_EDGE('',*,*,#1911,.F.);
#2542=ORIENTED_EDGE('',*,*,#1912,.F.);
#2543=ORIENTED_EDGE('',*,*,#1913,.T.);
#2544=ORIENTED_EDGE('',*,*,#1914,.F.);
#2545=ORIENTED_EDGE('',*,*,#1909,.F.);
#2546=ORIENTED_EDGE('',*,*,#1915,.F.);
#2547=ORIENTED_EDGE('',*,*,#1911,.T.);
#2548=ORIENTED_EDGE('',*,*,#1916,.F.);
#2549=ORIENTED_EDGE('',*,*,#1917,.F.);
#2550=ORIENTED_EDGE('',*,*,#1918,.F.);
#2551=ORIENTED_EDGE('',*,*,#1917,.T.);
#2552=ORIENTED_EDGE('',*,*,#1919,.F.);
#2553=ORIENTED_EDGE('',*,*,#1913,.F.);
#2554=ORIENTED_EDGE('',*,*,#1919,.T.);
#2555=ORIENTED_EDGE('',*,*,#1916,.T.);
#2556=ORIENTED_EDGE('',*,*,#1910,.T.);
#2557=ORIENTED_EDGE('',*,*,#1914,.T.);
#2558=ORIENTED_EDGE('',*,*,#1920,.F.);
#2559=ORIENTED_EDGE('',*,*,#1921,.T.);
#2560=ORIENTED_EDGE('',*,*,#1922,.F.);
#2561=ORIENTED_EDGE('',*,*,#1923,.F.);
#2562=ORIENTED_EDGE('',*,*,#1924,.F.);
#2563=ORIENTED_EDGE('',*,*,#1925,.T.);
#2564=ORIENTED_EDGE('',*,*,#1926,.F.);
#2565=ORIENTED_EDGE('',*,*,#1921,.F.);
#2566=ORIENTED_EDGE('',*,*,#1927,.F.);
#2567=ORIENTED_EDGE('',*,*,#1923,.T.);
#2568=ORIENTED_EDGE('',*,*,#1928,.F.);
#2569=ORIENTED_EDGE('',*,*,#1929,.F.);
#2570=ORIENTED_EDGE('',*,*,#1930,.F.);
#2571=ORIENTED_EDGE('',*,*,#1929,.T.);
#2572=ORIENTED_EDGE('',*,*,#1931,.F.);
#2573=ORIENTED_EDGE('',*,*,#1925,.F.);
#2574=ORIENTED_EDGE('',*,*,#1931,.T.);
#2575=ORIENTED_EDGE('',*,*,#1928,.T.);
#2576=ORIENTED_EDGE('',*,*,#1922,.T.);
#2577=ORIENTED_EDGE('',*,*,#1926,.T.);
#2578=ORIENTED_EDGE('',*,*,#1932,.F.);
#2579=ORIENTED_EDGE('',*,*,#1933,.T.);
#2580=ORIENTED_EDGE('',*,*,#1934,.F.);
#2581=ORIENTED_EDGE('',*,*,#1935,.F.);
#2582=ORIENTED_EDGE('',*,*,#1936,.F.);
#2583=ORIENTED_EDGE('',*,*,#1937,.T.);
#2584=ORIENTED_EDGE('',*,*,#1938,.F.);
#2585=ORIENTED_EDGE('',*,*,#1933,.F.);
#2586=ORIENTED_EDGE('',*,*,#1939,.F.);
#2587=ORIENTED_EDGE('',*,*,#1935,.T.);
#2588=ORIENTED_EDGE('',*,*,#1940,.F.);
#2589=ORIENTED_EDGE('',*,*,#1941,.F.);
#2590=ORIENTED_EDGE('',*,*,#1942,.F.);
#2591=ORIENTED_EDGE('',*,*,#1941,.T.);
#2592=ORIENTED_EDGE('',*,*,#1943,.F.);
#2593=ORIENTED_EDGE('',*,*,#1937,.F.);
#2594=ORIENTED_EDGE('',*,*,#1943,.T.);
#2595=ORIENTED_EDGE('',*,*,#1940,.T.);
#2596=ORIENTED_EDGE('',*,*,#1934,.T.);
#2597=ORIENTED_EDGE('',*,*,#1938,.T.);
#2598=ORIENTED_EDGE('',*,*,#1840,.F.);
#2599=ORIENTED_EDGE('',*,*,#1944,.T.);
#2600=ORIENTED_EDGE('',*,*,#1945,.F.);
#2601=ORIENTED_EDGE('',*,*,#1946,.F.);
#2602=ORIENTED_EDGE('',*,*,#1841,.F.);
#2603=ORIENTED_EDGE('',*,*,#1946,.T.);
#2604=ORIENTED_EDGE('',*,*,#1947,.F.);
#2605=ORIENTED_EDGE('',*,*,#1948,.F.);
#2606=ORIENTED_EDGE('',*,*,#1842,.F.);
#2607=ORIENTED_EDGE('',*,*,#1948,.T.);
#2608=ORIENTED_EDGE('',*,*,#1949,.F.);
#2609=ORIENTED_EDGE('',*,*,#1950,.F.);
#2610=ORIENTED_EDGE('',*,*,#1843,.F.);
#2611=ORIENTED_EDGE('',*,*,#1950,.T.);
#2612=ORIENTED_EDGE('',*,*,#1951,.F.);
#2613=ORIENTED_EDGE('',*,*,#1944,.F.);
#2614=ORIENTED_EDGE('',*,*,#1951,.T.);
#2615=ORIENTED_EDGE('',*,*,#1949,.T.);
#2616=ORIENTED_EDGE('',*,*,#1947,.T.);
#2617=ORIENTED_EDGE('',*,*,#1945,.T.);
#2618=ORIENTED_EDGE('',*,*,#1819,.F.);
#2619=ORIENTED_EDGE('',*,*,#1952,.T.);
#2620=ORIENTED_EDGE('',*,*,#1953,.F.);
#2621=ORIENTED_EDGE('',*,*,#1954,.F.);
#2622=ORIENTED_EDGE('',*,*,#1820,.F.);
#2623=ORIENTED_EDGE('',*,*,#1954,.T.);
#2624=ORIENTED_EDGE('',*,*,#1955,.F.);
#2625=ORIENTED_EDGE('',*,*,#1956,.F.);
#2626=ORIENTED_EDGE('',*,*,#1821,.F.);
#2627=ORIENTED_EDGE('',*,*,#1956,.T.);
#2628=ORIENTED_EDGE('',*,*,#1957,.F.);
#2629=ORIENTED_EDGE('',*,*,#1958,.F.);
#2630=ORIENTED_EDGE('',*,*,#1822,.F.);
#2631=ORIENTED_EDGE('',*,*,#1958,.T.);
#2632=ORIENTED_EDGE('',*,*,#1959,.F.);
#2633=ORIENTED_EDGE('',*,*,#1952,.F.);
#2634=ORIENTED_EDGE('',*,*,#1959,.T.);
#2635=ORIENTED_EDGE('',*,*,#1957,.T.);
#2636=ORIENTED_EDGE('',*,*,#1955,.T.);
#2637=ORIENTED_EDGE('',*,*,#1953,.T.);
#2638=ORIENTED_EDGE('',*,*,#1798,.F.);
#2639=ORIENTED_EDGE('',*,*,#1960,.T.);
#2640=ORIENTED_EDGE('',*,*,#1961,.F.);
#2641=ORIENTED_EDGE('',*,*,#1962,.F.);
#2642=ORIENTED_EDGE('',*,*,#1799,.F.);
#2643=ORIENTED_EDGE('',*,*,#1962,.T.);
#2644=ORIENTED_EDGE('',*,*,#1963,.F.);
#2645=ORIENTED_EDGE('',*,*,#1964,.F.);
#2646=ORIENTED_EDGE('',*,*,#1800,.F.);
#2647=ORIENTED_EDGE('',*,*,#1964,.T.);
#2648=ORIENTED_EDGE('',*,*,#1965,.F.);
#2649=ORIENTED_EDGE('',*,*,#1966,.F.);
#2650=ORIENTED_EDGE('',*,*,#1801,.F.);
#2651=ORIENTED_EDGE('',*,*,#1966,.T.);
#2652=ORIENTED_EDGE('',*,*,#1967,.F.);
#2653=ORIENTED_EDGE('',*,*,#1960,.F.);
#2654=ORIENTED_EDGE('',*,*,#1967,.T.);
#2655=ORIENTED_EDGE('',*,*,#1965,.T.);
#2656=ORIENTED_EDGE('',*,*,#1963,.T.);
#2657=ORIENTED_EDGE('',*,*,#1961,.T.);
#2658=ORIENTED_EDGE('',*,*,#1777,.F.);
#2659=ORIENTED_EDGE('',*,*,#1968,.T.);
#2660=ORIENTED_EDGE('',*,*,#1969,.F.);
#2661=ORIENTED_EDGE('',*,*,#1970,.F.);
#2662=ORIENTED_EDGE('',*,*,#1778,.F.);
#2663=ORIENTED_EDGE('',*,*,#1970,.T.);
#2664=ORIENTED_EDGE('',*,*,#1971,.F.);
#2665=ORIENTED_EDGE('',*,*,#1972,.F.);
#2666=ORIENTED_EDGE('',*,*,#1779,.F.);
#2667=ORIENTED_EDGE('',*,*,#1972,.T.);
#2668=ORIENTED_EDGE('',*,*,#1973,.F.);
#2669=ORIENTED_EDGE('',*,*,#1974,.F.);
#2670=ORIENTED_EDGE('',*,*,#1780,.F.);
#2671=ORIENTED_EDGE('',*,*,#1974,.T.);
#2672=ORIENTED_EDGE('',*,*,#1975,.F.);
#2673=ORIENTED_EDGE('',*,*,#1968,.F.);
#2674=ORIENTED_EDGE('',*,*,#1975,.T.);
#2675=ORIENTED_EDGE('',*,*,#1973,.T.);
#2676=ORIENTED_EDGE('',*,*,#1971,.T.);
#2677=ORIENTED_EDGE('',*,*,#1969,.T.);
#2678=ORIENTED_EDGE('',*,*,#1809,.F.);
#2679=ORIENTED_EDGE('',*,*,#1976,.F.);
#2680=ORIENTED_EDGE('',*,*,#1858,.F.);
#2681=ORIENTED_EDGE('',*,*,#1813,.F.);
#2682=ORIENTED_EDGE('',*,*,#1788,.F.);
#2683=ORIENTED_EDGE('',*,*,#1977,.F.);
#2684=ORIENTED_EDGE('',*,*,#1864,.F.);
#2685=ORIENTED_EDGE('',*,*,#1792,.F.);
#2686=ORIENTED_EDGE('',*,*,#1830,.F.);
#2687=ORIENTED_EDGE('',*,*,#1978,.F.);
#2688=ORIENTED_EDGE('',*,*,#1852,.F.);
#2689=ORIENTED_EDGE('',*,*,#1834,.F.);
#2690=ORIENTED_EDGE('',*,*,#1767,.F.);
#2691=ORIENTED_EDGE('',*,*,#1979,.F.);
#2692=ORIENTED_EDGE('',*,*,#1870,.F.);
#2693=ORIENTED_EDGE('',*,*,#1771,.F.);
#2694=ORIENTED_EDGE('',*,*,#1980,.T.);
#2695=ORIENTED_EDGE('',*,*,#1981,.T.);
#2696=ORIENTED_EDGE('',*,*,#1982,.T.);
#2697=ORIENTED_EDGE('',*,*,#1983,.T.);
#2698=ORIENTED_EDGE('',*,*,#1884,.T.);
#2699=ORIENTED_EDGE('',*,*,#1888,.T.);
#2700=ORIENTED_EDGE('',*,*,#1891,.T.);
#2701=ORIENTED_EDGE('',*,*,#1894,.T.);
#2702=ORIENTED_EDGE('',*,*,#1900,.T.);
#2703=ORIENTED_EDGE('',*,*,#1896,.T.);
#2704=ORIENTED_EDGE('',*,*,#1903,.T.);
#2705=ORIENTED_EDGE('',*,*,#1906,.T.);
#2706=ORIENTED_EDGE('',*,*,#1912,.T.);
#2707=ORIENTED_EDGE('',*,*,#1908,.T.);
#2708=ORIENTED_EDGE('',*,*,#1915,.T.);
#2709=ORIENTED_EDGE('',*,*,#1918,.T.);
#2710=ORIENTED_EDGE('',*,*,#1924,.T.);
#2711=ORIENTED_EDGE('',*,*,#1920,.T.);
#2712=ORIENTED_EDGE('',*,*,#1927,.T.);
#2713=ORIENTED_EDGE('',*,*,#1930,.T.);
#2714=ORIENTED_EDGE('',*,*,#1936,.T.);
#2715=ORIENTED_EDGE('',*,*,#1932,.T.);
#2716=ORIENTED_EDGE('',*,*,#1939,.T.);
#2717=ORIENTED_EDGE('',*,*,#1942,.T.);
#2718=ORIENTED_EDGE('',*,*,#1984,.F.);
#2719=ORIENTED_EDGE('',*,*,#1985,.F.);
#2720=ORIENTED_EDGE('',*,*,#1986,.F.);
#2721=ORIENTED_EDGE('',*,*,#1981,.F.);
#2722=ORIENTED_EDGE('',*,*,#1986,.T.);
#2723=ORIENTED_EDGE('',*,*,#1987,.F.);
#2724=ORIENTED_EDGE('',*,*,#1988,.F.);
#2725=ORIENTED_EDGE('',*,*,#1982,.F.);
#2726=ORIENTED_EDGE('',*,*,#1988,.T.);
#2727=ORIENTED_EDGE('',*,*,#1989,.F.);
#2728=ORIENTED_EDGE('',*,*,#1990,.F.);
#2729=ORIENTED_EDGE('',*,*,#1983,.F.);
#2730=ORIENTED_EDGE('',*,*,#1990,.T.);
#2731=ORIENTED_EDGE('',*,*,#1991,.F.);
#2732=ORIENTED_EDGE('',*,*,#1984,.T.);
#2733=ORIENTED_EDGE('',*,*,#1980,.F.);
#2734=ORIENTED_EDGE('',*,*,#1991,.T.);
#2735=ORIENTED_EDGE('',*,*,#1989,.T.);
#2736=ORIENTED_EDGE('',*,*,#1987,.T.);
#2737=ORIENTED_EDGE('',*,*,#1985,.T.);
#2738=ORIENTED_EDGE('',*,*,#1596,.T.);
#2739=ORIENTED_EDGE('',*,*,#1600,.T.);
#2740=ORIENTED_EDGE('',*,*,#1603,.T.);
#2741=ORIENTED_EDGE('',*,*,#1606,.T.);
#2742=ORIENTED_EDGE('',*,*,#1608,.T.);
#2743=ORIENTED_EDGE('',*,*,#1612,.T.);
#2744=ORIENTED_EDGE('',*,*,#1615,.T.);
#2745=ORIENTED_EDGE('',*,*,#1618,.T.);
#2746=ORIENTED_EDGE('',*,*,#1620,.T.);
#2747=ORIENTED_EDGE('',*,*,#1624,.T.);
#2748=ORIENTED_EDGE('',*,*,#1627,.T.);
#2749=ORIENTED_EDGE('',*,*,#1630,.T.);
#2750=ORIENTED_EDGE('',*,*,#1632,.T.);
#2751=ORIENTED_EDGE('',*,*,#1636,.T.);
#2752=ORIENTED_EDGE('',*,*,#1639,.T.);
#2753=ORIENTED_EDGE('',*,*,#1642,.T.);
#2754=ORIENTED_EDGE('',*,*,#1644,.T.);
#2755=ORIENTED_EDGE('',*,*,#1648,.T.);
#2756=ORIENTED_EDGE('',*,*,#1651,.T.);
#2757=ORIENTED_EDGE('',*,*,#1654,.T.);
#2758=ORIENTED_EDGE('',*,*,#1656,.T.);
#2759=ORIENTED_EDGE('',*,*,#1660,.T.);
#2760=ORIENTED_EDGE('',*,*,#1663,.T.);
#2761=ORIENTED_EDGE('',*,*,#1666,.T.);
#2762=ORIENTED_EDGE('',*,*,#1668,.T.);
#2763=ORIENTED_EDGE('',*,*,#1672,.T.);
#2764=ORIENTED_EDGE('',*,*,#1675,.T.);
#2765=ORIENTED_EDGE('',*,*,#1678,.T.);
#2766=ORIENTED_EDGE('',*,*,#1680,.T.);
#2767=ORIENTED_EDGE('',*,*,#1684,.T.);
#2768=ORIENTED_EDGE('',*,*,#1687,.T.);
#2769=ORIENTED_EDGE('',*,*,#1690,.T.);
#2770=ORIENTED_EDGE('',*,*,#1692,.T.);
#2771=ORIENTED_EDGE('',*,*,#1696,.T.);
#2772=ORIENTED_EDGE('',*,*,#1699,.T.);
#2773=ORIENTED_EDGE('',*,*,#1702,.T.);
#2774=ORIENTED_EDGE('',*,*,#1704,.T.);
#2775=ORIENTED_EDGE('',*,*,#1708,.T.);
#2776=ORIENTED_EDGE('',*,*,#1711,.T.);
#2777=ORIENTED_EDGE('',*,*,#1714,.T.);
#2778=ORIENTED_EDGE('',*,*,#1716,.T.);
#2779=ORIENTED_EDGE('',*,*,#1720,.T.);
#2780=ORIENTED_EDGE('',*,*,#1723,.T.);
#2781=ORIENTED_EDGE('',*,*,#1726,.T.);
#2782=ORIENTED_EDGE('',*,*,#1728,.T.);
#2783=ORIENTED_EDGE('',*,*,#1732,.T.);
#2784=ORIENTED_EDGE('',*,*,#1735,.T.);
#2785=ORIENTED_EDGE('',*,*,#1738,.T.);
#2786=ORIENTED_EDGE('',*,*,#1740,.T.);
#2787=ORIENTED_EDGE('',*,*,#1744,.T.);
#2788=ORIENTED_EDGE('',*,*,#1747,.T.);
#2789=ORIENTED_EDGE('',*,*,#1750,.T.);
#2790=ORIENTED_EDGE('',*,*,#1752,.T.);
#2791=ORIENTED_EDGE('',*,*,#1756,.T.);
#2792=ORIENTED_EDGE('',*,*,#1759,.T.);
#2793=ORIENTED_EDGE('',*,*,#1762,.T.);
#2794=ORIENTED_EDGE('',*,*,#1857,.T.);
#2795=ORIENTED_EDGE('',*,*,#1859,.F.);
#2796=ORIENTED_EDGE('',*,*,#1976,.T.);
#2797=ORIENTED_EDGE('',*,*,#1808,.F.);
#2798=ORIENTED_EDGE('',*,*,#1812,.T.);
#2799=ORIENTED_EDGE('',*,*,#1824,.F.);
#2800=ORIENTED_EDGE('',*,*,#1826,.T.);
#2801=ORIENTED_EDGE('',*,*,#1855,.F.);
#2802=ORIENTED_EDGE('',*,*,#1863,.T.);
#2803=ORIENTED_EDGE('',*,*,#1865,.F.);
#2804=ORIENTED_EDGE('',*,*,#1977,.T.);
#2805=ORIENTED_EDGE('',*,*,#1787,.F.);
#2806=ORIENTED_EDGE('',*,*,#1791,.T.);
#2807=ORIENTED_EDGE('',*,*,#1803,.F.);
#2808=ORIENTED_EDGE('',*,*,#1805,.T.);
#2809=ORIENTED_EDGE('',*,*,#1861,.F.);
#2810=ORIENTED_EDGE('',*,*,#1851,.T.);
#2811=ORIENTED_EDGE('',*,*,#1853,.F.);
#2812=ORIENTED_EDGE('',*,*,#1978,.T.);
#2813=ORIENTED_EDGE('',*,*,#1829,.F.);
#2814=ORIENTED_EDGE('',*,*,#1833,.T.);
#2815=ORIENTED_EDGE('',*,*,#1845,.F.);
#2816=ORIENTED_EDGE('',*,*,#1847,.T.);
#2817=ORIENTED_EDGE('',*,*,#1849,.F.);
#2818=ORIENTED_EDGE('',*,*,#1869,.T.);
#2819=ORIENTED_EDGE('',*,*,#1871,.F.);
#2820=ORIENTED_EDGE('',*,*,#1979,.T.);
#2821=ORIENTED_EDGE('',*,*,#1766,.F.);
#2822=ORIENTED_EDGE('',*,*,#1770,.T.);
#2823=ORIENTED_EDGE('',*,*,#1782,.F.);
#2824=ORIENTED_EDGE('',*,*,#1784,.T.);
#2825=ORIENTED_EDGE('',*,*,#1867,.F.);
#2826=ORIENTED_EDGE('',*,*,#1992,.T.);
#2827=ORIENTED_EDGE('',*,*,#1993,.T.);
#2828=ORIENTED_EDGE('',*,*,#1994,.F.);
#2829=ORIENTED_EDGE('',*,*,#1995,.F.);
#2830=ORIENTED_EDGE('',*,*,#1996,.T.);
#2831=ORIENTED_EDGE('',*,*,#1995,.T.);
#2832=ORIENTED_EDGE('',*,*,#1997,.F.);
#2833=ORIENTED_EDGE('',*,*,#1998,.F.);
#2834=ORIENTED_EDGE('',*,*,#1999,.T.);
#2835=ORIENTED_EDGE('',*,*,#1998,.T.);
#2836=ORIENTED_EDGE('',*,*,#2000,.F.);
#2837=ORIENTED_EDGE('',*,*,#2001,.F.);
#2838=ORIENTED_EDGE('',*,*,#2002,.T.);
#2839=ORIENTED_EDGE('',*,*,#2001,.T.);
#2840=ORIENTED_EDGE('',*,*,#2003,.F.);
#2841=ORIENTED_EDGE('',*,*,#2004,.F.);
#2842=ORIENTED_EDGE('',*,*,#2005,.T.);
#2843=ORIENTED_EDGE('',*,*,#2004,.T.);
#2844=ORIENTED_EDGE('',*,*,#2006,.F.);
#2845=ORIENTED_EDGE('',*,*,#2007,.F.);
#2846=ORIENTED_EDGE('',*,*,#2008,.T.);
#2847=ORIENTED_EDGE('',*,*,#2007,.T.);
#2848=ORIENTED_EDGE('',*,*,#2009,.F.);
#2849=ORIENTED_EDGE('',*,*,#2010,.F.);
#2850=ORIENTED_EDGE('',*,*,#2011,.T.);
#2851=ORIENTED_EDGE('',*,*,#2010,.T.);
#2852=ORIENTED_EDGE('',*,*,#2012,.F.);
#2853=ORIENTED_EDGE('',*,*,#2013,.F.);
#2854=ORIENTED_EDGE('',*,*,#2014,.T.);
#2855=ORIENTED_EDGE('',*,*,#2013,.T.);
#2856=ORIENTED_EDGE('',*,*,#2015,.F.);
#2857=ORIENTED_EDGE('',*,*,#1993,.F.);
#2858=ORIENTED_EDGE('',*,*,#2015,.T.);
#2859=ORIENTED_EDGE('',*,*,#2012,.T.);
#2860=ORIENTED_EDGE('',*,*,#2009,.T.);
#2861=ORIENTED_EDGE('',*,*,#2006,.T.);
#2862=ORIENTED_EDGE('',*,*,#2003,.T.);
#2863=ORIENTED_EDGE('',*,*,#2000,.T.);
#2864=ORIENTED_EDGE('',*,*,#1997,.T.);
#2865=ORIENTED_EDGE('',*,*,#1994,.T.);
#2866=ORIENTED_EDGE('',*,*,#2014,.F.);
#2867=ORIENTED_EDGE('',*,*,#1992,.F.);
#2868=ORIENTED_EDGE('',*,*,#1996,.F.);
#2869=ORIENTED_EDGE('',*,*,#1999,.F.);
#2870=ORIENTED_EDGE('',*,*,#2002,.F.);
#2871=ORIENTED_EDGE('',*,*,#2005,.F.);
#2872=ORIENTED_EDGE('',*,*,#2008,.F.);
#2873=ORIENTED_EDGE('',*,*,#2011,.F.);
#2874=ORIENTED_EDGE('',*,*,#2016,.F.);
#2875=ORIENTED_EDGE('',*,*,#2017,.T.);
#2876=ORIENTED_EDGE('',*,*,#2018,.F.);
#2877=ORIENTED_EDGE('',*,*,#2019,.F.);
#2878=ORIENTED_EDGE('',*,*,#2020,.F.);
#2879=ORIENTED_EDGE('',*,*,#2019,.T.);
#2880=ORIENTED_EDGE('',*,*,#2021,.F.);
#2881=ORIENTED_EDGE('',*,*,#2022,.F.);
#2882=ORIENTED_EDGE('',*,*,#2023,.F.);
#2883=ORIENTED_EDGE('',*,*,#2022,.T.);
#2884=ORIENTED_EDGE('',*,*,#2024,.F.);
#2885=ORIENTED_EDGE('',*,*,#2025,.F.);
#2886=ORIENTED_EDGE('',*,*,#2026,.F.);
#2887=ORIENTED_EDGE('',*,*,#2025,.T.);
#2888=ORIENTED_EDGE('',*,*,#2027,.F.);
#2889=ORIENTED_EDGE('',*,*,#2028,.F.);
#2890=ORIENTED_EDGE('',*,*,#2029,.F.);
#2891=ORIENTED_EDGE('',*,*,#2028,.T.);
#2892=ORIENTED_EDGE('',*,*,#2030,.F.);
#2893=ORIENTED_EDGE('',*,*,#2031,.F.);
#2894=ORIENTED_EDGE('',*,*,#2032,.F.);
#2895=ORIENTED_EDGE('',*,*,#2031,.T.);
#2896=ORIENTED_EDGE('',*,*,#2033,.F.);
#2897=ORIENTED_EDGE('',*,*,#2017,.F.);
#2898=ORIENTED_EDGE('',*,*,#2032,.T.);
#2899=ORIENTED_EDGE('',*,*,#2016,.T.);
#2900=ORIENTED_EDGE('',*,*,#2020,.T.);
#2901=ORIENTED_EDGE('',*,*,#2023,.T.);
#2902=ORIENTED_EDGE('',*,*,#2026,.T.);
#2903=ORIENTED_EDGE('',*,*,#2029,.T.);
#2904=ORIENTED_EDGE('',*,*,#2033,.T.);
#2905=ORIENTED_EDGE('',*,*,#2030,.T.);
#2906=ORIENTED_EDGE('',*,*,#2027,.T.);
#2907=ORIENTED_EDGE('',*,*,#2024,.T.);
#2908=ORIENTED_EDGE('',*,*,#2021,.T.);
#2909=ORIENTED_EDGE('',*,*,#2018,.T.);
#2910=PLANE('',#3438);
#2911=PLANE('',#3439);
#2912=PLANE('',#3440);
#2913=PLANE('',#3441);
#2914=PLANE('',#3442);
#2915=PLANE('',#3443);
#2916=PLANE('',#3444);
#2917=PLANE('',#3445);
#2918=PLANE('',#3446);
#2919=PLANE('',#3447);
#2920=PLANE('',#3448);
#2921=PLANE('',#3449);
#2922=PLANE('',#3450);
#2923=PLANE('',#3451);
#2924=PLANE('',#3452);
#2925=PLANE('',#3453);
#2926=PLANE('',#3454);
#2927=PLANE('',#3455);
#2928=PLANE('',#3456);
#2929=PLANE('',#3457);
#2930=PLANE('',#3458);
#2931=PLANE('',#3459);
#2932=PLANE('',#3460);
#2933=PLANE('',#3461);
#2934=PLANE('',#3462);
#2935=PLANE('',#3463);
#2936=PLANE('',#3464);
#2937=PLANE('',#3465);
#2938=PLANE('',#3466);
#2939=PLANE('',#3467);
#2940=PLANE('',#3468);
#2941=PLANE('',#3469);
#2942=PLANE('',#3470);
#2943=PLANE('',#3471);
#2944=PLANE('',#3472);
#2945=PLANE('',#3473);
#2946=PLANE('',#3474);
#2947=PLANE('',#3475);
#2948=PLANE('',#3476);
#2949=PLANE('',#3477);
#2950=PLANE('',#3478);
#2951=PLANE('',#3479);
#2952=PLANE('',#3480);
#2953=PLANE('',#3481);
#2954=PLANE('',#3482);
#2955=PLANE('',#3483);
#2956=PLANE('',#3484);
#2957=PLANE('',#3485);
#2958=PLANE('',#3486);
#2959=PLANE('',#3487);
#2960=PLANE('',#3488);
#2961=PLANE('',#3489);
#2962=PLANE('',#3490);
#2963=PLANE('',#3491);
#2964=PLANE('',#3492);
#2965=PLANE('',#3493);
#2966=PLANE('',#3494);
#2967=PLANE('',#3495);
#2968=PLANE('',#3496);
#2969=PLANE('',#3497);
#2970=PLANE('',#3498);
#2971=PLANE('',#3499);
#2972=PLANE('',#3500);
#2973=PLANE('',#3501);
#2974=PLANE('',#3502);
#2975=PLANE('',#3503);
#2976=PLANE('',#3504);
#2977=PLANE('',#3505);
#2978=PLANE('',#3506);
#2979=PLANE('',#3507);
#2980=PLANE('',#3508);
#2981=PLANE('',#3509);
#2982=PLANE('',#3510);
#2983=PLANE('',#3511);
#2984=PLANE('',#3512);
#2985=PLANE('',#3513);
#2986=PLANE('',#3514);
#2987=PLANE('',#3515);
#2988=PLANE('',#3516);
#2989=PLANE('',#3517);
#2990=PLANE('',#3518);
#2991=PLANE('',#3519);
#2992=PLANE('',#3520);
#2993=PLANE('',#3521);
#2994=PLANE('',#3522);
#2995=PLANE('',#3523);
#2996=PLANE('',#3524);
#2997=PLANE('',#3525);
#2998=PLANE('',#3526);
#2999=PLANE('',#3527);
#3000=PLANE('',#3528);
#3001=PLANE('',#3529);
#3002=PLANE('',#3530);
#3003=PLANE('',#3531);
#3004=PLANE('',#3532);
#3005=PLANE('',#3533);
#3006=PLANE('',#3534);
#3007=PLANE('',#3535);
#3008=PLANE('',#3536);
#3009=PLANE('',#3537);
#3010=PLANE('',#3538);
#3011=PLANE('',#3539);
#3012=PLANE('',#3540);
#3013=PLANE('',#3541);
#3014=PLANE('',#3542);
#3015=PLANE('',#3543);
#3016=PLANE('',#3544);
#3017=PLANE('',#3545);
#3018=PLANE('',#3546);
#3019=PLANE('',#3547);
#3020=PLANE('',#3548);
#3021=PLANE('',#3549);
#3022=PLANE('',#3550);
#3023=PLANE('',#3551);
#3024=PLANE('',#3552);
#3025=PLANE('',#3553);
#3026=PLANE('',#3554);
#3027=PLANE('',#3555);
#3028=PLANE('',#3556);
#3029=PLANE('',#3557);
#3030=PLANE('',#3558);
#3031=PLANE('',#3559);
#3032=PLANE('',#3560);
#3033=PLANE('',#3561);
#3034=PLANE('',#3562);
#3035=PLANE('',#3563);
#3036=PLANE('',#3564);
#3037=PLANE('',#3565);
#3038=PLANE('',#3566);
#3039=PLANE('',#3567);
#3040=PLANE('',#3568);
#3041=PLANE('',#3569);
#3042=PLANE('',#3570);
#3043=PLANE('',#3571);
#3044=PLANE('',#3572);
#3045=PLANE('',#3573);
#3046=PLANE('',#3574);
#3047=PLANE('',#3575);
#3048=PLANE('',#3576);
#3049=PLANE('',#3577);
#3050=PLANE('',#3578);
#3051=PLANE('',#3579);
#3052=PLANE('',#3580);
#3053=PLANE('',#3581);
#3054=PLANE('',#3582);
#3055=PLANE('',#3583);
#3056=PLANE('',#3584);
#3057=PLANE('',#3585);
#3058=PLANE('',#3586);
#3059=PLANE('',#3587);
#3060=PLANE('',#3588);
#3061=PLANE('',#3589);
#3062=PLANE('',#3590);
#3063=PLANE('',#3591);
#3064=PLANE('',#3592);
#3065=PLANE('',#3593);
#3066=PLANE('',#3594);
#3067=PLANE('',#3595);
#3068=PLANE('',#3596);
#3069=PLANE('',#3597);
#3070=PLANE('',#3598);
#3071=PLANE('',#3599);
#3072=PLANE('',#3600);
#3073=PLANE('',#3601);
#3074=PLANE('',#3602);
#3075=PLANE('',#3606);
#3076=PLANE('',#3610);
#3077=PLANE('',#3611);
#3078=PLANE('',#3612);
#3079=PLANE('',#3613);
#3080=PLANE('',#3617);
#3081=PLANE('',#3618);
#3082=PLANE('',#3619);
#3083=PLANE('',#3623);
#3084=PLANE('',#3624);
#3085=PLANE('',#3625);
#3086=STYLED_ITEM('',(#5365),#3233);
#3087=STYLED_ITEM('',(#5365),#3234);
#3088=STYLED_ITEM('',(#5365),#3235);
#3089=STYLED_ITEM('',(#5365),#3236);
#3090=STYLED_ITEM('',(#5365),#3237);
#3091=STYLED_ITEM('',(#5365),#3238);
#3092=STYLED_ITEM('',(#5365),#3239);
#3093=STYLED_ITEM('',(#5365),#3240);
#3094=STYLED_ITEM('',(#5365),#3241);
#3095=STYLED_ITEM('',(#5365),#3242);
#3096=STYLED_ITEM('',(#5365),#3243);
#3097=STYLED_ITEM('',(#5365),#3244);
#3098=STYLED_ITEM('',(#5365),#3245);
#3099=STYLED_ITEM('',(#5365),#3246);
#3100=STYLED_ITEM('',(#5365),#3247);
#3101=STYLED_ITEM('',(#5365),#3248);
#3102=STYLED_ITEM('',(#5365),#3249);
#3103=STYLED_ITEM('',(#5365),#3250);
#3104=STYLED_ITEM('',(#5365),#3251);
#3105=STYLED_ITEM('',(#5365),#3252);
#3106=STYLED_ITEM('',(#5365),#3253);
#3107=STYLED_ITEM('',(#5365),#3254);
#3108=STYLED_ITEM('',(#5365),#3255);
#3109=STYLED_ITEM('',(#5365),#3256);
#3110=STYLED_ITEM('',(#5365),#3257);
#3111=STYLED_ITEM('',(#5365),#3258);
#3112=STYLED_ITEM('',(#5365),#3259);
#3113=STYLED_ITEM('',(#5365),#3260);
#3114=STYLED_ITEM('',(#5365),#3261);
#3115=STYLED_ITEM('',(#5365),#3262);
#3116=STYLED_ITEM('',(#5365),#3263);
#3117=STYLED_ITEM('',(#5365),#3264);
#3118=STYLED_ITEM('',(#5365),#3265);
#3119=STYLED_ITEM('',(#5365),#3266);
#3120=STYLED_ITEM('',(#5365),#3267);
#3121=STYLED_ITEM('',(#5365),#3268);
#3122=STYLED_ITEM('',(#5365),#3269);
#3123=STYLED_ITEM('',(#5365),#3270);
#3124=STYLED_ITEM('',(#5365),#3271);
#3125=STYLED_ITEM('',(#5365),#3272);
#3126=STYLED_ITEM('',(#5365),#3273);
#3127=STYLED_ITEM('',(#5365),#3274);
#3128=STYLED_ITEM('',(#5365),#3275);
#3129=STYLED_ITEM('',(#5365),#3276);
#3130=STYLED_ITEM('',(#5365),#3277);
#3131=STYLED_ITEM('',(#5365),#3278);
#3132=STYLED_ITEM('',(#5365),#3279);
#3133=STYLED_ITEM('',(#5365),#3280);
#3134=STYLED_ITEM('',(#5365),#3281);
#3135=STYLED_ITEM('',(#5365),#3282);
#3136=STYLED_ITEM('',(#5365),#3283);
#3137=STYLED_ITEM('',(#5365),#3284);
#3138=STYLED_ITEM('',(#5365),#3285);
#3139=STYLED_ITEM('',(#5365),#3286);
#3140=STYLED_ITEM('',(#5365),#3287);
#3141=STYLED_ITEM('',(#5365),#3288);
#3142=STYLED_ITEM('',(#5365),#3289);
#3143=STYLED_ITEM('',(#5365),#3290);
#3144=STYLED_ITEM('',(#5365),#3291);
#3145=STYLED_ITEM('',(#5365),#3292);
#3146=STYLED_ITEM('',(#5365),#3293);
#3147=STYLED_ITEM('',(#5365),#3294);
#3148=STYLED_ITEM('',(#5365),#3295);
#3149=STYLED_ITEM('',(#5365),#3296);
#3150=STYLED_ITEM('',(#5365),#3297);
#3151=STYLED_ITEM('',(#5365),#3298);
#3152=STYLED_ITEM('',(#5365),#3299);
#3153=STYLED_ITEM('',(#5365),#3300);
#3154=STYLED_ITEM('',(#5365),#3301);
#3155=STYLED_ITEM('',(#5365),#3302);
#3156=STYLED_ITEM('',(#5366),#3304);
#3157=STYLED_ITEM('',(#5366),#3305);
#3158=STYLED_ITEM('',(#5366),#3307);
#3159=STYLED_ITEM('',(#5366),#3309);
#3160=STYLED_ITEM('',(#5366),#3310);
#3161=STYLED_ITEM('',(#5366),#3312);
#3162=STYLED_ITEM('',(#5366),#3314);
#3163=STYLED_ITEM('',(#5366),#3315);
#3164=STYLED_ITEM('',(#5366),#3317);
#3165=STYLED_ITEM('',(#5366),#3319);
#3166=STYLED_ITEM('',(#5366),#3320);
#3167=STYLED_ITEM('',(#5366),#3322);
#3168=STYLED_ITEM('',(#5366),#3324);
#3169=STYLED_ITEM('',(#5366),#3327);
#3170=STYLED_ITEM('',(#5366),#3330);
#3171=STYLED_ITEM('',(#5366),#3333);
#3172=STYLED_ITEM('',(#5367),#3335);
#3173=STYLED_ITEM('',(#5367),#3336);
#3174=STYLED_ITEM('',(#5367),#3337);
#3175=STYLED_ITEM('',(#5367),#3338);
#3176=STYLED_ITEM('',(#5367),#3339);
#3177=STYLED_ITEM('',(#5368),#3340);
#3178=STYLED_ITEM('',(#5368),#3341);
#3179=STYLED_ITEM('',(#5368),#3342);
#3180=STYLED_ITEM('',(#5368),#3343);
#3181=STYLED_ITEM('',(#5368),#3344);
#3182=STYLED_ITEM('',(#5366),#3365);
#3183=STYLED_ITEM('',(#5366),#3366);
#3184=STYLED_ITEM('',(#5366),#3367);
#3185=STYLED_ITEM('',(#5366),#3368);
#3186=STYLED_ITEM('',(#5366),#3369);
#3187=STYLED_ITEM('',(#5366),#3370);
#3188=STYLED_ITEM('',(#5366),#3371);
#3189=STYLED_ITEM('',(#5366),#3372);
#3190=STYLED_ITEM('',(#5366),#3373);
#3191=STYLED_ITEM('',(#5366),#3374);
#3192=STYLED_ITEM('',(#5366),#3375);
#3193=STYLED_ITEM('',(#5366),#3376);
#3194=STYLED_ITEM('',(#5366),#3377);
#3195=STYLED_ITEM('',(#5366),#3378);
#3196=STYLED_ITEM('',(#5366),#3379);
#3197=STYLED_ITEM('',(#5366),#3380);
#3198=STYLED_ITEM('',(#5366),#3381);
#3199=STYLED_ITEM('',(#5366),#3382);
#3200=STYLED_ITEM('',(#5366),#3383);
#3201=STYLED_ITEM('',(#5366),#3384);
#3202=STYLED_ITEM('',(#5366),#3385);
#3203=STYLED_ITEM('',(#5366),#3386);
#3204=STYLED_ITEM('',(#5366),#3387);
#3205=STYLED_ITEM('',(#5366),#3388);
#3206=STYLED_ITEM('',(#5368),#3389);
#3207=STYLED_ITEM('',(#5368),#3390);
#3208=STYLED_ITEM('',(#5368),#3391);
#3209=STYLED_ITEM('',(#5368),#3392);
#3210=STYLED_ITEM('',(#5368),#3393);
#3211=STYLED_ITEM('',(#5368),#3394);
#3212=STYLED_ITEM('',(#5364),#25);
#3213=STYLED_ITEM('',(#5365),#3395);
#3214=STYLED_ITEM('',(#5365),#3396);
#3215=STYLED_ITEM('',(#5365),#3397);
#3216=STYLED_ITEM('',(#5365),#3398);
#3217=STYLED_ITEM('',(#5365),#3399);
#3218=STYLED_ITEM('',(#5365),#3400);
#3219=STYLED_ITEM('',(#5365),#3401);
#3220=STYLED_ITEM('',(#5365),#3402);
#3221=STYLED_ITEM('',(#5365),#3403);
#3222=STYLED_ITEM('',(#5365),#3404);
#3223=STYLED_ITEM('',(#5364),#26);
#3224=STYLED_ITEM('',(#5365),#3405);
#3225=STYLED_ITEM('',(#5365),#3406);
#3226=STYLED_ITEM('',(#5365),#3407);
#3227=STYLED_ITEM('',(#5365),#3408);
#3228=STYLED_ITEM('',(#5365),#3409);
#3229=STYLED_ITEM('',(#5365),#3410);
#3230=STYLED_ITEM('',(#5365),#3411);
#3231=STYLED_ITEM('',(#5365),#3412);
#3232=STYLED_ITEM('',(#5364),#27);
#3233=ADVANCED_FACE('',(#56),#2910,.T.);
#3234=ADVANCED_FACE('',(#57),#2911,.T.);
#3235=ADVANCED_FACE('',(#58),#2912,.T.);
#3236=ADVANCED_FACE('',(#59),#2913,.T.);
#3237=ADVANCED_FACE('',(#60),#2914,.T.);
#3238=ADVANCED_FACE('',(#61),#2915,.T.);
#3239=ADVANCED_FACE('',(#62),#2916,.T.);
#3240=ADVANCED_FACE('',(#63),#2917,.T.);
#3241=ADVANCED_FACE('',(#64),#2918,.T.);
#3242=ADVANCED_FACE('',(#65),#2919,.T.);
#3243=ADVANCED_FACE('',(#66),#2920,.T.);
#3244=ADVANCED_FACE('',(#67),#2921,.T.);
#3245=ADVANCED_FACE('',(#68),#2922,.T.);
#3246=ADVANCED_FACE('',(#69),#2923,.T.);
#3247=ADVANCED_FACE('',(#70),#2924,.T.);
#3248=ADVANCED_FACE('',(#71),#2925,.T.);
#3249=ADVANCED_FACE('',(#72),#2926,.T.);
#3250=ADVANCED_FACE('',(#73),#2927,.T.);
#3251=ADVANCED_FACE('',(#74),#2928,.T.);
#3252=ADVANCED_FACE('',(#75),#2929,.T.);
#3253=ADVANCED_FACE('',(#76),#2930,.T.);
#3254=ADVANCED_FACE('',(#77),#2931,.T.);
#3255=ADVANCED_FACE('',(#78),#2932,.T.);
#3256=ADVANCED_FACE('',(#79),#2933,.T.);
#3257=ADVANCED_FACE('',(#80),#2934,.T.);
#3258=ADVANCED_FACE('',(#81),#2935,.T.);
#3259=ADVANCED_FACE('',(#82),#2936,.T.);
#3260=ADVANCED_FACE('',(#83),#2937,.T.);
#3261=ADVANCED_FACE('',(#84),#2938,.T.);
#3262=ADVANCED_FACE('',(#85),#2939,.T.);
#3263=ADVANCED_FACE('',(#86),#2940,.T.);
#3264=ADVANCED_FACE('',(#87),#2941,.T.);
#3265=ADVANCED_FACE('',(#88),#2942,.T.);
#3266=ADVANCED_FACE('',(#89),#2943,.T.);
#3267=ADVANCED_FACE('',(#90),#2944,.T.);
#3268=ADVANCED_FACE('',(#91),#2945,.T.);
#3269=ADVANCED_FACE('',(#92),#2946,.T.);
#3270=ADVANCED_FACE('',(#93),#2947,.T.);
#3271=ADVANCED_FACE('',(#94),#2948,.T.);
#3272=ADVANCED_FACE('',(#95),#2949,.T.);
#3273=ADVANCED_FACE('',(#96),#2950,.T.);
#3274=ADVANCED_FACE('',(#97),#2951,.T.);
#3275=ADVANCED_FACE('',(#98),#2952,.T.);
#3276=ADVANCED_FACE('',(#99),#2953,.T.);
#3277=ADVANCED_FACE('',(#100),#2954,.T.);
#3278=ADVANCED_FACE('',(#101),#2955,.T.);
#3279=ADVANCED_FACE('',(#102),#2956,.T.);
#3280=ADVANCED_FACE('',(#103),#2957,.T.);
#3281=ADVANCED_FACE('',(#104),#2958,.T.);
#3282=ADVANCED_FACE('',(#105),#2959,.T.);
#3283=ADVANCED_FACE('',(#106),#2960,.T.);
#3284=ADVANCED_FACE('',(#107),#2961,.T.);
#3285=ADVANCED_FACE('',(#108),#2962,.T.);
#3286=ADVANCED_FACE('',(#109),#2963,.T.);
#3287=ADVANCED_FACE('',(#110),#2964,.T.);
#3288=ADVANCED_FACE('',(#111),#2965,.T.);
#3289=ADVANCED_FACE('',(#112),#2966,.T.);
#3290=ADVANCED_FACE('',(#113),#2967,.T.);
#3291=ADVANCED_FACE('',(#114),#2968,.T.);
#3292=ADVANCED_FACE('',(#115),#2969,.T.);
#3293=ADVANCED_FACE('',(#116),#2970,.T.);
#3294=ADVANCED_FACE('',(#117),#2971,.T.);
#3295=ADVANCED_FACE('',(#118),#2972,.T.);
#3296=ADVANCED_FACE('',(#119),#2973,.T.);
#3297=ADVANCED_FACE('',(#120),#2974,.T.);
#3298=ADVANCED_FACE('',(#121),#2975,.T.);
#3299=ADVANCED_FACE('',(#122),#2976,.T.);
#3300=ADVANCED_FACE('',(#123),#2977,.T.);
#3301=ADVANCED_FACE('',(#124),#2978,.T.);
#3302=ADVANCED_FACE('',(#125),#2979,.T.);
#3303=ADVANCED_FACE('',(#126),#2980,.T.);
#3304=ADVANCED_FACE('',(#127),#2981,.T.);
#3305=ADVANCED_FACE('',(#128,#28),#2982,.T.);
#3306=ADVANCED_FACE('',(#129),#2983,.T.);
#3307=ADVANCED_FACE('',(#130),#2984,.T.);
#3308=ADVANCED_FACE('',(#131),#2985,.T.);
#3309=ADVANCED_FACE('',(#132),#2986,.T.);
#3310=ADVANCED_FACE('',(#133,#29),#2987,.T.);
#3311=ADVANCED_FACE('',(#134),#2988,.T.);
#3312=ADVANCED_FACE('',(#135),#2989,.T.);
#3313=ADVANCED_FACE('',(#136),#2990,.T.);
#3314=ADVANCED_FACE('',(#137),#2991,.T.);
#3315=ADVANCED_FACE('',(#138,#30),#2992,.T.);
#3316=ADVANCED_FACE('',(#139),#2993,.T.);
#3317=ADVANCED_FACE('',(#140),#2994,.T.);
#3318=ADVANCED_FACE('',(#141),#2995,.T.);
#3319=ADVANCED_FACE('',(#142),#2996,.T.);
#3320=ADVANCED_FACE('',(#143,#31),#2997,.T.);
#3321=ADVANCED_FACE('',(#144),#2998,.T.);
#3322=ADVANCED_FACE('',(#145),#2999,.T.);
#3323=ADVANCED_FACE('',(#146),#3000,.T.);
#3324=ADVANCED_FACE('',(#147),#3001,.T.);
#3325=ADVANCED_FACE('',(#148),#3002,.T.);
#3326=ADVANCED_FACE('',(#149),#3003,.T.);
#3327=ADVANCED_FACE('',(#150),#3004,.T.);
#3328=ADVANCED_FACE('',(#151),#3005,.T.);
#3329=ADVANCED_FACE('',(#152),#3006,.T.);
#3330=ADVANCED_FACE('',(#153),#3007,.T.);
#3331=ADVANCED_FACE('',(#154),#3008,.T.);
#3332=ADVANCED_FACE('',(#155),#3009,.T.);
#3333=ADVANCED_FACE('',(#156),#3010,.T.);
#3334=ADVANCED_FACE('',(#157),#3011,.T.);
#3335=ADVANCED_FACE('',(#158),#3012,.T.);
#3336=ADVANCED_FACE('',(#159),#3013,.T.);
#3337=ADVANCED_FACE('',(#160),#3014,.T.);
#3338=ADVANCED_FACE('',(#161),#3015,.T.);
#3339=ADVANCED_FACE('',(#162),#3016,.T.);
#3340=ADVANCED_FACE('',(#163),#3017,.T.);
#3341=ADVANCED_FACE('',(#164),#3018,.T.);
#3342=ADVANCED_FACE('',(#165),#3019,.T.);
#3343=ADVANCED_FACE('',(#166),#3020,.T.);
#3344=ADVANCED_FACE('',(#167,#32),#3021,.T.);
#3345=ADVANCED_FACE('',(#168),#3022,.T.);
#3346=ADVANCED_FACE('',(#169),#3023,.T.);
#3347=ADVANCED_FACE('',(#170),#3024,.T.);
#3348=ADVANCED_FACE('',(#171),#3025,.T.);
#3349=ADVANCED_FACE('',(#172),#3026,.T.);
#3350=ADVANCED_FACE('',(#173),#3027,.T.);
#3351=ADVANCED_FACE('',(#174),#3028,.T.);
#3352=ADVANCED_FACE('',(#175),#3029,.T.);
#3353=ADVANCED_FACE('',(#176),#3030,.T.);
#3354=ADVANCED_FACE('',(#177),#3031,.T.);
#3355=ADVANCED_FACE('',(#178),#3032,.T.);
#3356=ADVANCED_FACE('',(#179),#3033,.T.);
#3357=ADVANCED_FACE('',(#180),#3034,.T.);
#3358=ADVANCED_FACE('',(#181),#3035,.T.);
#3359=ADVANCED_FACE('',(#182),#3036,.T.);
#3360=ADVANCED_FACE('',(#183),#3037,.T.);
#3361=ADVANCED_FACE('',(#184),#3038,.T.);
#3362=ADVANCED_FACE('',(#185),#3039,.T.);
#3363=ADVANCED_FACE('',(#186),#3040,.T.);
#3364=ADVANCED_FACE('',(#187),#3041,.T.);
#3365=ADVANCED_FACE('',(#188),#3042,.T.);
#3366=ADVANCED_FACE('',(#189),#3043,.T.);
#3367=ADVANCED_FACE('',(#190),#3044,.T.);
#3368=ADVANCED_FACE('',(#191),#3045,.T.);
#3369=ADVANCED_FACE('',(#192),#3046,.T.);
#3370=ADVANCED_FACE('',(#193),#3047,.T.);
#3371=ADVANCED_FACE('',(#194),#3048,.T.);
#3372=ADVANCED_FACE('',(#195),#3049,.T.);
#3373=ADVANCED_FACE('',(#196),#3050,.T.);
#3374=ADVANCED_FACE('',(#197),#3051,.T.);
#3375=ADVANCED_FACE('',(#198),#3052,.T.);
#3376=ADVANCED_FACE('',(#199),#3053,.T.);
#3377=ADVANCED_FACE('',(#200),#3054,.T.);
#3378=ADVANCED_FACE('',(#201),#3055,.T.);
#3379=ADVANCED_FACE('',(#202),#3056,.T.);
#3380=ADVANCED_FACE('',(#203),#3057,.T.);
#3381=ADVANCED_FACE('',(#204),#3058,.T.);
#3382=ADVANCED_FACE('',(#205),#3059,.T.);
#3383=ADVANCED_FACE('',(#206),#3060,.T.);
#3384=ADVANCED_FACE('',(#207),#3061,.T.);
#3385=ADVANCED_FACE('',(#208),#3062,.T.);
#3386=ADVANCED_FACE('',(#209),#3063,.T.);
#3387=ADVANCED_FACE('',(#210),#3064,.T.);
#3388=ADVANCED_FACE('',(#211),#3065,.T.);
#3389=ADVANCED_FACE('',(#212,#33,#34,#35,#36,#37),#3066,.T.);
#3390=ADVANCED_FACE('',(#213),#3067,.T.);
#3391=ADVANCED_FACE('',(#214),#3068,.T.);
#3392=ADVANCED_FACE('',(#215),#3069,.T.);
#3393=ADVANCED_FACE('',(#216),#3070,.T.);
#3394=ADVANCED_FACE('',(#217,#38,#39,#40,#41,#42,#43,#44,#45,#46,#47,#48,
#49,#50,#51,#52,#53,#54,#55),#3071,.T.);
#3395=ADVANCED_FACE('',(#218),#3072,.T.);
#3396=ADVANCED_FACE('',(#219),#3073,.T.);
#3397=ADVANCED_FACE('',(#220),#3074,.T.);
#3398=ADVANCED_FACE('',(#221),#21,.F.);
#3399=ADVANCED_FACE('',(#222),#3075,.T.);
#3400=ADVANCED_FACE('',(#223),#22,.F.);
#3401=ADVANCED_FACE('',(#224),#3076,.T.);
#3402=ADVANCED_FACE('',(#225),#3077,.T.);
#3403=ADVANCED_FACE('',(#226),#3078,.T.);
#3404=ADVANCED_FACE('',(#227),#3079,.F.);
#3405=ADVANCED_FACE('',(#228),#23,.T.);
#3406=ADVANCED_FACE('',(#229),#3080,.T.);
#3407=ADVANCED_FACE('',(#230),#3081,.T.);
#3408=ADVANCED_FACE('',(#231),#3082,.T.);
#3409=ADVANCED_FACE('',(#232),#24,.F.);
#3410=ADVANCED_FACE('',(#233),#3083,.T.);
#3411=ADVANCED_FACE('',(#234),#3084,.T.);
#3412=ADVANCED_FACE('',(#235),#3085,.F.);
#3413=CLOSED_SHELL('',(#3233,#3234,#3235,#3236,#3237,#3238,#3239,#3240,
#3241,#3242,#3243,#3244,#3245,#3246,#3247,#3248,#3249,#3250,#3251,#3252,
#3253,#3254,#3255,#3256,#3257,#3258,#3259,#3260,#3261,#3262,#3263,#3264,
#3265,#3266,#3267,#3268,#3269,#3270,#3271,#3272,#3273,#3274,#3275,#3276,
#3277,#3278,#3279,#3280,#3281,#3282,#3283,#3284,#3285,#3286,#3287,#3288,
#3289,#3290,#3291,#3292,#3293,#3294,#3295,#3296,#3297,#3298,#3299,#3300,
#3301,#3302,#3303,#3304,#3305,#3306,#3307,#3308,#3309,#3310,#3311,#3312,
#3313,#3314,#3315,#3316,#3317,#3318,#3319,#3320,#3321,#3322,#3323,#3324,
#3325,#3326,#3327,#3328,#3329,#3330,#3331,#3332,#3333,#3334,#3335,#3336,
#3337,#3338,#3339,#3340,#3341,#3342,#3343,#3344,#3345,#3346,#3347,#3348,
#3349,#3350,#3351,#3352,#3353,#3354,#3355,#3356,#3357,#3358,#3359,#3360,
#3361,#3362,#3363,#3364,#3365,#3366,#3367,#3368,#3369,#3370,#3371,#3372,
#3373,#3374,#3375,#3376,#3377,#3378,#3379,#3380,#3381,#3382,#3383,#3384,
#3385,#3386,#3387,#3388,#3389,#3390,#3391,#3392,#3393,#3394));
#3414=CLOSED_SHELL('',(#3395,#3396,#3397,#3398,#3399,#3400,#3401,#3402,
#3403,#3404));
#3415=CLOSED_SHELL('',(#3405,#3406,#3407,#3408,#3409,#3410,#3411,#3412));
#3416=DERIVED_UNIT_ELEMENT(#3419,1.);
#3417=DERIVED_UNIT_ELEMENT(#5350,-3.);
#3418=DIMENSIONAL_EXPONENTS(0.,1.,0.,0.,0.,0.,0.);
#3419=(
CONVERSION_BASED_UNIT('gram',#3421)
MASS_UNIT()
NAMED_UNIT(#3418)
);
#3420=(
MASS_UNIT()
NAMED_UNIT(*)
SI_UNIT(.KILO.,.GRAM.)
);
#3421=MASS_MEASURE_WITH_UNIT(MASS_MEASURE(0.001),#3420);
#3422=DERIVED_UNIT((#3416,#3417));
#3423=MEASURE_REPRESENTATION_ITEM('density measure',
POSITIVE_RATIO_MEASURE(1.),#3422);
#3424=PROPERTY_DEFINITION_REPRESENTATION(#3429,#3426);
#3425=PROPERTY_DEFINITION_REPRESENTATION(#3430,#3427);
#3426=REPRESENTATION('material name',(#3428),#5347);
#3427=REPRESENTATION('density',(#3423),#5347);
#3428=DESCRIPTIVE_REPRESENTATION_ITEM('Generic','Generic');
#3429=PROPERTY_DEFINITION('material property','material name',#5357);
#3430=PROPERTY_DEFINITION('material property','density of part',#5357);
#3431=DATE_TIME_ROLE('creation_date');
#3432=APPLIED_DATE_AND_TIME_ASSIGNMENT(#3433,#3431,(#5357));
#3433=DATE_AND_TIME(#3434,#3435);
#3434=CALENDAR_DATE(2025,24,10);
#3435=LOCAL_TIME(0,0,0.,#3436);
#3436=COORDINATED_UNIVERSAL_TIME_OFFSET(0,0,.BEHIND.);
#3437=AXIS2_PLACEMENT_3D('',#4434,#3626,#3627);
#3438=AXIS2_PLACEMENT_3D('',#4435,#3628,#3629);
#3439=AXIS2_PLACEMENT_3D('',#4444,#3634,#3635);
#3440=AXIS2_PLACEMENT_3D('',#4450,#3639,#3640);
#3441=AXIS2_PLACEMENT_3D('',#4456,#3644,#3645);
#3442=AXIS2_PLACEMENT_3D('',#4459,#3648,#3649);
#3443=AXIS2_PLACEMENT_3D('',#4460,#3650,#3651);
#3444=AXIS2_PLACEMENT_3D('',#4469,#3656,#3657);
#3445=AXIS2_PLACEMENT_3D('',#4475,#3661,#3662);
#3446=AXIS2_PLACEMENT_3D('',#4481,#3666,#3667);
#3447=AXIS2_PLACEMENT_3D('',#4484,#3670,#3671);
#3448=AXIS2_PLACEMENT_3D('',#4485,#3672,#3673);
#3449=AXIS2_PLACEMENT_3D('',#4494,#3678,#3679);
#3450=AXIS2_PLACEMENT_3D('',#4500,#3683,#3684);
#3451=AXIS2_PLACEMENT_3D('',#4506,#3688,#3689);
#3452=AXIS2_PLACEMENT_3D('',#4509,#3692,#3693);
#3453=AXIS2_PLACEMENT_3D('',#4510,#3694,#3695);
#3454=AXIS2_PLACEMENT_3D('',#4519,#3700,#3701);
#3455=AXIS2_PLACEMENT_3D('',#4525,#3705,#3706);
#3456=AXIS2_PLACEMENT_3D('',#4531,#3710,#3711);
#3457=AXIS2_PLACEMENT_3D('',#4534,#3714,#3715);
#3458=AXIS2_PLACEMENT_3D('',#4535,#3716,#3717);
#3459=AXIS2_PLACEMENT_3D('',#4544,#3722,#3723);
#3460=AXIS2_PLACEMENT_3D('',#4550,#3727,#3728);
#3461=AXIS2_PLACEMENT_3D('',#4556,#3732,#3733);
#3462=AXIS2_PLACEMENT_3D('',#4559,#3736,#3737);
#3463=AXIS2_PLACEMENT_3D('',#4560,#3738,#3739);
#3464=AXIS2_PLACEMENT_3D('',#4569,#3744,#3745);
#3465=AXIS2_PLACEMENT_3D('',#4575,#3749,#3750);
#3466=AXIS2_PLACEMENT_3D('',#4581,#3754,#3755);
#3467=AXIS2_PLACEMENT_3D('',#4584,#3758,#3759);
#3468=AXIS2_PLACEMENT_3D('',#4585,#3760,#3761);
#3469=AXIS2_PLACEMENT_3D('',#4594,#3766,#3767);
#3470=AXIS2_PLACEMENT_3D('',#4600,#3771,#3772);
#3471=AXIS2_PLACEMENT_3D('',#4606,#3776,#3777);
#3472=AXIS2_PLACEMENT_3D('',#4609,#3780,#3781);
#3473=AXIS2_PLACEMENT_3D('',#4610,#3782,#3783);
#3474=AXIS2_PLACEMENT_3D('',#4619,#3788,#3789);
#3475=AXIS2_PLACEMENT_3D('',#4625,#3793,#3794);
#3476=AXIS2_PLACEMENT_3D('',#4631,#3798,#3799);
#3477=AXIS2_PLACEMENT_3D('',#4634,#3802,#3803);
#3478=AXIS2_PLACEMENT_3D('',#4635,#3804,#3805);
#3479=AXIS2_PLACEMENT_3D('',#4644,#3810,#3811);
#3480=AXIS2_PLACEMENT_3D('',#4650,#3815,#3816);
#3481=AXIS2_PLACEMENT_3D('',#4656,#3820,#3821);
#3482=AXIS2_PLACEMENT_3D('',#4659,#3824,#3825);
#3483=AXIS2_PLACEMENT_3D('',#4660,#3826,#3827);
#3484=AXIS2_PLACEMENT_3D('',#4669,#3832,#3833);
#3485=AXIS2_PLACEMENT_3D('',#4675,#3837,#3838);
#3486=AXIS2_PLACEMENT_3D('',#4681,#3842,#3843);
#3487=AXIS2_PLACEMENT_3D('',#4684,#3846,#3847);
#3488=AXIS2_PLACEMENT_3D('',#4685,#3848,#3849);
#3489=AXIS2_PLACEMENT_3D('',#4694,#3854,#3855);
#3490=AXIS2_PLACEMENT_3D('',#4700,#3859,#3860);
#3491=AXIS2_PLACEMENT_3D('',#4706,#3864,#3865);
#3492=AXIS2_PLACEMENT_3D('',#4709,#3868,#3869);
#3493=AXIS2_PLACEMENT_3D('',#4710,#3870,#3871);
#3494=AXIS2_PLACEMENT_3D('',#4719,#3876,#3877);
#3495=AXIS2_PLACEMENT_3D('',#4725,#3881,#3882);
#3496=AXIS2_PLACEMENT_3D('',#4731,#3886,#3887);
#3497=AXIS2_PLACEMENT_3D('',#4734,#3890,#3891);
#3498=AXIS2_PLACEMENT_3D('',#4735,#3892,#3893);
#3499=AXIS2_PLACEMENT_3D('',#4744,#3898,#3899);
#3500=AXIS2_PLACEMENT_3D('',#4750,#3903,#3904);
#3501=AXIS2_PLACEMENT_3D('',#4756,#3908,#3909);
#3502=AXIS2_PLACEMENT_3D('',#4759,#3912,#3913);
#3503=AXIS2_PLACEMENT_3D('',#4760,#3914,#3915);
#3504=AXIS2_PLACEMENT_3D('',#4769,#3920,#3921);
#3505=AXIS2_PLACEMENT_3D('',#4775,#3925,#3926);
#3506=AXIS2_PLACEMENT_3D('',#4781,#3930,#3931);
#3507=AXIS2_PLACEMENT_3D('',#4784,#3934,#3935);
#3508=AXIS2_PLACEMENT_3D('',#4785,#3936,#3937);
#3509=AXIS2_PLACEMENT_3D('',#4794,#3942,#3943);
#3510=AXIS2_PLACEMENT_3D('',#4800,#3947,#3948);
#3511=AXIS2_PLACEMENT_3D('',#4820,#3959,#3960);
#3512=AXIS2_PLACEMENT_3D('',#4824,#3963,#3964);
#3513=AXIS2_PLACEMENT_3D('',#4828,#3967,#3968);
#3514=AXIS2_PLACEMENT_3D('',#4837,#3973,#3974);
#3515=AXIS2_PLACEMENT_3D('',#4843,#3978,#3979);
#3516=AXIS2_PLACEMENT_3D('',#4863,#3990,#3991);
#3517=AXIS2_PLACEMENT_3D('',#4867,#3994,#3995);
#3518=AXIS2_PLACEMENT_3D('',#4871,#3998,#3999);
#3519=AXIS2_PLACEMENT_3D('',#4880,#4004,#4005);
#3520=AXIS2_PLACEMENT_3D('',#4886,#4009,#4010);
#3521=AXIS2_PLACEMENT_3D('',#4906,#4021,#4022);
#3522=AXIS2_PLACEMENT_3D('',#4910,#4025,#4026);
#3523=AXIS2_PLACEMENT_3D('',#4914,#4029,#4030);
#3524=AXIS2_PLACEMENT_3D('',#4923,#4035,#4036);
#3525=AXIS2_PLACEMENT_3D('',#4929,#4040,#4041);
#3526=AXIS2_PLACEMENT_3D('',#4949,#4052,#4053);
#3527=AXIS2_PLACEMENT_3D('',#4953,#4056,#4057);
#3528=AXIS2_PLACEMENT_3D('',#4957,#4060,#4061);
#3529=AXIS2_PLACEMENT_3D('',#4961,#4064,#4065);
#3530=AXIS2_PLACEMENT_3D('',#4965,#4068,#4069);
#3531=AXIS2_PLACEMENT_3D('',#4969,#4072,#4073);
#3532=AXIS2_PLACEMENT_3D('',#4973,#4076,#4077);
#3533=AXIS2_PLACEMENT_3D('',#4977,#4080,#4081);
#3534=AXIS2_PLACEMENT_3D('',#4981,#4084,#4085);
#3535=AXIS2_PLACEMENT_3D('',#4985,#4088,#4089);
#3536=AXIS2_PLACEMENT_3D('',#4989,#4092,#4093);
#3537=AXIS2_PLACEMENT_3D('',#4993,#4096,#4097);
#3538=AXIS2_PLACEMENT_3D('',#4997,#4100,#4101);
#3539=AXIS2_PLACEMENT_3D('',#5001,#4104,#4105);
#3540=AXIS2_PLACEMENT_3D('',#5005,#4108,#4109);
#3541=AXIS2_PLACEMENT_3D('',#5014,#4114,#4115);
#3542=AXIS2_PLACEMENT_3D('',#5020,#4119,#4120);
#3543=AXIS2_PLACEMENT_3D('',#5026,#4124,#4125);
#3544=AXIS2_PLACEMENT_3D('',#5029,#4128,#4129);
#3545=AXIS2_PLACEMENT_3D('',#5030,#4130,#4131);
#3546=AXIS2_PLACEMENT_3D('',#5039,#4136,#4137);
#3547=AXIS2_PLACEMENT_3D('',#5045,#4141,#4142);
#3548=AXIS2_PLACEMENT_3D('',#5051,#4146,#4147);
#3549=AXIS2_PLACEMENT_3D('',#5054,#4150,#4151);
#3550=AXIS2_PLACEMENT_3D('',#5055,#4152,#4153);
#3551=AXIS2_PLACEMENT_3D('',#5064,#4158,#4159);
#3552=AXIS2_PLACEMENT_3D('',#5070,#4163,#4164);
#3553=AXIS2_PLACEMENT_3D('',#5076,#4168,#4169);
#3554=AXIS2_PLACEMENT_3D('',#5079,#4172,#4173);
#3555=AXIS2_PLACEMENT_3D('',#5080,#4174,#4175);
#3556=AXIS2_PLACEMENT_3D('',#5089,#4180,#4181);
#3557=AXIS2_PLACEMENT_3D('',#5095,#4185,#4186);
#3558=AXIS2_PLACEMENT_3D('',#5101,#4190,#4191);
#3559=AXIS2_PLACEMENT_3D('',#5104,#4194,#4195);
#3560=AXIS2_PLACEMENT_3D('',#5105,#4196,#4197);
#3561=AXIS2_PLACEMENT_3D('',#5114,#4202,#4203);
#3562=AXIS2_PLACEMENT_3D('',#5120,#4207,#4208);
#3563=AXIS2_PLACEMENT_3D('',#5126,#4212,#4213);
#3564=AXIS2_PLACEMENT_3D('',#5129,#4216,#4217);
#3565=AXIS2_PLACEMENT_3D('',#5130,#4218,#4219);
#3566=AXIS2_PLACEMENT_3D('',#5139,#4224,#4225);
#3567=AXIS2_PLACEMENT_3D('',#5145,#4229,#4230);
#3568=AXIS2_PLACEMENT_3D('',#5151,#4234,#4235);
#3569=AXIS2_PLACEMENT_3D('',#5154,#4238,#4239);
#3570=AXIS2_PLACEMENT_3D('',#5155,#4240,#4241);
#3571=AXIS2_PLACEMENT_3D('',#5161,#4245,#4246);
#3572=AXIS2_PLACEMENT_3D('',#5165,#4249,#4250);
#3573=AXIS2_PLACEMENT_3D('',#5169,#4253,#4254);
#3574=AXIS2_PLACEMENT_3D('',#5171,#4256,#4257);
#3575=AXIS2_PLACEMENT_3D('',#5172,#4258,#4259);
#3576=AXIS2_PLACEMENT_3D('',#5178,#4263,#4264);
#3577=AXIS2_PLACEMENT_3D('',#5182,#4267,#4268);
#3578=AXIS2_PLACEMENT_3D('',#5186,#4271,#4272);
#3579=AXIS2_PLACEMENT_3D('',#5188,#4274,#4275);
#3580=AXIS2_PLACEMENT_3D('',#5189,#4276,#4277);
#3581=AXIS2_PLACEMENT_3D('',#5195,#4281,#4282);
#3582=AXIS2_PLACEMENT_3D('',#5199,#4285,#4286);
#3583=AXIS2_PLACEMENT_3D('',#5203,#4289,#4290);
#3584=AXIS2_PLACEMENT_3D('',#5205,#4292,#4293);
#3585=AXIS2_PLACEMENT_3D('',#5206,#4294,#4295);
#3586=AXIS2_PLACEMENT_3D('',#5212,#4299,#4300);
#3587=AXIS2_PLACEMENT_3D('',#5216,#4303,#4304);
#3588=AXIS2_PLACEMENT_3D('',#5220,#4307,#4308);
#3589=AXIS2_PLACEMENT_3D('',#5222,#4310,#4311);
#3590=AXIS2_PLACEMENT_3D('',#5223,#4312,#4313);
#3591=AXIS2_PLACEMENT_3D('',#5225,#4315,#4316);
#3592=AXIS2_PLACEMENT_3D('',#5227,#4318,#4319);
#3593=AXIS2_PLACEMENT_3D('',#5229,#4321,#4322);
#3594=AXIS2_PLACEMENT_3D('',#5231,#4324,#4325);
#3595=AXIS2_PLACEMENT_3D('',#5240,#4330,#4331);
#3596=AXIS2_PLACEMENT_3D('',#5246,#4335,#4336);
#3597=AXIS2_PLACEMENT_3D('',#5250,#4339,#4340);
#3598=AXIS2_PLACEMENT_3D('',#5254,#4343,#4344);
#3599=AXIS2_PLACEMENT_3D('',#5256,#4346,#4347);
#3600=AXIS2_PLACEMENT_3D('',#5257,#4348,#4349);
#3601=AXIS2_PLACEMENT_3D('',#5266,#4354,#4355);
#3602=AXIS2_PLACEMENT_3D('',#5272,#4359,#4360);
#3603=AXIS2_PLACEMENT_3D('',#5278,#4364,#4365);
#3604=AXIS2_PLACEMENT_3D('',#5280,#4366,#4367);
#3605=AXIS2_PLACEMENT_3D('',#5282,#4368,#4369);
#3606=AXIS2_PLACEMENT_3D('',#5284,#4371,#4372);
#3607=AXIS2_PLACEMENT_3D('',#5290,#4376,#4377);
#3608=AXIS2_PLACEMENT_3D('',#5292,#4378,#4379);
#3609=AXIS2_PLACEMENT_3D('',#5294,#4380,#4381);
#3610=AXIS2_PLACEMENT_3D('',#5296,#4383,#4384);
#3611=AXIS2_PLACEMENT_3D('',#5302,#4388,#4389);
#3612=AXIS2_PLACEMENT_3D('',#5305,#4392,#4393);
#3613=AXIS2_PLACEMENT_3D('',#5306,#4394,#4395);
#3614=AXIS2_PLACEMENT_3D('',#5307,#4396,#4397);
#3615=AXIS2_PLACEMENT_3D('',#5310,#4398,#4399);
#3616=AXIS2_PLACEMENT_3D('',#5314,#4401,#4402);
#3617=AXIS2_PLACEMENT_3D('',#5316,#4404,#4405);
#3618=AXIS2_PLACEMENT_3D('',#5322,#4409,#4410);
#3619=AXIS2_PLACEMENT_3D('',#5328,#4414,#4415);
#3620=AXIS2_PLACEMENT_3D('',#5334,#4419,#4420);
#3621=AXIS2_PLACEMENT_3D('',#5336,#4421,#4422);
#3622=AXIS2_PLACEMENT_3D('',#5338,#4423,#4424);
#3623=AXIS2_PLACEMENT_3D('',#5340,#4426,#4427);
#3624=AXIS2_PLACEMENT_3D('',#5343,#4430,#4431);
#3625=AXIS2_PLACEMENT_3D('',#5344,#4432,#4433);
#3626=DIRECTION('axis',(0.,0.,1.));
#3627=DIRECTION('refdir',(1.,0.,0.));
#3628=DIRECTION('center_axis',(-1.,0.,0.));
#3629=DIRECTION('ref_axis',(0.,0.,1.));
#3630=DIRECTION('',(0.,0.,-1.));
#3631=DIRECTION('',(0.,1.,0.));
#3632=DIRECTION('',(0.,0.,1.));
#3633=DIRECTION('',(0.,1.,0.));
#3634=DIRECTION('center_axis',(0.,0.,-1.));
#3635=DIRECTION('ref_axis',(-1.,0.,0.));
#3636=DIRECTION('',(1.,0.,0.));
#3637=DIRECTION('',(-1.,0.,0.));
#3638=DIRECTION('',(0.,1.,0.));
#3639=DIRECTION('center_axis',(1.,0.,0.));
#3640=DIRECTION('ref_axis',(0.,0.,-1.));
#3641=DIRECTION('',(0.,0.,1.));
#3642=DIRECTION('',(0.,0.,-1.));
#3643=DIRECTION('',(0.,1.,0.));
#3644=DIRECTION('center_axis',(0.,0.,1.));
#3645=DIRECTION('ref_axis',(1.,0.,0.));
#3646=DIRECTION('',(-1.,0.,0.));
#3647=DIRECTION('',(1.,0.,0.));
#3648=DIRECTION('center_axis',(0.,1.,0.));
#3649=DIRECTION('ref_axis',(0.,0.,1.));
#3650=DIRECTION('center_axis',(-1.,0.,0.));
#3651=DIRECTION('ref_axis',(0.,0.,1.));
#3652=DIRECTION('',(0.,0.,-1.));
#3653=DIRECTION('',(0.,1.,0.));
#3654=DIRECTION('',(0.,0.,1.));
#3655=DIRECTION('',(0.,1.,0.));
#3656=DIRECTION('center_axis',(0.,0.,-1.));
#3657=DIRECTION('ref_axis',(-1.,0.,0.));
#3658=DIRECTION('',(1.,0.,0.));
#3659=DIRECTION('',(-1.,0.,0.));
#3660=DIRECTION('',(0.,1.,0.));
#3661=DIRECTION('center_axis',(1.,0.,0.));
#3662=DIRECTION('ref_axis',(0.,0.,-1.));
#3663=DIRECTION('',(0.,0.,1.));
#3664=DIRECTION('',(0.,0.,-1.));
#3665=DIRECTION('',(0.,1.,0.));
#3666=DIRECTION('center_axis',(0.,0.,1.));
#3667=DIRECTION('ref_axis',(1.,0.,0.));
#3668=DIRECTION('',(-1.,0.,0.));
#3669=DIRECTION('',(1.,0.,0.));
#3670=DIRECTION('center_axis',(0.,1.,0.));
#3671=DIRECTION('ref_axis',(0.,0.,1.));
#3672=DIRECTION('center_axis',(-1.,0.,0.));
#3673=DIRECTION('ref_axis',(0.,0.,1.));
#3674=DIRECTION('',(0.,0.,-1.));
#3675=DIRECTION('',(0.,1.,0.));
#3676=DIRECTION('',(0.,0.,1.));
#3677=DIRECTION('',(0.,1.,0.));
#3678=DIRECTION('center_axis',(0.,0.,-1.));
#3679=DIRECTION('ref_axis',(-1.,0.,0.));
#3680=DIRECTION('',(1.,0.,0.));
#3681=DIRECTION('',(-1.,0.,0.));
#3682=DIRECTION('',(0.,1.,0.));
#3683=DIRECTION('center_axis',(1.,0.,0.));
#3684=DIRECTION('ref_axis',(0.,0.,-1.));
#3685=DIRECTION('',(0.,0.,1.));
#3686=DIRECTION('',(0.,0.,-1.));
#3687=DIRECTION('',(0.,1.,0.));
#3688=DIRECTION('center_axis',(0.,0.,1.));
#3689=DIRECTION('ref_axis',(1.,0.,0.));
#3690=DIRECTION('',(-1.,0.,0.));
#3691=DIRECTION('',(1.,0.,0.));
#3692=DIRECTION('center_axis',(0.,1.,0.));
#3693=DIRECTION('ref_axis',(0.,0.,1.));
#3694=DIRECTION('center_axis',(-1.,0.,3.67043680922245E-16));
#3695=DIRECTION('ref_axis',(3.67043680922245E-16,0.,1.));
#3696=DIRECTION('',(-3.67043680922245E-16,0.,-1.));
#3697=DIRECTION('',(0.,1.,0.));
#3698=DIRECTION('',(3.67043680922245E-16,0.,1.));
#3699=DIRECTION('',(0.,1.,0.));
#3700=DIRECTION('center_axis',(0.,0.,-1.));
#3701=DIRECTION('ref_axis',(-1.,0.,0.));
#3702=DIRECTION('',(1.,0.,0.));
#3703=DIRECTION('',(-1.,0.,0.));
#3704=DIRECTION('',(0.,1.,0.));
#3705=DIRECTION('center_axis',(1.,0.,0.));
#3706=DIRECTION('ref_axis',(0.,0.,-1.));
#3707=DIRECTION('',(0.,0.,1.));
#3708=DIRECTION('',(0.,0.,-1.));
#3709=DIRECTION('',(0.,1.,0.));
#3710=DIRECTION('center_axis',(0.,0.,1.));
#3711=DIRECTION('ref_axis',(1.,0.,0.));
#3712=DIRECTION('',(-1.,0.,0.));
#3713=DIRECTION('',(1.,0.,0.));
#3714=DIRECTION('center_axis',(0.,1.,0.));
#3715=DIRECTION('ref_axis',(0.,0.,1.));
#3716=DIRECTION('center_axis',(-1.,0.,0.));
#3717=DIRECTION('ref_axis',(0.,0.,1.));
#3718=DIRECTION('',(0.,0.,-1.));
#3719=DIRECTION('',(0.,1.,0.));
#3720=DIRECTION('',(0.,0.,1.));
#3721=DIRECTION('',(0.,1.,0.));
#3722=DIRECTION('center_axis',(0.,0.,-1.));
#3723=DIRECTION('ref_axis',(-1.,0.,0.));
#3724=DIRECTION('',(1.,0.,0.));
#3725=DIRECTION('',(-1.,0.,0.));
#3726=DIRECTION('',(0.,1.,0.));
#3727=DIRECTION('center_axis',(1.,0.,0.));
#3728=DIRECTION('ref_axis',(0.,0.,-1.));
#3729=DIRECTION('',(0.,0.,1.));
#3730=DIRECTION('',(0.,0.,-1.));
#3731=DIRECTION('',(0.,1.,0.));
#3732=DIRECTION('center_axis',(0.,0.,1.));
#3733=DIRECTION('ref_axis',(1.,0.,0.));
#3734=DIRECTION('',(-1.,0.,0.));
#3735=DIRECTION('',(1.,0.,0.));
#3736=DIRECTION('center_axis',(0.,1.,0.));
#3737=DIRECTION('ref_axis',(0.,0.,1.));
#3738=DIRECTION('center_axis',(-1.,0.,0.));
#3739=DIRECTION('ref_axis',(0.,0.,1.));
#3740=DIRECTION('',(0.,0.,-1.));
#3741=DIRECTION('',(0.,1.,0.));
#3742=DIRECTION('',(0.,0.,1.));
#3743=DIRECTION('',(0.,1.,0.));
#3744=DIRECTION('center_axis',(0.,0.,-1.));
#3745=DIRECTION('ref_axis',(-1.,0.,0.));
#3746=DIRECTION('',(1.,0.,0.));
#3747=DIRECTION('',(-1.,0.,0.));
#3748=DIRECTION('',(0.,1.,0.));
#3749=DIRECTION('center_axis',(1.,0.,0.));
#3750=DIRECTION('ref_axis',(0.,0.,-1.));
#3751=DIRECTION('',(0.,0.,1.));
#3752=DIRECTION('',(0.,0.,-1.));
#3753=DIRECTION('',(0.,1.,0.));
#3754=DIRECTION('center_axis',(0.,0.,1.));
#3755=DIRECTION('ref_axis',(1.,0.,0.));
#3756=DIRECTION('',(-1.,0.,0.));
#3757=DIRECTION('',(1.,0.,0.));
#3758=DIRECTION('center_axis',(0.,1.,0.));
#3759=DIRECTION('ref_axis',(0.,0.,1.));
#3760=DIRECTION('center_axis',(-1.,0.,0.));
#3761=DIRECTION('ref_axis',(0.,0.,1.));
#3762=DIRECTION('',(0.,0.,-1.));
#3763=DIRECTION('',(0.,1.,0.));
#3764=DIRECTION('',(0.,0.,1.));
#3765=DIRECTION('',(0.,1.,0.));
#3766=DIRECTION('center_axis',(0.,0.,-1.));
#3767=DIRECTION('ref_axis',(-1.,0.,0.));
#3768=DIRECTION('',(1.,0.,0.));
#3769=DIRECTION('',(-1.,0.,0.));
#3770=DIRECTION('',(0.,1.,0.));
#3771=DIRECTION('center_axis',(1.,0.,0.));
#3772=DIRECTION('ref_axis',(0.,0.,-1.));
#3773=DIRECTION('',(0.,0.,1.));
#3774=DIRECTION('',(0.,0.,-1.));
#3775=DIRECTION('',(0.,1.,0.));
#3776=DIRECTION('center_axis',(0.,0.,1.));
#3777=DIRECTION('ref_axis',(1.,0.,0.));
#3778=DIRECTION('',(-1.,0.,0.));
#3779=DIRECTION('',(1.,0.,0.));
#3780=DIRECTION('center_axis',(0.,1.,0.));
#3781=DIRECTION('ref_axis',(0.,0.,1.));
#3782=DIRECTION('center_axis',(-1.,0.,0.));
#3783=DIRECTION('ref_axis',(0.,0.,1.));
#3784=DIRECTION('',(0.,0.,-1.));
#3785=DIRECTION('',(0.,1.,0.));
#3786=DIRECTION('',(0.,0.,1.));
#3787=DIRECTION('',(0.,1.,0.));
#3788=DIRECTION('center_axis',(0.,0.,-1.));
#3789=DIRECTION('ref_axis',(-1.,0.,0.));
#3790=DIRECTION('',(1.,0.,0.));
#3791=DIRECTION('',(-1.,0.,0.));
#3792=DIRECTION('',(0.,1.,0.));
#3793=DIRECTION('center_axis',(1.,0.,0.));
#3794=DIRECTION('ref_axis',(0.,0.,-1.));
#3795=DIRECTION('',(0.,0.,1.));
#3796=DIRECTION('',(0.,0.,-1.));
#3797=DIRECTION('',(0.,1.,0.));
#3798=DIRECTION('center_axis',(0.,0.,1.));
#3799=DIRECTION('ref_axis',(1.,0.,0.));
#3800=DIRECTION('',(-1.,0.,0.));
#3801=DIRECTION('',(1.,0.,0.));
#3802=DIRECTION('center_axis',(0.,1.,0.));
#3803=DIRECTION('ref_axis',(0.,0.,1.));
#3804=DIRECTION('center_axis',(-1.,0.,0.));
#3805=DIRECTION('ref_axis',(0.,0.,1.));
#3806=DIRECTION('',(0.,0.,-1.));
#3807=DIRECTION('',(0.,1.,0.));
#3808=DIRECTION('',(0.,0.,1.));
#3809=DIRECTION('',(0.,1.,0.));
#3810=DIRECTION('center_axis',(0.,0.,-1.));
#3811=DIRECTION('ref_axis',(-1.,0.,0.));
#3812=DIRECTION('',(1.,0.,0.));
#3813=DIRECTION('',(-1.,0.,0.));
#3814=DIRECTION('',(0.,1.,0.));
#3815=DIRECTION('center_axis',(1.,0.,0.));
#3816=DIRECTION('ref_axis',(0.,0.,-1.));
#3817=DIRECTION('',(0.,0.,1.));
#3818=DIRECTION('',(0.,0.,-1.));
#3819=DIRECTION('',(0.,1.,0.));
#3820=DIRECTION('center_axis',(0.,0.,1.));
#3821=DIRECTION('ref_axis',(1.,0.,0.));
#3822=DIRECTION('',(-1.,0.,0.));
#3823=DIRECTION('',(1.,0.,0.));
#3824=DIRECTION('center_axis',(0.,1.,0.));
#3825=DIRECTION('ref_axis',(0.,0.,1.));
#3826=DIRECTION('center_axis',(-1.,0.,0.));
#3827=DIRECTION('ref_axis',(0.,0.,1.));
#3828=DIRECTION('',(0.,0.,-1.));
#3829=DIRECTION('',(0.,1.,0.));
#3830=DIRECTION('',(0.,0.,1.));
#3831=DIRECTION('',(0.,1.,0.));
#3832=DIRECTION('center_axis',(0.,0.,-1.));
#3833=DIRECTION('ref_axis',(-1.,0.,0.));
#3834=DIRECTION('',(1.,0.,0.));
#3835=DIRECTION('',(-1.,0.,0.));
#3836=DIRECTION('',(0.,1.,0.));
#3837=DIRECTION('center_axis',(1.,0.,0.));
#3838=DIRECTION('ref_axis',(0.,0.,-1.));
#3839=DIRECTION('',(0.,0.,1.));
#3840=DIRECTION('',(0.,0.,-1.));
#3841=DIRECTION('',(0.,1.,0.));
#3842=DIRECTION('center_axis',(0.,0.,1.));
#3843=DIRECTION('ref_axis',(1.,0.,0.));
#3844=DIRECTION('',(-1.,0.,0.));
#3845=DIRECTION('',(1.,0.,0.));
#3846=DIRECTION('center_axis',(0.,1.,0.));
#3847=DIRECTION('ref_axis',(0.,0.,1.));
#3848=DIRECTION('center_axis',(-1.,0.,0.));
#3849=DIRECTION('ref_axis',(0.,0.,1.));
#3850=DIRECTION('',(0.,0.,-1.));
#3851=DIRECTION('',(0.,1.,0.));
#3852=DIRECTION('',(0.,0.,1.));
#3853=DIRECTION('',(0.,1.,0.));
#3854=DIRECTION('center_axis',(0.,0.,-1.));
#3855=DIRECTION('ref_axis',(-1.,0.,0.));
#3856=DIRECTION('',(1.,0.,0.));
#3857=DIRECTION('',(-1.,0.,0.));
#3858=DIRECTION('',(0.,1.,0.));
#3859=DIRECTION('center_axis',(1.,0.,0.));
#3860=DIRECTION('ref_axis',(0.,0.,-1.));
#3861=DIRECTION('',(0.,0.,1.));
#3862=DIRECTION('',(0.,0.,-1.));
#3863=DIRECTION('',(0.,1.,0.));
#3864=DIRECTION('center_axis',(0.,0.,1.));
#3865=DIRECTION('ref_axis',(1.,0.,0.));
#3866=DIRECTION('',(-1.,0.,0.));
#3867=DIRECTION('',(1.,0.,0.));
#3868=DIRECTION('center_axis',(0.,1.,0.));
#3869=DIRECTION('ref_axis',(0.,0.,1.));
#3870=DIRECTION('center_axis',(-1.,0.,0.));
#3871=DIRECTION('ref_axis',(0.,0.,1.));
#3872=DIRECTION('',(0.,0.,-1.));
#3873=DIRECTION('',(0.,1.,0.));
#3874=DIRECTION('',(0.,0.,1.));
#3875=DIRECTION('',(0.,1.,0.));
#3876=DIRECTION('center_axis',(0.,0.,-1.));
#3877=DIRECTION('ref_axis',(-1.,0.,0.));
#3878=DIRECTION('',(1.,0.,0.));
#3879=DIRECTION('',(-1.,0.,0.));
#3880=DIRECTION('',(0.,1.,0.));
#3881=DIRECTION('center_axis',(1.,0.,0.));
#3882=DIRECTION('ref_axis',(0.,0.,-1.));
#3883=DIRECTION('',(0.,0.,1.));
#3884=DIRECTION('',(0.,0.,-1.));
#3885=DIRECTION('',(0.,1.,0.));
#3886=DIRECTION('center_axis',(0.,0.,1.));
#3887=DIRECTION('ref_axis',(1.,0.,0.));
#3888=DIRECTION('',(-1.,0.,0.));
#3889=DIRECTION('',(1.,0.,0.));
#3890=DIRECTION('center_axis',(0.,1.,0.));
#3891=DIRECTION('ref_axis',(0.,0.,1.));
#3892=DIRECTION('center_axis',(-1.,0.,0.));
#3893=DIRECTION('ref_axis',(0.,0.,1.));
#3894=DIRECTION('',(0.,0.,-1.));
#3895=DIRECTION('',(0.,1.,0.));
#3896=DIRECTION('',(0.,0.,1.));
#3897=DIRECTION('',(0.,1.,0.));
#3898=DIRECTION('center_axis',(0.,0.,-1.));
#3899=DIRECTION('ref_axis',(-1.,0.,0.));
#3900=DIRECTION('',(1.,0.,0.));
#3901=DIRECTION('',(-1.,0.,0.));
#3902=DIRECTION('',(0.,1.,0.));
#3903=DIRECTION('center_axis',(1.,0.,0.));
#3904=DIRECTION('ref_axis',(0.,0.,-1.));
#3905=DIRECTION('',(0.,0.,1.));
#3906=DIRECTION('',(0.,0.,-1.));
#3907=DIRECTION('',(0.,1.,0.));
#3908=DIRECTION('center_axis',(0.,0.,1.));
#3909=DIRECTION('ref_axis',(1.,0.,0.));
#3910=DIRECTION('',(-1.,0.,0.));
#3911=DIRECTION('',(1.,0.,0.));
#3912=DIRECTION('center_axis',(0.,1.,0.));
#3913=DIRECTION('ref_axis',(0.,0.,1.));
#3914=DIRECTION('center_axis',(-1.,0.,0.));
#3915=DIRECTION('ref_axis',(0.,0.,1.));
#3916=DIRECTION('',(0.,0.,-1.));
#3917=DIRECTION('',(0.,1.,0.));
#3918=DIRECTION('',(0.,0.,1.));
#3919=DIRECTION('',(0.,1.,0.));
#3920=DIRECTION('center_axis',(0.,0.,-1.));
#3921=DIRECTION('ref_axis',(-1.,0.,0.));
#3922=DIRECTION('',(1.,0.,0.));
#3923=DIRECTION('',(-1.,0.,0.));
#3924=DIRECTION('',(0.,1.,0.));
#3925=DIRECTION('center_axis',(1.,0.,0.));
#3926=DIRECTION('ref_axis',(0.,0.,-1.));
#3927=DIRECTION('',(0.,0.,1.));
#3928=DIRECTION('',(0.,0.,-1.));
#3929=DIRECTION('',(0.,1.,0.));
#3930=DIRECTION('center_axis',(0.,0.,1.));
#3931=DIRECTION('ref_axis',(1.,0.,0.));
#3932=DIRECTION('',(-1.,0.,0.));
#3933=DIRECTION('',(1.,0.,0.));
#3934=DIRECTION('center_axis',(0.,1.,0.));
#3935=DIRECTION('ref_axis',(0.,0.,1.));
#3936=DIRECTION('center_axis',(-0.70710678118655,0.,-0.707106781186545));
#3937=DIRECTION('ref_axis',(-0.707106781186545,0.,0.70710678118655));
#3938=DIRECTION('',(0.707106781186545,0.,-0.70710678118655));
#3939=DIRECTION('',(0.,-1.,0.));
#3940=DIRECTION('',(0.707106781186545,0.,-0.70710678118655));
#3941=DIRECTION('',(0.,1.,0.));
#3942=DIRECTION('center_axis',(8.88178419700125E-16,0.,-1.));
#3943=DIRECTION('ref_axis',(-1.,0.,-8.88178419700125E-16));
#3944=DIRECTION('',(-1.,0.,-8.88178419700125E-16));
#3945=DIRECTION('',(0.,1.,0.));
#3946=DIRECTION('',(1.,0.,8.88178419700125E-16));
#3947=DIRECTION('center_axis',(0.,1.,0.));
#3948=DIRECTION('ref_axis',(0.,0.,1.));
#3949=DIRECTION('',(0.,0.,1.));
#3950=DIRECTION('',(-0.707106781186548,0.,-0.707106781186548));
#3951=DIRECTION('',(1.,0.,0.));
#3952=DIRECTION('',(-0.707106781186547,0.,0.707106781186548));
#3953=DIRECTION('',(0.,0.,-1.));
#3954=DIRECTION('',(0.707106781186547,0.,0.707106781186548));
#3955=DIRECTION('',(0.,0.,-1.));
#3956=DIRECTION('',(1.,0.,0.));
#3957=DIRECTION('',(0.,0.,1.));
#3958=DIRECTION('',(-1.,0.,0.));
#3959=DIRECTION('center_axis',(0.707106781186548,0.,-0.707106781186547));
#3960=DIRECTION('ref_axis',(-0.707106781186547,0.,-0.707106781186548));
#3961=DIRECTION('',(0.,-1.,0.));
#3962=DIRECTION('',(0.707106781186547,0.,0.707106781186548));
#3963=DIRECTION('center_axis',(1.,0.,0.));
#3964=DIRECTION('ref_axis',(0.,0.,-1.));
#3965=DIRECTION('',(0.,1.,0.));
#3966=DIRECTION('',(0.,0.,1.));
#3967=DIRECTION('center_axis',(-0.707106781186545,0.,-0.70710678118655));
#3968=DIRECTION('ref_axis',(-0.70710678118655,0.,0.707106781186545));
#3969=DIRECTION('',(0.70710678118655,0.,-0.707106781186545));
#3970=DIRECTION('',(0.,-1.,0.));
#3971=DIRECTION('',(0.70710678118655,0.,-0.707106781186545));
#3972=DIRECTION('',(0.,1.,0.));
#3973=DIRECTION('center_axis',(-8.88178419700125E-16,0.,-1.));
#3974=DIRECTION('ref_axis',(-1.,0.,8.88178419700125E-16));
#3975=DIRECTION('',(-1.,0.,8.88178419700125E-16));
#3976=DIRECTION('',(0.,1.,0.));
#3977=DIRECTION('',(1.,0.,-8.88178419700125E-16));
#3978=DIRECTION('center_axis',(0.,1.,0.));
#3979=DIRECTION('ref_axis',(0.,0.,1.));
#3980=DIRECTION('',(-4.44089209850063E-16,0.,1.));
#3981=DIRECTION('',(-0.707106781186548,0.,-0.707106781186548));
#3982=DIRECTION('',(1.,0.,0.));
#3983=DIRECTION('',(-0.707106781186545,0.,0.70710678118655));
#3984=DIRECTION('',(6.07153216591882E-17,0.,-1.));
#3985=DIRECTION('',(0.707106781186547,0.,0.707106781186548));
#3986=DIRECTION('',(0.,0.,-1.));
#3987=DIRECTION('',(1.,0.,0.));
#3988=DIRECTION('',(0.,0.,1.));
#3989=DIRECTION('',(-1.,0.,0.));
#3990=DIRECTION('center_axis',(0.707106781186548,0.,-0.707106781186547));
#3991=DIRECTION('ref_axis',(-0.707106781186547,0.,-0.707106781186548));
#3992=DIRECTION('',(0.,-1.,0.));
#3993=DIRECTION('',(0.707106781186547,0.,0.707106781186548));
#3994=DIRECTION('center_axis',(1.,0.,6.07153216591882E-17));
#3995=DIRECTION('ref_axis',(6.07153216591882E-17,0.,-1.));
#3996=DIRECTION('',(0.,1.,0.));
#3997=DIRECTION('',(-6.07153216591882E-17,0.,1.));
#3998=DIRECTION('center_axis',(-0.707106781186545,0.,-0.70710678118655));
#3999=DIRECTION('ref_axis',(-0.70710678118655,0.,0.707106781186545));
#4000=DIRECTION('',(0.70710678118655,0.,-0.707106781186545));
#4001=DIRECTION('',(0.,-1.,0.));
#4002=DIRECTION('',(0.70710678118655,0.,-0.707106781186545));
#4003=DIRECTION('',(0.,1.,0.));
#4004=DIRECTION('center_axis',(-1.77635683940025E-15,0.,-1.));
#4005=DIRECTION('ref_axis',(-1.,0.,1.77635683940025E-15));
#4006=DIRECTION('',(-1.,0.,1.77635683940025E-15));
#4007=DIRECTION('',(0.,1.,0.));
#4008=DIRECTION('',(1.,0.,-1.77635683940025E-15));
#4009=DIRECTION('center_axis',(0.,1.,0.));
#4010=DIRECTION('ref_axis',(0.,0.,1.));
#4011=DIRECTION('',(-1.82145964977565E-16,0.,1.));
#4012=DIRECTION('',(-0.707106781186547,0.,-0.707106781186548));
#4013=DIRECTION('',(1.,0.,0.));
#4014=DIRECTION('',(-0.707106781186547,0.,0.707106781186548));
#4015=DIRECTION('',(0.,0.,-1.));
#4016=DIRECTION('',(0.707106781186548,0.,0.707106781186548));
#4017=DIRECTION('',(0.,0.,-1.));
#4018=DIRECTION('',(1.,0.,0.));
#4019=DIRECTION('',(0.,0.,1.));
#4020=DIRECTION('',(-1.,0.,0.));
#4021=DIRECTION('center_axis',(0.707106781186548,0.,-0.707106781186548));
#4022=DIRECTION('ref_axis',(-0.707106781186548,0.,-0.707106781186548));
#4023=DIRECTION('',(0.,-1.,0.));
#4024=DIRECTION('',(0.707106781186548,0.,0.707106781186548));
#4025=DIRECTION('center_axis',(1.,0.,0.));
#4026=DIRECTION('ref_axis',(0.,0.,-1.));
#4027=DIRECTION('',(0.,1.,0.));
#4028=DIRECTION('',(0.,0.,1.));
#4029=DIRECTION('center_axis',(-0.707106781186546,0.,-0.707106781186549));
#4030=DIRECTION('ref_axis',(-0.707106781186549,0.,0.707106781186546));
#4031=DIRECTION('',(0.707106781186549,0.,-0.707106781186546));
#4032=DIRECTION('',(0.,-1.,0.));
#4033=DIRECTION('',(0.707106781186549,0.,-0.707106781186546));
#4034=DIRECTION('',(0.,1.,0.));
#4035=DIRECTION('center_axis',(-8.88178419700125E-16,0.,-1.));
#4036=DIRECTION('ref_axis',(-1.,0.,8.88178419700125E-16));
#4037=DIRECTION('',(-1.,0.,8.88178419700125E-16));
#4038=DIRECTION('',(0.,1.,0.));
#4039=DIRECTION('',(1.,0.,-8.88178419700125E-16));
#4040=DIRECTION('center_axis',(0.,1.,0.));
#4041=DIRECTION('ref_axis',(0.,0.,1.));
#4042=DIRECTION('',(-2.22044604925032E-16,0.,1.));
#4043=DIRECTION('',(-0.707106781186548,0.,-0.707106781186548));
#4044=DIRECTION('',(1.,0.,0.));
#4045=DIRECTION('',(-0.707106781186548,0.,0.707106781186548));
#4046=DIRECTION('',(4.44089209850063E-16,0.,-1.));
#4047=DIRECTION('',(0.707106781186548,0.,0.707106781186548));
#4048=DIRECTION('',(0.,0.,-1.));
#4049=DIRECTION('',(1.,0.,0.));
#4050=DIRECTION('',(0.,0.,1.));
#4051=DIRECTION('',(-1.,0.,0.));
#4052=DIRECTION('center_axis',(0.707106781186548,0.,-0.707106781186548));
#4053=DIRECTION('ref_axis',(-0.707106781186548,0.,-0.707106781186548));
#4054=DIRECTION('',(0.,-1.,0.));
#4055=DIRECTION('',(0.707106781186548,0.,0.707106781186548));
#4056=DIRECTION('center_axis',(1.,0.,4.44089209850063E-16));
#4057=DIRECTION('ref_axis',(4.44089209850063E-16,0.,-1.));
#4058=DIRECTION('',(0.,1.,0.));
#4059=DIRECTION('',(-4.44089209850063E-16,0.,1.));
#4060=DIRECTION('center_axis',(0.707106781186548,0.,0.707106781186548));
#4061=DIRECTION('ref_axis',(0.707106781186548,0.,-0.707106781186548));
#4062=DIRECTION('',(0.,-1.,0.));
#4063=DIRECTION('',(-0.707106781186548,0.,0.707106781186548));
#4064=DIRECTION('center_axis',(0.,0.,1.));
#4065=DIRECTION('ref_axis',(1.,0.,0.));
#4066=DIRECTION('',(0.,1.,0.));
#4067=DIRECTION('',(-1.,0.,0.));
#4068=DIRECTION('center_axis',(-0.707106781186548,0.,0.707106781186548));
#4069=DIRECTION('ref_axis',(0.707106781186548,0.,0.707106781186548));
#4070=DIRECTION('',(0.,-1.,0.));
#4071=DIRECTION('',(-0.707106781186548,0.,-0.707106781186548));
#4072=DIRECTION('center_axis',(0.707106781186548,0.,0.707106781186547));
#4073=DIRECTION('ref_axis',(0.707106781186547,0.,-0.707106781186548));
#4074=DIRECTION('',(0.,-1.,0.));
#4075=DIRECTION('',(-0.707106781186547,0.,0.707106781186548));
#4076=DIRECTION('center_axis',(0.,0.,1.));
#4077=DIRECTION('ref_axis',(1.,0.,0.));
#4078=DIRECTION('',(0.,1.,0.));
#4079=DIRECTION('',(-1.,0.,0.));
#4080=DIRECTION('center_axis',(-0.707106781186548,0.,0.707106781186547));
#4081=DIRECTION('ref_axis',(0.707106781186547,0.,0.707106781186548));
#4082=DIRECTION('',(0.,-1.,0.));
#4083=DIRECTION('',(-0.707106781186547,0.,-0.707106781186548));
#4084=DIRECTION('center_axis',(0.70710678118655,0.,0.707106781186545));
#4085=DIRECTION('ref_axis',(0.707106781186545,0.,-0.70710678118655));
#4086=DIRECTION('',(0.,-1.,0.));
#4087=DIRECTION('',(-0.707106781186545,0.,0.70710678118655));
#4088=DIRECTION('center_axis',(0.,0.,1.));
#4089=DIRECTION('ref_axis',(1.,0.,0.));
#4090=DIRECTION('',(0.,1.,0.));
#4091=DIRECTION('',(-1.,0.,0.));
#4092=DIRECTION('center_axis',(-0.707106781186548,0.,0.707106781186548));
#4093=DIRECTION('ref_axis',(0.707106781186548,0.,0.707106781186548));
#4094=DIRECTION('',(0.,-1.,0.));
#4095=DIRECTION('',(-0.707106781186548,0.,-0.707106781186548));
#4096=DIRECTION('center_axis',(0.707106781186548,0.,0.707106781186547));
#4097=DIRECTION('ref_axis',(0.707106781186547,0.,-0.707106781186548));
#4098=DIRECTION('',(0.,-1.,0.));
#4099=DIRECTION('',(-0.707106781186547,0.,0.707106781186548));
#4100=DIRECTION('center_axis',(0.,0.,1.));
#4101=DIRECTION('ref_axis',(1.,0.,0.));
#4102=DIRECTION('',(0.,1.,0.));
#4103=DIRECTION('',(-1.,0.,0.));
#4104=DIRECTION('center_axis',(-0.707106781186548,0.,0.707106781186548));
#4105=DIRECTION('ref_axis',(0.707106781186548,0.,0.707106781186548));
#4106=DIRECTION('',(0.,-1.,0.));
#4107=DIRECTION('',(-0.707106781186548,0.,-0.707106781186548));
#4108=DIRECTION('center_axis',(1.,0.,0.));
#4109=DIRECTION('ref_axis',(0.,0.,1.));
#4110=DIRECTION('',(0.,0.,-1.));
#4111=DIRECTION('',(0.,-1.,0.));
#4112=DIRECTION('',(0.,0.,1.));
#4113=DIRECTION('',(0.,-1.,0.));
#4114=DIRECTION('center_axis',(2.11471052309554E-16,0.,-1.));
#4115=DIRECTION('ref_axis',(1.,0.,2.11471052309554E-16));
#4116=DIRECTION('',(-1.,0.,-2.11471052309554E-16));
#4117=DIRECTION('',(1.,0.,2.11471052309554E-16));
#4118=DIRECTION('',(0.,-1.,0.));
#4119=DIRECTION('center_axis',(-1.,0.,0.));
#4120=DIRECTION('ref_axis',(0.,0.,-1.));
#4121=DIRECTION('',(0.,0.,1.));
#4122=DIRECTION('',(0.,0.,-1.));
#4123=DIRECTION('',(0.,-1.,0.));
#4124=DIRECTION('center_axis',(-2.11471052309554E-16,0.,1.));
#4125=DIRECTION('ref_axis',(-1.,0.,-2.11471052309554E-16));
#4126=DIRECTION('',(1.,0.,2.11471052309554E-16));
#4127=DIRECTION('',(-1.,0.,-2.11471052309554E-16));
#4128=DIRECTION('center_axis',(0.,-1.,0.));
#4129=DIRECTION('ref_axis',(0.,0.,-1.));
#4130=DIRECTION('center_axis',(1.,0.,3.70074341541719E-17));
#4131=DIRECTION('ref_axis',(-3.70074341541719E-17,0.,1.));
#4132=DIRECTION('',(3.70074341541719E-17,0.,-1.));
#4133=DIRECTION('',(0.,-1.,0.));
#4134=DIRECTION('',(-3.70074341541719E-17,0.,1.));
#4135=DIRECTION('',(0.,-1.,0.));
#4136=DIRECTION('center_axis',(0.,0.,-1.));
#4137=DIRECTION('ref_axis',(1.,0.,0.));
#4138=DIRECTION('',(-1.,0.,0.));
#4139=DIRECTION('',(1.,0.,0.));
#4140=DIRECTION('',(0.,-1.,0.));
#4141=DIRECTION('center_axis',(-1.,0.,3.70074341541719E-17));
#4142=DIRECTION('ref_axis',(-3.70074341541719E-17,0.,-1.));
#4143=DIRECTION('',(3.70074341541719E-17,0.,1.));
#4144=DIRECTION('',(-3.70074341541719E-17,0.,-1.));
#4145=DIRECTION('',(0.,-1.,0.));
#4146=DIRECTION('center_axis',(-1.93082265152201E-16,0.,1.));
#4147=DIRECTION('ref_axis',(-1.,0.,-1.93082265152201E-16));
#4148=DIRECTION('',(1.,0.,1.93082265152201E-16));
#4149=DIRECTION('',(-1.,0.,-1.93082265152201E-16));
#4150=DIRECTION('center_axis',(0.,-1.,0.));
#4151=DIRECTION('ref_axis',(0.,0.,-1.));
#4152=DIRECTION('center_axis',(-1.,0.,0.));
#4153=DIRECTION('ref_axis',(0.,0.,-1.));
#4154=DIRECTION('',(0.,0.,1.));
#4155=DIRECTION('',(0.,-1.,0.));
#4156=DIRECTION('',(0.,0.,-1.));
#4157=DIRECTION('',(0.,-1.,0.));
#4158=DIRECTION('center_axis',(0.,0.,-1.));
#4159=DIRECTION('ref_axis',(1.,0.,0.));
#4160=DIRECTION('',(-1.,0.,0.));
#4161=DIRECTION('',(0.,-1.,0.));
#4162=DIRECTION('',(1.,0.,0.));
#4163=DIRECTION('center_axis',(0.,0.,1.));
#4164=DIRECTION('ref_axis',(-1.,0.,0.));
#4165=DIRECTION('',(1.,0.,0.));
#4166=DIRECTION('',(-1.,0.,0.));
#4167=DIRECTION('',(0.,-1.,0.));
#4168=DIRECTION('center_axis',(1.,0.,0.));
#4169=DIRECTION('ref_axis',(0.,0.,1.));
#4170=DIRECTION('',(0.,0.,-1.));
#4171=DIRECTION('',(0.,0.,1.));
#4172=DIRECTION('center_axis',(0.,-1.,0.));
#4173=DIRECTION('ref_axis',(0.,0.,-1.));
#4174=DIRECTION('center_axis',(-1.,0.,0.));
#4175=DIRECTION('ref_axis',(0.,0.,-1.));
#4176=DIRECTION('',(0.,0.,1.));
#4177=DIRECTION('',(0.,-1.,0.));
#4178=DIRECTION('',(0.,0.,-1.));
#4179=DIRECTION('',(0.,-1.,0.));
#4180=DIRECTION('center_axis',(0.,0.,-1.));
#4181=DIRECTION('ref_axis',(1.,0.,0.));
#4182=DIRECTION('',(-1.,0.,0.));
#4183=DIRECTION('',(0.,-1.,0.));
#4184=DIRECTION('',(1.,0.,0.));
#4185=DIRECTION('center_axis',(0.,0.,1.));
#4186=DIRECTION('ref_axis',(-1.,0.,0.));
#4187=DIRECTION('',(1.,0.,0.));
#4188=DIRECTION('',(-1.,0.,0.));
#4189=DIRECTION('',(0.,-1.,0.));
#4190=DIRECTION('center_axis',(1.,0.,0.));
#4191=DIRECTION('ref_axis',(0.,0.,1.));
#4192=DIRECTION('',(0.,0.,-1.));
#4193=DIRECTION('',(0.,0.,1.));
#4194=DIRECTION('center_axis',(0.,-1.,0.));
#4195=DIRECTION('ref_axis',(0.,0.,-1.));
#4196=DIRECTION('center_axis',(-1.,0.,0.));
#4197=DIRECTION('ref_axis',(0.,0.,-1.));
#4198=DIRECTION('',(0.,0.,1.));
#4199=DIRECTION('',(0.,-1.,0.));
#4200=DIRECTION('',(0.,0.,-1.));
#4201=DIRECTION('',(0.,-1.,0.));
#4202=DIRECTION('center_axis',(0.,0.,-1.));
#4203=DIRECTION('ref_axis',(1.,0.,0.));
#4204=DIRECTION('',(-1.,0.,0.));
#4205=DIRECTION('',(0.,-1.,0.));
#4206=DIRECTION('',(1.,0.,0.));
#4207=DIRECTION('center_axis',(0.,0.,1.));
#4208=DIRECTION('ref_axis',(-1.,0.,0.));
#4209=DIRECTION('',(1.,0.,0.));
#4210=DIRECTION('',(-1.,0.,0.));
#4211=DIRECTION('',(0.,-1.,0.));
#4212=DIRECTION('center_axis',(1.,0.,0.));
#4213=DIRECTION('ref_axis',(0.,0.,1.));
#4214=DIRECTION('',(0.,0.,-1.));
#4215=DIRECTION('',(0.,0.,1.));
#4216=DIRECTION('center_axis',(0.,-1.,0.));
#4217=DIRECTION('ref_axis',(0.,0.,-1.));
#4218=DIRECTION('center_axis',(-1.,0.,0.));
#4219=DIRECTION('ref_axis',(0.,0.,-1.));
#4220=DIRECTION('',(0.,0.,1.));
#4221=DIRECTION('',(0.,-1.,0.));
#4222=DIRECTION('',(0.,0.,-1.));
#4223=DIRECTION('',(0.,-1.,0.));
#4224=DIRECTION('center_axis',(0.,0.,-1.));
#4225=DIRECTION('ref_axis',(1.,0.,0.));
#4226=DIRECTION('',(-1.,0.,0.));
#4227=DIRECTION('',(0.,-1.,0.));
#4228=DIRECTION('',(1.,0.,0.));
#4229=DIRECTION('center_axis',(0.,0.,1.));
#4230=DIRECTION('ref_axis',(-1.,0.,0.));
#4231=DIRECTION('',(1.,0.,0.));
#4232=DIRECTION('',(-1.,0.,0.));
#4233=DIRECTION('',(0.,-1.,0.));
#4234=DIRECTION('center_axis',(1.,0.,0.));
#4235=DIRECTION('ref_axis',(0.,0.,1.));
#4236=DIRECTION('',(0.,0.,-1.));
#4237=DIRECTION('',(0.,0.,1.));
#4238=DIRECTION('center_axis',(0.,-1.,0.));
#4239=DIRECTION('ref_axis',(0.,0.,-1.));
#4240=DIRECTION('center_axis',(-1.,0.,0.));
#4241=DIRECTION('ref_axis',(0.,0.,1.));
#4242=DIRECTION('',(0.,1.,0.));
#4243=DIRECTION('',(0.,0.,1.));
#4244=DIRECTION('',(0.,1.,0.));
#4245=DIRECTION('center_axis',(0.,0.,-1.));
#4246=DIRECTION('ref_axis',(-1.,0.,0.));
#4247=DIRECTION('',(-1.,0.,0.));
#4248=DIRECTION('',(0.,1.,0.));
#4249=DIRECTION('center_axis',(1.,0.,0.));
#4250=DIRECTION('ref_axis',(0.,0.,-1.));
#4251=DIRECTION('',(0.,0.,-1.));
#4252=DIRECTION('',(0.,1.,0.));
#4253=DIRECTION('center_axis',(0.,0.,1.));
#4254=DIRECTION('ref_axis',(1.,0.,0.));
#4255=DIRECTION('',(1.,0.,0.));
#4256=DIRECTION('center_axis',(0.,1.,0.));
#4257=DIRECTION('ref_axis',(0.,0.,1.));
#4258=DIRECTION('center_axis',(-1.,0.,0.));
#4259=DIRECTION('ref_axis',(0.,0.,1.));
#4260=DIRECTION('',(0.,1.,0.));
#4261=DIRECTION('',(0.,0.,1.));
#4262=DIRECTION('',(0.,1.,0.));
#4263=DIRECTION('center_axis',(0.,0.,-1.));
#4264=DIRECTION('ref_axis',(-1.,0.,0.));
#4265=DIRECTION('',(-1.,0.,0.));
#4266=DIRECTION('',(0.,1.,0.));
#4267=DIRECTION('center_axis',(1.,0.,0.));
#4268=DIRECTION('ref_axis',(0.,0.,-1.));
#4269=DIRECTION('',(0.,0.,-1.));
#4270=DIRECTION('',(0.,1.,0.));
#4271=DIRECTION('center_axis',(0.,0.,1.));
#4272=DIRECTION('ref_axis',(1.,0.,0.));
#4273=DIRECTION('',(1.,0.,0.));
#4274=DIRECTION('center_axis',(0.,1.,0.));
#4275=DIRECTION('ref_axis',(0.,0.,1.));
#4276=DIRECTION('center_axis',(-1.,0.,0.));
#4277=DIRECTION('ref_axis',(0.,0.,1.));
#4278=DIRECTION('',(0.,1.,0.));
#4279=DIRECTION('',(0.,0.,1.));
#4280=DIRECTION('',(0.,1.,0.));
#4281=DIRECTION('center_axis',(0.,0.,-1.));
#4282=DIRECTION('ref_axis',(-1.,0.,0.));
#4283=DIRECTION('',(-1.,0.,0.));
#4284=DIRECTION('',(0.,1.,0.));
#4285=DIRECTION('center_axis',(1.,0.,0.));
#4286=DIRECTION('ref_axis',(0.,0.,-1.));
#4287=DIRECTION('',(0.,0.,-1.));
#4288=DIRECTION('',(0.,1.,0.));
#4289=DIRECTION('center_axis',(0.,0.,1.));
#4290=DIRECTION('ref_axis',(1.,0.,0.));
#4291=DIRECTION('',(1.,0.,0.));
#4292=DIRECTION('center_axis',(0.,1.,0.));
#4293=DIRECTION('ref_axis',(0.,0.,1.));
#4294=DIRECTION('center_axis',(-1.,0.,0.));
#4295=DIRECTION('ref_axis',(0.,0.,1.));
#4296=DIRECTION('',(0.,1.,0.));
#4297=DIRECTION('',(0.,0.,1.));
#4298=DIRECTION('',(0.,1.,0.));
#4299=DIRECTION('center_axis',(0.,0.,-1.));
#4300=DIRECTION('ref_axis',(-1.,0.,0.));
#4301=DIRECTION('',(-1.,0.,0.));
#4302=DIRECTION('',(0.,1.,0.));
#4303=DIRECTION('center_axis',(1.,0.,0.));
#4304=DIRECTION('ref_axis',(0.,0.,-1.));
#4305=DIRECTION('',(0.,0.,-1.));
#4306=DIRECTION('',(0.,1.,0.));
#4307=DIRECTION('center_axis',(0.,0.,1.));
#4308=DIRECTION('ref_axis',(1.,0.,0.));
#4309=DIRECTION('',(1.,0.,0.));
#4310=DIRECTION('center_axis',(0.,1.,0.));
#4311=DIRECTION('ref_axis',(0.,0.,1.));
#4312=DIRECTION('center_axis',(-1.,0.,-1.82145964977565E-16));
#4313=DIRECTION('ref_axis',(-1.82145964977565E-16,0.,1.));
#4314=DIRECTION('',(1.82145964977565E-16,0.,-1.));
#4315=DIRECTION('center_axis',(-1.,0.,-4.44089209850063E-16));
#4316=DIRECTION('ref_axis',(-4.44089209850063E-16,0.,1.));
#4317=DIRECTION('',(4.44089209850063E-16,0.,-1.));
#4318=DIRECTION('center_axis',(-1.,0.,-2.22044604925032E-16));
#4319=DIRECTION('ref_axis',(-2.22044604925032E-16,0.,1.));
#4320=DIRECTION('',(2.22044604925032E-16,0.,-1.));
#4321=DIRECTION('center_axis',(-1.,0.,0.));
#4322=DIRECTION('ref_axis',(0.,0.,1.));
#4323=DIRECTION('',(0.,0.,-1.));
#4324=DIRECTION('center_axis',(0.,-1.,0.));
#4325=DIRECTION('ref_axis',(0.,0.,-1.));
#4326=DIRECTION('',(1.,0.,0.));
#4327=DIRECTION('',(1.8607089798187E-16,0.,1.));
#4328=DIRECTION('',(-1.,0.,0.));
#4329=DIRECTION('',(-6.20236326606233E-17,0.,-1.));
#4330=DIRECTION('center_axis',(1.,0.,-1.8607089798187E-16));
#4331=DIRECTION('ref_axis',(-1.8607089798187E-16,0.,-1.));
#4332=DIRECTION('',(0.,-1.,0.));
#4333=DIRECTION('',(-1.8607089798187E-16,0.,-1.));
#4334=DIRECTION('',(0.,1.,0.));
#4335=DIRECTION('center_axis',(0.,0.,1.));
#4336=DIRECTION('ref_axis',(1.,0.,0.));
#4337=DIRECTION('',(1.,0.,0.));
#4338=DIRECTION('',(0.,1.,0.));
#4339=DIRECTION('center_axis',(-1.,0.,6.20236326606233E-17));
#4340=DIRECTION('ref_axis',(6.20236326606233E-17,0.,1.));
#4341=DIRECTION('',(6.20236326606233E-17,0.,1.));
#4342=DIRECTION('',(0.,1.,0.));
#4343=DIRECTION('center_axis',(0.,0.,-1.));
#4344=DIRECTION('ref_axis',(-1.,0.,0.));
#4345=DIRECTION('',(-1.,0.,0.));
#4346=DIRECTION('center_axis',(0.,1.,0.));
#4347=DIRECTION('ref_axis',(0.,0.,1.));
#4348=DIRECTION('center_axis',(0.,0.,-1.));
#4349=DIRECTION('ref_axis',(-1.,0.,0.));
#4350=DIRECTION('',(-1.,0.,0.));
#4351=DIRECTION('',(0.,1.,0.));
#4352=DIRECTION('',(-1.,0.,0.));
#4353=DIRECTION('',(0.,1.,0.));
#4354=DIRECTION('center_axis',(1.,0.,0.));
#4355=DIRECTION('ref_axis',(0.,0.,-1.));
#4356=DIRECTION('',(0.,0.,-1.));
#4357=DIRECTION('',(0.,0.,-1.));
#4358=DIRECTION('',(0.,1.,0.));
#4359=DIRECTION('center_axis',(0.,0.,1.));
#4360=DIRECTION('ref_axis',(1.,0.,0.));
#4361=DIRECTION('',(1.,0.,0.));
#4362=DIRECTION('',(1.,0.,0.));
#4363=DIRECTION('',(0.,1.,0.));
#4364=DIRECTION('center_axis',(0.,1.,0.));
#4365=DIRECTION('ref_axis',(1.83697019872103E-16,0.,-1.));
#4366=DIRECTION('center_axis',(0.,-1.,0.));
#4367=DIRECTION('ref_axis',(-1.,0.,0.));
#4368=DIRECTION('center_axis',(0.,-1.,0.));
#4369=DIRECTION('ref_axis',(-1.,0.,0.));
#4370=DIRECTION('',(0.,1.,0.));
#4371=DIRECTION('center_axis',(0.,0.,1.));
#4372=DIRECTION('ref_axis',(1.,0.,0.));
#4373=DIRECTION('',(1.,0.,0.));
#4374=DIRECTION('',(1.,0.,0.));
#4375=DIRECTION('',(0.,1.,0.));
#4376=DIRECTION('center_axis',(0.,1.,0.));
#4377=DIRECTION('ref_axis',(1.83697019872103E-16,0.,-1.));
#4378=DIRECTION('center_axis',(0.,-1.,0.));
#4379=DIRECTION('ref_axis',(-1.,0.,0.));
#4380=DIRECTION('center_axis',(0.,-1.,0.));
#4381=DIRECTION('ref_axis',(-1.,0.,0.));
#4382=DIRECTION('',(0.,1.,0.));
#4383=DIRECTION('center_axis',(0.,0.,1.));
#4384=DIRECTION('ref_axis',(1.,0.,0.));
#4385=DIRECTION('',(1.,0.,0.));
#4386=DIRECTION('',(1.,0.,0.));
#4387=DIRECTION('',(0.,1.,0.));
#4388=DIRECTION('center_axis',(-1.,0.,-8.84700491158361E-17));
#4389=DIRECTION('ref_axis',(-8.84700491158361E-17,0.,1.));
#4390=DIRECTION('',(-8.84700491158361E-17,0.,1.));
#4391=DIRECTION('',(-8.84700491158361E-17,0.,1.));
#4392=DIRECTION('center_axis',(0.,1.,0.));
#4393=DIRECTION('ref_axis',(0.,0.,1.));
#4394=DIRECTION('center_axis',(0.,1.,0.));
#4395=DIRECTION('ref_axis',(0.,0.,1.));
#4396=DIRECTION('center_axis',(-1.,0.,0.));
#4397=DIRECTION('ref_axis',(0.,-0.00981685966650917,0.999951813472173));
#4398=DIRECTION('center_axis',(1.,0.,0.));
#4399=DIRECTION('ref_axis',(0.,1.,0.));
#4400=DIRECTION('',(-1.,0.,0.));
#4401=DIRECTION('center_axis',(-1.,0.,0.));
#4402=DIRECTION('ref_axis',(0.,1.,0.));
#4403=DIRECTION('',(-1.,0.,0.));
#4404=DIRECTION('center_axis',(0.,-1.,0.));
#4405=DIRECTION('ref_axis',(0.,0.,1.));
#4406=DIRECTION('',(0.,0.,-1.));
#4407=DIRECTION('',(0.,0.,1.));
#4408=DIRECTION('',(-1.,0.,0.));
#4409=DIRECTION('center_axis',(0.,0.,-1.));
#4410=DIRECTION('ref_axis',(0.,-1.,0.));
#4411=DIRECTION('',(0.,1.,0.));
#4412=DIRECTION('',(0.,-1.,0.));
#4413=DIRECTION('',(-1.,0.,0.));
#4414=DIRECTION('center_axis',(0.,1.,0.));
#4415=DIRECTION('ref_axis',(0.,0.,-1.));
#4416=DIRECTION('',(0.,0.,1.));
#4417=DIRECTION('',(0.,0.,-1.));
#4418=DIRECTION('',(-1.,0.,0.));
#4419=DIRECTION('center_axis',(-1.,0.,0.));
#4420=DIRECTION('ref_axis',(0.,-1.,0.));
#4421=DIRECTION('center_axis',(-1.,0.,0.));
#4422=DIRECTION('ref_axis',(0.,-1.,0.));
#4423=DIRECTION('center_axis',(1.,0.,0.));
#4424=DIRECTION('ref_axis',(0.,-1.,0.));
#4425=DIRECTION('',(-1.,0.,0.));
#4426=DIRECTION('center_axis',(0.,0.,-1.));
#4427=DIRECTION('ref_axis',(0.,-1.,0.));
#4428=DIRECTION('',(0.,1.,0.));
#4429=DIRECTION('',(0.,-1.,0.));
#4430=DIRECTION('center_axis',(1.,0.,0.));
#4431=DIRECTION('ref_axis',(0.,0.,-1.));
#4432=DIRECTION('center_axis',(1.,0.,0.));
#4433=DIRECTION('ref_axis',(0.,0.,-1.));
#4434=CARTESIAN_POINT('',(0.,0.,0.));
#4435=CARTESIAN_POINT('Origin',(-1.83566115535276,0.5,11.1493178372364));
#4436=CARTESIAN_POINT('',(-1.83566115535276,0.5,14.174088681501));
#4437=CARTESIAN_POINT('',(-1.83566115535276,0.5,11.1493178372364));
#4438=CARTESIAN_POINT('',(-1.83566115535276,0.5,5.57465891861821));
#4439=CARTESIAN_POINT('',(-1.83566115535276,0.6,14.174088681501));
#4440=CARTESIAN_POINT('',(-1.83566115535276,0.5,14.174088681501));
#4441=CARTESIAN_POINT('',(-1.83566115535276,0.6,11.1493178372364));
#4442=CARTESIAN_POINT('',(-1.83566115535276,0.6,11.1493178372364));
#4443=CARTESIAN_POINT('',(-1.83566115535276,0.5,11.1493178372364));
#4444=CARTESIAN_POINT('Origin',(-1.47847483470544,0.5,11.1493178372364));
#4445=CARTESIAN_POINT('',(-1.47847483470544,0.5,11.1493178372364));
#4446=CARTESIAN_POINT('',(-0.739237417352717,0.5,11.1493178372364));
#4447=CARTESIAN_POINT('',(-1.47847483470544,0.6,11.1493178372364));
#4448=CARTESIAN_POINT('',(-1.47847483470544,0.6,11.1493178372364));
#4449=CARTESIAN_POINT('',(-1.47847483470544,0.5,11.1493178372364));
#4450=CARTESIAN_POINT('Origin',(-1.47847483470544,0.5,14.174088681501));
#4451=CARTESIAN_POINT('',(-1.47847483470544,0.5,14.174088681501));
#4452=CARTESIAN_POINT('',(-1.47847483470544,0.5,7.0870443407505));
#4453=CARTESIAN_POINT('',(-1.47847483470544,0.6,14.174088681501));
#4454=CARTESIAN_POINT('',(-1.47847483470544,0.6,14.174088681501));
#4455=CARTESIAN_POINT('',(-1.47847483470544,0.5,14.174088681501));
#4456=CARTESIAN_POINT('Origin',(-1.83566115535276,0.5,14.174088681501));
#4457=CARTESIAN_POINT('',(-0.91783057767638,0.5,14.174088681501));
#4458=CARTESIAN_POINT('',(-1.83566115535276,0.6,14.174088681501));
#4459=CARTESIAN_POINT('Origin',(-1.6570679950291,0.6,12.6617032593687));
#4460=CARTESIAN_POINT('Origin',(0.640707238845264,0.5,11.1493178372364));
#4461=CARTESIAN_POINT('',(0.640707238845264,0.5,14.174088681501));
#4462=CARTESIAN_POINT('',(0.640707238845264,0.5,11.1493178372364));
#4463=CARTESIAN_POINT('',(0.640707238845264,0.5,5.57465891861821));
#4464=CARTESIAN_POINT('',(0.640707238845264,0.6,14.174088681501));
#4465=CARTESIAN_POINT('',(0.640707238845264,0.5,14.174088681501));
#4466=CARTESIAN_POINT('',(0.640707238845264,0.6,11.1493178372364));
#4467=CARTESIAN_POINT('',(0.640707238845264,0.6,11.1493178372364));
#4468=CARTESIAN_POINT('',(0.640707238845264,0.5,11.1493178372364));
#4469=CARTESIAN_POINT('Origin',(1.0510078206778,0.5,11.1493178372364));
#4470=CARTESIAN_POINT('',(1.0510078206778,0.5,11.1493178372364));
#4471=CARTESIAN_POINT('',(0.525503910338899,0.5,11.1493178372364));
#4472=CARTESIAN_POINT('',(1.0510078206778,0.6,11.1493178372364));
#4473=CARTESIAN_POINT('',(1.0510078206778,0.6,11.1493178372364));
#4474=CARTESIAN_POINT('',(1.0510078206778,0.5,11.1493178372364));
#4475=CARTESIAN_POINT('Origin',(1.0510078206778,0.5,14.174088681501));
#4476=CARTESIAN_POINT('',(1.0510078206778,0.5,14.174088681501));
#4477=CARTESIAN_POINT('',(1.0510078206778,0.5,7.0870443407505));
#4478=CARTESIAN_POINT('',(1.0510078206778,0.6,14.174088681501));
#4479=CARTESIAN_POINT('',(1.0510078206778,0.6,14.174088681501));
#4480=CARTESIAN_POINT('',(1.0510078206778,0.5,14.174088681501));
#4481=CARTESIAN_POINT('Origin',(0.640707238845264,0.5,14.174088681501));
#4482=CARTESIAN_POINT('',(0.320353619422632,0.5,14.174088681501));
#4483=CARTESIAN_POINT('',(0.640707238845264,0.6,14.174088681501));
#4484=CARTESIAN_POINT('Origin',(0.84585752976153,0.6,12.6617032593687));
#4485=CARTESIAN_POINT('Origin',(3.16633526479219,0.5,11.1493178372364));
#4486=CARTESIAN_POINT('',(3.16633526479219,0.5,14.174088681501));
#4487=CARTESIAN_POINT('',(3.16633526479219,0.5,11.1493178372364));
#4488=CARTESIAN_POINT('',(3.16633526479219,0.5,5.57465891861821));
#4489=CARTESIAN_POINT('',(3.16633526479219,0.6,14.174088681501));
#4490=CARTESIAN_POINT('',(3.16633526479219,0.5,14.174088681501));
#4491=CARTESIAN_POINT('',(3.16633526479219,0.6,11.1493178372364));
#4492=CARTESIAN_POINT('',(3.16633526479219,0.6,11.1493178372364));
#4493=CARTESIAN_POINT('',(3.16633526479219,0.5,11.1493178372364));
#4494=CARTESIAN_POINT('Origin',(3.49457573025821,0.5,11.1493178372364));
#4495=CARTESIAN_POINT('',(3.49457573025821,0.5,11.1493178372364));
#4496=CARTESIAN_POINT('',(1.74728786512911,0.5,11.1493178372364));
#4497=CARTESIAN_POINT('',(3.49457573025821,0.6,11.1493178372364));
#4498=CARTESIAN_POINT('',(3.49457573025821,0.6,11.1493178372364));
#4499=CARTESIAN_POINT('',(3.49457573025821,0.5,11.1493178372364));
#4500=CARTESIAN_POINT('Origin',(3.49457573025821,0.5,14.174088681501));
#4501=CARTESIAN_POINT('',(3.49457573025821,0.5,14.174088681501));
#4502=CARTESIAN_POINT('',(3.49457573025821,0.5,7.0870443407505));
#4503=CARTESIAN_POINT('',(3.49457573025821,0.6,14.174088681501));
#4504=CARTESIAN_POINT('',(3.49457573025821,0.6,14.174088681501));
#4505=CARTESIAN_POINT('',(3.49457573025821,0.5,14.174088681501));
#4506=CARTESIAN_POINT('Origin',(3.16633526479219,0.5,14.174088681501));
#4507=CARTESIAN_POINT('',(1.58316763239609,0.5,14.174088681501));
#4508=CARTESIAN_POINT('',(3.16633526479219,0.6,14.174088681501));
#4509=CARTESIAN_POINT('Origin',(3.3304554975252,0.6,12.6617032593687));
#4510=CARTESIAN_POINT('Origin',(4.97400988493504,0.5,11.1493178372364));
#4511=CARTESIAN_POINT('',(4.97400988493504,0.5,14.174088681501));
#4512=CARTESIAN_POINT('',(4.97400988493504,0.5,11.1493178372364));
#4513=CARTESIAN_POINT('',(4.97400988493504,0.5,5.57465891861821));
#4514=CARTESIAN_POINT('',(4.97400988493504,0.6,14.174088681501));
#4515=CARTESIAN_POINT('',(4.97400988493504,0.5,14.174088681501));
#4516=CARTESIAN_POINT('',(4.97400988493504,0.6,11.1493178372364));
#4517=CARTESIAN_POINT('',(4.97400988493504,0.6,11.1493178372364));
#4518=CARTESIAN_POINT('',(4.97400988493504,0.5,11.1493178372364));
#4519=CARTESIAN_POINT('Origin',(5.30290866334127,0.5,11.1493178372364));
#4520=CARTESIAN_POINT('',(5.30290866334127,0.5,11.1493178372364));
#4521=CARTESIAN_POINT('',(2.65145433167063,0.5,11.1493178372364));
#4522=CARTESIAN_POINT('',(5.30290866334127,0.6,11.1493178372364));
#4523=CARTESIAN_POINT('',(5.30290866334127,0.6,11.1493178372364));
#4524=CARTESIAN_POINT('',(5.30290866334127,0.5,11.1493178372364));
#4525=CARTESIAN_POINT('Origin',(5.30290866334127,0.5,14.174088681501));
#4526=CARTESIAN_POINT('',(5.30290866334127,0.5,14.174088681501));
#4527=CARTESIAN_POINT('',(5.30290866334127,0.5,7.0870443407505));
#4528=CARTESIAN_POINT('',(5.30290866334127,0.6,14.174088681501));
#4529=CARTESIAN_POINT('',(5.30290866334127,0.6,14.174088681501));
#4530=CARTESIAN_POINT('',(5.30290866334127,0.5,14.174088681501));
#4531=CARTESIAN_POINT('Origin',(4.97400988493504,0.5,14.174088681501));
#4532=CARTESIAN_POINT('',(2.48700494246752,0.5,14.174088681501));
#4533=CARTESIAN_POINT('',(4.97400988493504,0.6,14.174088681501));
#4534=CARTESIAN_POINT('Origin',(5.13845927413815,0.6,12.6617032593687));
#4535=CARTESIAN_POINT('Origin',(2.5372077059823,0.5,11.1493178372364));
#4536=CARTESIAN_POINT('',(2.5372077059823,0.5,14.174088681501));
#4537=CARTESIAN_POINT('',(2.5372077059823,0.5,11.1493178372364));
#4538=CARTESIAN_POINT('',(2.5372077059823,0.5,5.57465891861821));
#4539=CARTESIAN_POINT('',(2.5372077059823,0.6,14.174088681501));
#4540=CARTESIAN_POINT('',(2.5372077059823,0.5,14.174088681501));
#4541=CARTESIAN_POINT('',(2.5372077059823,0.6,11.1493178372364));
#4542=CARTESIAN_POINT('',(2.5372077059823,0.6,11.1493178372364));
#4543=CARTESIAN_POINT('',(2.5372077059823,0.5,11.1493178372364));
#4544=CARTESIAN_POINT('Origin',(2.8928015435705,0.5,11.1493178372364));
#4545=CARTESIAN_POINT('',(2.8928015435705,0.5,11.1493178372364));
#4546=CARTESIAN_POINT('',(1.44640077178525,0.5,11.1493178372364));
#4547=CARTESIAN_POINT('',(2.8928015435705,0.6,11.1493178372364));
#4548=CARTESIAN_POINT('',(2.8928015435705,0.6,11.1493178372364));
#4549=CARTESIAN_POINT('',(2.8928015435705,0.5,11.1493178372364));
#4550=CARTESIAN_POINT('Origin',(2.8928015435705,0.5,14.174088681501));
#4551=CARTESIAN_POINT('',(2.8928015435705,0.5,14.174088681501));
#4552=CARTESIAN_POINT('',(2.8928015435705,0.5,7.0870443407505));
#4553=CARTESIAN_POINT('',(2.8928015435705,0.6,14.174088681501));
#4554=CARTESIAN_POINT('',(2.8928015435705,0.6,14.174088681501));
#4555=CARTESIAN_POINT('',(2.8928015435705,0.5,14.174088681501));
#4556=CARTESIAN_POINT('Origin',(2.5372077059823,0.5,14.174088681501));
#4557=CARTESIAN_POINT('',(1.26860385299115,0.5,14.174088681501));
#4558=CARTESIAN_POINT('',(2.5372077059823,0.6,14.174088681501));
#4559=CARTESIAN_POINT('Origin',(2.7150046247764,0.6,12.6617032593687));
#4560=CARTESIAN_POINT('Origin',(0.0511036374545679,0.5,11.1493178372364));
#4561=CARTESIAN_POINT('',(0.0511036374545679,0.5,14.174088681501));
#4562=CARTESIAN_POINT('',(0.0511036374545679,0.5,11.1493178372364));
#4563=CARTESIAN_POINT('',(0.0511036374545679,0.5,5.57465891861821));
#4564=CARTESIAN_POINT('',(0.0511036374545679,0.6,14.174088681501));
#4565=CARTESIAN_POINT('',(0.0511036374545679,0.5,14.174088681501));
#4566=CARTESIAN_POINT('',(0.0511036374545679,0.6,11.1493178372364));
#4567=CARTESIAN_POINT('',(0.0511036374545679,0.6,11.1493178372364));
#4568=CARTESIAN_POINT('',(0.0511036374545679,0.5,11.1493178372364));
#4569=CARTESIAN_POINT('Origin',(0.394526889745745,0.5,11.1493178372364));
#4570=CARTESIAN_POINT('',(0.394526889745745,0.5,11.1493178372364));
#4571=CARTESIAN_POINT('',(0.197263444872873,0.5,11.1493178372364));
#4572=CARTESIAN_POINT('',(0.394526889745745,0.6,11.1493178372364));
#4573=CARTESIAN_POINT('',(0.394526889745745,0.6,11.1493178372364));
#4574=CARTESIAN_POINT('',(0.394526889745745,0.5,11.1493178372364));
#4575=CARTESIAN_POINT('Origin',(0.394526889745745,0.5,14.174088681501));
#4576=CARTESIAN_POINT('',(0.394526889745745,0.5,14.174088681501));
#4577=CARTESIAN_POINT('',(0.394526889745745,0.5,7.0870443407505));
#4578=CARTESIAN_POINT('',(0.394526889745745,0.6,14.174088681501));
#4579=CARTESIAN_POINT('',(0.394526889745745,0.6,14.174088681501));
#4580=CARTESIAN_POINT('',(0.394526889745745,0.5,14.174088681501));
#4581=CARTESIAN_POINT('Origin',(0.0511036374545679,0.5,14.174088681501));
#4582=CARTESIAN_POINT('',(0.0255518187272845,0.5,14.174088681501));
#4583=CARTESIAN_POINT('',(0.0511036374545679,0.6,14.174088681501));
#4584=CARTESIAN_POINT('Origin',(0.222815263600156,0.6,12.6617032593687));
#4585=CARTESIAN_POINT('Origin',(-2.45612664921762,0.5,11.1493178372364));
#4586=CARTESIAN_POINT('',(-2.45612664921762,0.5,14.174088681501));
#4587=CARTESIAN_POINT('',(-2.45612664921762,0.5,11.1493178372364));
#4588=CARTESIAN_POINT('',(-2.45612664921762,0.5,5.57465891861821));
#4589=CARTESIAN_POINT('',(-2.45612664921762,0.6,14.174088681501));
#4590=CARTESIAN_POINT('',(-2.45612664921762,0.5,14.174088681501));
#4591=CARTESIAN_POINT('',(-2.45612664921762,0.6,11.1493178372364));
#4592=CARTESIAN_POINT('',(-2.45612664921762,0.6,11.1493178372364));
#4593=CARTESIAN_POINT('',(-2.45612664921762,0.5,11.1493178372364));
#4594=CARTESIAN_POINT('Origin',(-2.11120488842355,0.5,11.1493178372364));
#4595=CARTESIAN_POINT('',(-2.11120488842355,0.5,11.1493178372364));
#4596=CARTESIAN_POINT('',(-1.05560244421178,0.5,11.1493178372364));
#4597=CARTESIAN_POINT('',(-2.11120488842355,0.6,11.1493178372364));
#4598=CARTESIAN_POINT('',(-2.11120488842355,0.6,11.1493178372364));
#4599=CARTESIAN_POINT('',(-2.11120488842355,0.5,11.1493178372364));
#4600=CARTESIAN_POINT('Origin',(-2.11120488842355,0.5,14.174088681501));
#4601=CARTESIAN_POINT('',(-2.11120488842355,0.5,14.174088681501));
#4602=CARTESIAN_POINT('',(-2.11120488842355,0.5,7.0870443407505));
#4603=CARTESIAN_POINT('',(-2.11120488842355,0.6,14.174088681501));
#4604=CARTESIAN_POINT('',(-2.11120488842355,0.6,14.174088681501));
#4605=CARTESIAN_POINT('',(-2.11120488842355,0.5,14.174088681501));
#4606=CARTESIAN_POINT('Origin',(-2.45612664921762,0.5,14.174088681501));
#4607=CARTESIAN_POINT('',(-1.22806332460881,0.5,14.174088681501));
#4608=CARTESIAN_POINT('',(-2.45612664921762,0.6,14.174088681501));
#4609=CARTESIAN_POINT('Origin',(-2.28366576882059,0.6,12.6617032593687));
#4610=CARTESIAN_POINT('Origin',(-1.21313642508171,0.5,11.1493178372364));
#4611=CARTESIAN_POINT('',(-1.21313642508171,0.5,14.174088681501));
#4612=CARTESIAN_POINT('',(-1.21313642508171,0.5,11.1493178372364));
#4613=CARTESIAN_POINT('',(-1.21313642508171,0.5,5.57465891861821));
#4614=CARTESIAN_POINT('',(-1.21313642508171,0.6,14.174088681501));
#4615=CARTESIAN_POINT('',(-1.21313642508171,0.5,14.174088681501));
#4616=CARTESIAN_POINT('',(-1.21313642508171,0.6,11.1493178372364));
#4617=CARTESIAN_POINT('',(-1.21313642508171,0.6,11.1493178372364));
#4618=CARTESIAN_POINT('',(-1.21313642508171,0.5,11.1493178372364));
#4619=CARTESIAN_POINT('Origin',(-0.866155427881453,0.5,11.1493178372364));
#4620=CARTESIAN_POINT('',(-0.866155427881453,0.5,11.1493178372364));
#4621=CARTESIAN_POINT('',(-0.433077713940726,0.5,11.1493178372364));
#4622=CARTESIAN_POINT('',(-0.866155427881453,0.6,11.1493178372364));
#4623=CARTESIAN_POINT('',(-0.866155427881453,0.6,11.1493178372364));
#4624=CARTESIAN_POINT('',(-0.866155427881453,0.5,11.1493178372364));
#4625=CARTESIAN_POINT('Origin',(-0.866155427881453,0.5,14.174088681501));
#4626=CARTESIAN_POINT('',(-0.866155427881453,0.5,14.174088681501));
#4627=CARTESIAN_POINT('',(-0.866155427881453,0.5,7.0870443407505));
#4628=CARTESIAN_POINT('',(-0.866155427881453,0.6,14.174088681501));
#4629=CARTESIAN_POINT('',(-0.866155427881453,0.6,14.174088681501));
#4630=CARTESIAN_POINT('',(-0.866155427881453,0.5,14.174088681501));
#4631=CARTESIAN_POINT('Origin',(-1.21313642508171,0.5,14.174088681501));
#4632=CARTESIAN_POINT('',(-0.606568212540854,0.5,14.174088681501));
#4633=CARTESIAN_POINT('',(-1.21313642508171,0.6,14.174088681501));
#4634=CARTESIAN_POINT('Origin',(-1.03964592648158,0.6,12.6617032593687));
#4635=CARTESIAN_POINT('Origin',(1.26983479765515,0.5,11.1493178372364));
#4636=CARTESIAN_POINT('',(1.26983479765515,0.5,14.174088681501));
#4637=CARTESIAN_POINT('',(1.26983479765515,0.5,11.1493178372364));
#4638=CARTESIAN_POINT('',(1.26983479765515,0.5,5.57465891861821));
#4639=CARTESIAN_POINT('',(1.26983479765515,0.6,14.174088681501));
#4640=CARTESIAN_POINT('',(1.26983479765515,0.5,14.174088681501));
#4641=CARTESIAN_POINT('',(1.26983479765515,0.6,11.1493178372364));
#4642=CARTESIAN_POINT('',(1.26983479765515,0.6,11.1493178372364));
#4643=CARTESIAN_POINT('',(1.26983479765515,0.5,11.1493178372364));
#4644=CARTESIAN_POINT('Origin',(1.67101758878029,0.5,11.1493178372364));
#4645=CARTESIAN_POINT('',(1.67101758878029,0.5,11.1493178372364));
#4646=CARTESIAN_POINT('',(0.835508794390146,0.5,11.1493178372364));
#4647=CARTESIAN_POINT('',(1.67101758878029,0.6,11.1493178372364));
#4648=CARTESIAN_POINT('',(1.67101758878029,0.6,11.1493178372364));
#4649=CARTESIAN_POINT('',(1.67101758878029,0.5,11.1493178372364));
#4650=CARTESIAN_POINT('Origin',(1.67101758878029,0.5,14.174088681501));
#4651=CARTESIAN_POINT('',(1.67101758878029,0.5,14.174088681501));
#4652=CARTESIAN_POINT('',(1.67101758878029,0.5,7.0870443407505));
#4653=CARTESIAN_POINT('',(1.67101758878029,0.6,14.174088681501));
#4654=CARTESIAN_POINT('',(1.67101758878029,0.6,14.174088681501));
#4655=CARTESIAN_POINT('',(1.67101758878029,0.5,14.174088681501));
#4656=CARTESIAN_POINT('Origin',(1.26983479765515,0.5,14.174088681501));
#4657=CARTESIAN_POINT('',(0.634917398827574,0.5,14.174088681501));
#4658=CARTESIAN_POINT('',(1.26983479765515,0.6,14.174088681501));
#4659=CARTESIAN_POINT('Origin',(1.47042619321772,0.6,12.6617032593687));
#4660=CARTESIAN_POINT('Origin',(3.78634503289468,0.5,11.1493178372364));
#4661=CARTESIAN_POINT('',(3.78634503289468,0.5,14.174088681501));
#4662=CARTESIAN_POINT('',(3.78634503289468,0.5,11.1493178372364));
#4663=CARTESIAN_POINT('',(3.78634503289468,0.5,5.57465891861821));
#4664=CARTESIAN_POINT('',(3.78634503289468,0.6,14.174088681501));
#4665=CARTESIAN_POINT('',(3.78634503289468,0.5,14.174088681501));
#4666=CARTESIAN_POINT('',(3.78634503289468,0.6,11.1493178372364));
#4667=CARTESIAN_POINT('',(3.78634503289468,0.6,11.1493178372364));
#4668=CARTESIAN_POINT('',(3.78634503289468,0.5,11.1493178372364));
#4669=CARTESIAN_POINT('Origin',(4.12370325074015,0.5,11.1493178372364));
#4670=CARTESIAN_POINT('',(4.12370325074015,0.5,11.1493178372364));
#4671=CARTESIAN_POINT('',(2.06185162537008,0.5,11.1493178372364));
#4672=CARTESIAN_POINT('',(4.12370325074015,0.6,11.1493178372364));
#4673=CARTESIAN_POINT('',(4.12370325074015,0.6,11.1493178372364));
#4674=CARTESIAN_POINT('',(4.12370325074015,0.5,11.1493178372364));
#4675=CARTESIAN_POINT('Origin',(4.12370325074015,0.5,14.174088681501));
#4676=CARTESIAN_POINT('',(4.12370325074015,0.5,14.174088681501));
#4677=CARTESIAN_POINT('',(4.12370325074015,0.5,7.0870443407505));
#4678=CARTESIAN_POINT('',(4.12370325074015,0.6,14.174088681501));
#4679=CARTESIAN_POINT('',(4.12370325074015,0.6,14.174088681501));
#4680=CARTESIAN_POINT('',(4.12370325074015,0.5,14.174088681501));
#4681=CARTESIAN_POINT('Origin',(3.78634503289468,0.5,14.174088681501));
#4682=CARTESIAN_POINT('',(1.89317251644734,0.5,14.174088681501));
#4683=CARTESIAN_POINT('',(3.78634503289468,0.6,14.174088681501));
#4684=CARTESIAN_POINT('Origin',(3.95502414181742,0.6,12.6617032593687));
#4685=CARTESIAN_POINT('Origin',(4.36076580913229,0.5,11.1493178372364));
#4686=CARTESIAN_POINT('',(4.36076580913229,0.5,14.174088681501));
#4687=CARTESIAN_POINT('',(4.36076580913229,0.5,11.1493178372364));
#4688=CARTESIAN_POINT('',(4.36076580913229,0.5,5.57465891861821));
#4689=CARTESIAN_POINT('',(4.36076580913229,0.6,14.174088681501));
#4690=CARTESIAN_POINT('',(4.36076580913229,0.5,14.174088681501));
#4691=CARTESIAN_POINT('',(4.36076580913229,0.6,11.1493178372364));
#4692=CARTESIAN_POINT('',(4.36076580913229,0.6,11.1493178372364));
#4693=CARTESIAN_POINT('',(4.36076580913229,0.5,11.1493178372364));
#4694=CARTESIAN_POINT('Origin',(4.77106639096482,0.5,11.1493178372364));
#4695=CARTESIAN_POINT('',(4.77106639096482,0.5,11.1493178372364));
#4696=CARTESIAN_POINT('',(2.38553319548241,0.5,11.1493178372364));
#4697=CARTESIAN_POINT('',(4.77106639096482,0.6,11.1493178372364));
#4698=CARTESIAN_POINT('',(4.77106639096482,0.6,11.1493178372364));
#4699=CARTESIAN_POINT('',(4.77106639096482,0.5,11.1493178372364));
#4700=CARTESIAN_POINT('Origin',(4.77106639096482,0.5,14.174088681501));
#4701=CARTESIAN_POINT('',(4.77106639096482,0.5,14.174088681501));
#4702=CARTESIAN_POINT('',(4.77106639096482,0.5,7.0870443407505));
#4703=CARTESIAN_POINT('',(4.77106639096482,0.6,14.174088681501));
#4704=CARTESIAN_POINT('',(4.77106639096482,0.6,14.174088681501));
#4705=CARTESIAN_POINT('',(4.77106639096482,0.5,14.174088681501));
#4706=CARTESIAN_POINT('Origin',(4.36076580913229,0.5,14.174088681501));
#4707=CARTESIAN_POINT('',(2.18038290456614,0.5,14.174088681501));
#4708=CARTESIAN_POINT('',(4.36076580913229,0.6,14.174088681501));
#4709=CARTESIAN_POINT('Origin',(4.56591610004855,0.6,12.6617032593687));
#4710=CARTESIAN_POINT('Origin',(1.89896235646503,0.5,11.1493178372364));
#4711=CARTESIAN_POINT('',(1.89896235646503,0.5,14.174088681501));
#4712=CARTESIAN_POINT('',(1.89896235646503,0.5,11.1493178372364));
#4713=CARTESIAN_POINT('',(1.89896235646503,0.5,5.57465891861821));
#4714=CARTESIAN_POINT('',(1.89896235646503,0.6,14.174088681501));
#4715=CARTESIAN_POINT('',(1.89896235646503,0.5,14.174088681501));
#4716=CARTESIAN_POINT('',(1.89896235646503,0.6,11.1493178372364));
#4717=CARTESIAN_POINT('',(1.89896235646503,0.6,11.1493178372364));
#4718=CARTESIAN_POINT('',(1.89896235646503,0.5,11.1493178372364));
#4719=CARTESIAN_POINT('Origin',(2.30014514759017,0.5,11.1493178372364));
#4720=CARTESIAN_POINT('',(2.30014514759017,0.5,11.1493178372364));
#4721=CARTESIAN_POINT('',(1.15007257379509,0.5,11.1493178372364));
#4722=CARTESIAN_POINT('',(2.30014514759017,0.6,11.1493178372364));
#4723=CARTESIAN_POINT('',(2.30014514759017,0.6,11.1493178372364));
#4724=CARTESIAN_POINT('',(2.30014514759017,0.5,11.1493178372364));
#4725=CARTESIAN_POINT('Origin',(2.30014514759017,0.5,14.174088681501));
#4726=CARTESIAN_POINT('',(2.30014514759017,0.5,14.174088681501));
#4727=CARTESIAN_POINT('',(2.30014514759017,0.5,7.0870443407505));
#4728=CARTESIAN_POINT('',(2.30014514759017,0.6,14.174088681501));
#4729=CARTESIAN_POINT('',(2.30014514759017,0.6,14.174088681501));
#4730=CARTESIAN_POINT('',(2.30014514759017,0.5,14.174088681501));
#4731=CARTESIAN_POINT('Origin',(1.89896235646503,0.5,14.174088681501));
#4732=CARTESIAN_POINT('',(0.949481178232516,0.5,14.174088681501));
#4733=CARTESIAN_POINT('',(1.89896235646503,0.6,14.174088681501));
#4734=CARTESIAN_POINT('Origin',(2.0995537520276,0.6,12.6617032593687));
#4735=CARTESIAN_POINT('Origin',(-0.580406371363593,0.5,11.1493178372364));
#4736=CARTESIAN_POINT('',(-0.580406371363593,0.5,14.174088681501));
#4737=CARTESIAN_POINT('',(-0.580406371363593,0.5,11.1493178372364));
#4738=CARTESIAN_POINT('',(-0.580406371363593,0.5,5.57465891861821));
#4739=CARTESIAN_POINT('',(-0.580406371363593,0.6,14.174088681501));
#4740=CARTESIAN_POINT('',(-0.580406371363593,0.5,14.174088681501));
#4741=CARTESIAN_POINT('',(-0.580406371363593,0.6,11.1493178372364));
#4742=CARTESIAN_POINT('',(-0.580406371363593,0.6,11.1493178372364));
#4743=CARTESIAN_POINT('',(-0.580406371363593,0.5,11.1493178372364));
#4744=CARTESIAN_POINT('Origin',(-0.233425374163337,0.5,11.1493178372364));
#4745=CARTESIAN_POINT('',(-0.233425374163337,0.5,11.1493178372364));
#4746=CARTESIAN_POINT('',(-0.116712687081668,0.5,11.1493178372364));
#4747=CARTESIAN_POINT('',(-0.233425374163337,0.6,11.1493178372364));
#4748=CARTESIAN_POINT('',(-0.233425374163337,0.6,11.1493178372364));
#4749=CARTESIAN_POINT('',(-0.233425374163337,0.5,11.1493178372364));
#4750=CARTESIAN_POINT('Origin',(-0.233425374163337,0.5,14.174088681501));
#4751=CARTESIAN_POINT('',(-0.233425374163337,0.5,14.174088681501));
#4752=CARTESIAN_POINT('',(-0.233425374163337,0.5,7.0870443407505));
#4753=CARTESIAN_POINT('',(-0.233425374163337,0.6,14.174088681501));
#4754=CARTESIAN_POINT('',(-0.233425374163337,0.6,14.174088681501));
#4755=CARTESIAN_POINT('',(-0.233425374163337,0.5,14.174088681501));
#4756=CARTESIAN_POINT('Origin',(-0.580406371363593,0.5,14.174088681501));
#4757=CARTESIAN_POINT('',(-0.290203185681796,0.5,14.174088681501));
#4758=CARTESIAN_POINT('',(-0.580406371363593,0.6,14.174088681501));
#4759=CARTESIAN_POINT('Origin',(-0.406915872763465,0.6,12.6617032593687));
#4760=CARTESIAN_POINT('Origin',(-3.1158695644227,0.5,11.1493178372364));
#4761=CARTESIAN_POINT('',(-3.1158695644227,0.5,14.174088681501));
#4762=CARTESIAN_POINT('',(-3.1158695644227,0.5,11.1493178372364));
#4763=CARTESIAN_POINT('',(-3.1158695644227,0.5,5.57465891861821));
#4764=CARTESIAN_POINT('',(-3.1158695644227,0.6,14.174088681501));
#4765=CARTESIAN_POINT('',(-3.1158695644227,0.5,14.174088681501));
#4766=CARTESIAN_POINT('',(-3.1158695644227,0.6,11.1493178372364));
#4767=CARTESIAN_POINT('',(-3.1158695644227,0.6,11.1493178372364));
#4768=CARTESIAN_POINT('',(-3.1158695644227,0.5,11.1493178372364));
#4769=CARTESIAN_POINT('Origin',(-2.727211887301,0.5,11.1493178372364));
#4770=CARTESIAN_POINT('',(-2.727211887301,0.5,11.1493178372364));
#4771=CARTESIAN_POINT('',(-1.3636059436505,0.5,11.1493178372364));
#4772=CARTESIAN_POINT('',(-2.727211887301,0.6,11.1493178372364));
#4773=CARTESIAN_POINT('',(-2.727211887301,0.6,11.1493178372364));
#4774=CARTESIAN_POINT('',(-2.727211887301,0.5,11.1493178372364));
#4775=CARTESIAN_POINT('Origin',(-2.727211887301,0.5,14.174088681501));
#4776=CARTESIAN_POINT('',(-2.727211887301,0.5,14.174088681501));
#4777=CARTESIAN_POINT('',(-2.727211887301,0.5,7.0870443407505));
#4778=CARTESIAN_POINT('',(-2.727211887301,0.6,14.174088681501));
#4779=CARTESIAN_POINT('',(-2.727211887301,0.6,14.174088681501));
#4780=CARTESIAN_POINT('',(-2.727211887301,0.5,14.174088681501));
#4781=CARTESIAN_POINT('Origin',(-3.1158695644227,0.5,14.174088681501));
#4782=CARTESIAN_POINT('',(-1.55793478221135,0.5,14.174088681501));
#4783=CARTESIAN_POINT('',(-3.1158695644227,0.6,14.174088681501));
#4784=CARTESIAN_POINT('Origin',(-2.92154072586185,0.6,12.6617032593687));
#4785=CARTESIAN_POINT('Origin',(-4.91,0.5,-17.));
#4786=CARTESIAN_POINT('',(-5.06,2.,-16.85));
#4787=CARTESIAN_POINT('',(-4.76,2.,-17.15));
#4788=CARTESIAN_POINT('',(-4.91,2.,-17.));
#4789=CARTESIAN_POINT('',(-4.76,0.5,-17.15));
#4790=CARTESIAN_POINT('',(-4.76,0.5,-17.15));
#4791=CARTESIAN_POINT('',(-5.06,0.5,-16.85));
#4792=CARTESIAN_POINT('',(-7.93250000000001,0.5,-13.9775));
#4793=CARTESIAN_POINT('',(-5.06,0.5,-16.85));
#4794=CARTESIAN_POINT('Origin',(-2.56,0.5,-17.15));
#4795=CARTESIAN_POINT('',(-2.86,2.,-17.15));
#4796=CARTESIAN_POINT('',(-2.56,2.,-17.15));
#4797=CARTESIAN_POINT('',(-2.86,0.5,-17.15));
#4798=CARTESIAN_POINT('',(-2.86,0.5,-17.15));
#4799=CARTESIAN_POINT('',(-1.27999999999999,0.5,-17.15));
#4800=CARTESIAN_POINT('Origin',(-3.81,2.,-15.9));
#4801=CARTESIAN_POINT('',(-5.06,2.,-14.95));
#4802=CARTESIAN_POINT('',(-5.06,2.,-17.15));
#4803=CARTESIAN_POINT('',(-4.76,2.,-14.65));
#4804=CARTESIAN_POINT('',(-4.91,2.,-14.8));
#4805=CARTESIAN_POINT('',(-2.86,2.,-14.65));
#4806=CARTESIAN_POINT('',(-5.06,2.,-14.65));
#4807=CARTESIAN_POINT('',(-2.56,2.,-14.95));
#4808=CARTESIAN_POINT('',(-2.71,2.,-14.8));
#4809=CARTESIAN_POINT('',(-2.56,2.,-16.85));
#4810=CARTESIAN_POINT('',(-2.56,2.,-14.65));
#4811=CARTESIAN_POINT('',(-2.71,2.,-17.));
#4812=CARTESIAN_POINT('',(-3.8975,2.,-15.824));
#4813=CARTESIAN_POINT('',(-3.8975,2.,-15.976));
#4814=CARTESIAN_POINT('',(-3.8975,2.,-15.938));
#4815=CARTESIAN_POINT('',(-3.7225,2.,-15.976));
#4816=CARTESIAN_POINT('',(-3.76625,2.,-15.976));
#4817=CARTESIAN_POINT('',(-3.7225,2.,-15.824));
#4818=CARTESIAN_POINT('',(-3.7225,2.,-15.862));
#4819=CARTESIAN_POINT('',(-3.85375,2.,-15.824));
#4820=CARTESIAN_POINT('Origin',(-2.71,0.5,-17.));
#4821=CARTESIAN_POINT('',(-2.56,0.5,-16.85));
#4822=CARTESIAN_POINT('',(-2.56,0.5,-16.85));
#4823=CARTESIAN_POINT('',(2.2175,0.5,-12.0725));
#4824=CARTESIAN_POINT('Origin',(-2.56,0.5,-14.65));
#4825=CARTESIAN_POINT('',(-2.56,0.5,-14.95));
#4826=CARTESIAN_POINT('',(-2.56,0.5,-14.95));
#4827=CARTESIAN_POINT('',(-2.56,0.5,-7.325));
#4828=CARTESIAN_POINT('Origin',(-2.37,0.5,-17.));
#4829=CARTESIAN_POINT('',(-2.52,2.,-16.85));
#4830=CARTESIAN_POINT('',(-2.22,2.,-17.15));
#4831=CARTESIAN_POINT('',(-2.37,2.,-17.));
#4832=CARTESIAN_POINT('',(-2.22,0.5,-17.15));
#4833=CARTESIAN_POINT('',(-2.22,0.5,-17.15));
#4834=CARTESIAN_POINT('',(-2.52,0.5,-16.85));
#4835=CARTESIAN_POINT('',(-6.0275,0.5,-13.3425));
#4836=CARTESIAN_POINT('',(-2.52,0.5,-16.85));
#4837=CARTESIAN_POINT('Origin',(-0.0200000000000042,0.5,-17.15));
#4838=CARTESIAN_POINT('',(-0.320000000000004,2.,-17.15));
#4839=CARTESIAN_POINT('',(-0.0200000000000042,2.,-17.15));
#4840=CARTESIAN_POINT('',(-0.320000000000004,0.5,-17.15));
#4841=CARTESIAN_POINT('',(-0.320000000000004,0.5,-17.15));
#4842=CARTESIAN_POINT('',(-0.0100000000000092,0.5,-17.15));
#4843=CARTESIAN_POINT('Origin',(-1.27,2.,-15.9));
#4844=CARTESIAN_POINT('',(-2.52000000000001,2.,-14.95));
#4845=CARTESIAN_POINT('',(-2.52,2.,-17.15));
#4846=CARTESIAN_POINT('',(-2.22000000000001,2.,-14.65));
#4847=CARTESIAN_POINT('',(-2.37,2.,-14.8));
#4848=CARTESIAN_POINT('',(-0.320000000000004,2.,-14.65));
#4849=CARTESIAN_POINT('',(-2.52000000000001,2.,-14.65));
#4850=CARTESIAN_POINT('',(-0.0200000000000043,2.,-14.95));
#4851=CARTESIAN_POINT('',(-0.170000000000002,2.,-14.8));
#4852=CARTESIAN_POINT('',(-0.0200000000000042,2.,-16.85));
#4853=CARTESIAN_POINT('',(-0.0200000000000043,2.,-14.65));
#4854=CARTESIAN_POINT('',(-0.170000000000005,2.,-17.));
#4855=CARTESIAN_POINT('',(-1.3575,2.,-15.824));
#4856=CARTESIAN_POINT('',(-1.3575,2.,-15.976));
#4857=CARTESIAN_POINT('',(-1.3575,2.,-15.938));
#4858=CARTESIAN_POINT('',(-1.1825,2.,-15.976));
#4859=CARTESIAN_POINT('',(-1.22625,2.,-15.976));
#4860=CARTESIAN_POINT('',(-1.1825,2.,-15.824));
#4861=CARTESIAN_POINT('',(-1.1825,2.,-15.862));
#4862=CARTESIAN_POINT('',(-1.31375,2.,-15.824));
#4863=CARTESIAN_POINT('Origin',(-0.170000000000004,0.5,-17.));
#4864=CARTESIAN_POINT('',(-0.0200000000000042,0.5,-16.85));
#4865=CARTESIAN_POINT('',(-0.0200000000000042,0.5,-16.85));
#4866=CARTESIAN_POINT('',(4.1225,0.5,-12.7075));
#4867=CARTESIAN_POINT('Origin',(-0.0200000000000043,0.5,-14.65));
#4868=CARTESIAN_POINT('',(-0.0200000000000043,0.5,-14.95));
#4869=CARTESIAN_POINT('',(-0.0200000000000043,0.5,-14.95));
#4870=CARTESIAN_POINT('',(-0.0200000000000048,0.5,-7.325));
#4871=CARTESIAN_POINT('Origin',(0.169999999999997,0.5,-17.));
#4872=CARTESIAN_POINT('',(0.0199999999999967,2.,-16.85));
#4873=CARTESIAN_POINT('',(0.319999999999997,2.,-17.15));
#4874=CARTESIAN_POINT('',(0.169999999999999,2.,-17.));
#4875=CARTESIAN_POINT('',(0.319999999999997,0.5,-17.15));
#4876=CARTESIAN_POINT('',(0.319999999999997,0.5,-17.15));
#4877=CARTESIAN_POINT('',(0.0199999999999967,0.5,-16.85));
#4878=CARTESIAN_POINT('',(-4.1225,0.5,-12.7075));
#4879=CARTESIAN_POINT('',(0.0199999999999967,0.5,-16.85));
#4880=CARTESIAN_POINT('Origin',(2.52,0.5,-17.15));
#4881=CARTESIAN_POINT('',(2.22,2.,-17.15));
#4882=CARTESIAN_POINT('',(2.52,2.,-17.15));
#4883=CARTESIAN_POINT('',(2.22,0.5,-17.15));
#4884=CARTESIAN_POINT('',(2.22,0.5,-17.15));
#4885=CARTESIAN_POINT('',(1.25999999999998,0.5,-17.15));
#4886=CARTESIAN_POINT('Origin',(1.27,2.,-15.9));
#4887=CARTESIAN_POINT('',(0.0199999999999964,2.,-14.95));
#4888=CARTESIAN_POINT('',(0.0199999999999968,2.,-17.15));
#4889=CARTESIAN_POINT('',(0.319999999999996,2.,-14.65));
#4890=CARTESIAN_POINT('',(0.169999999999995,2.,-14.8));
#4891=CARTESIAN_POINT('',(2.22,2.,-14.65));
#4892=CARTESIAN_POINT('',(0.0199999999999963,2.,-14.65));
#4893=CARTESIAN_POINT('',(2.52,2.,-14.95));
#4894=CARTESIAN_POINT('',(2.37,2.,-14.8));
#4895=CARTESIAN_POINT('',(2.52,2.,-16.85));
#4896=CARTESIAN_POINT('',(2.52,2.,-14.65));
#4897=CARTESIAN_POINT('',(2.37,2.,-17.));
#4898=CARTESIAN_POINT('',(1.1825,2.,-15.824));
#4899=CARTESIAN_POINT('',(1.1825,2.,-15.976));
#4900=CARTESIAN_POINT('',(1.1825,2.,-15.938));
#4901=CARTESIAN_POINT('',(1.3575,2.,-15.976));
#4902=CARTESIAN_POINT('',(1.31375,2.,-15.976));
#4903=CARTESIAN_POINT('',(1.3575,2.,-15.824));
#4904=CARTESIAN_POINT('',(1.3575,2.,-15.862));
#4905=CARTESIAN_POINT('',(1.22625,2.,-15.824));
#4906=CARTESIAN_POINT('Origin',(2.37,0.5,-17.));
#4907=CARTESIAN_POINT('',(2.52,0.5,-16.85));
#4908=CARTESIAN_POINT('',(2.52,0.5,-16.85));
#4909=CARTESIAN_POINT('',(6.0275,0.5,-13.3425));
#4910=CARTESIAN_POINT('Origin',(2.52,0.5,-14.65));
#4911=CARTESIAN_POINT('',(2.52,0.5,-14.95));
#4912=CARTESIAN_POINT('',(2.52,0.5,-14.95));
#4913=CARTESIAN_POINT('',(2.52,0.5,-7.325));
#4914=CARTESIAN_POINT('Origin',(2.71,0.5,-17.));
#4915=CARTESIAN_POINT('',(2.56,2.,-16.85));
#4916=CARTESIAN_POINT('',(2.86,2.,-17.15));
#4917=CARTESIAN_POINT('',(2.71,2.,-17.));
#4918=CARTESIAN_POINT('',(2.86,0.5,-17.15));
#4919=CARTESIAN_POINT('',(2.86,0.5,-17.15));
#4920=CARTESIAN_POINT('',(2.56,0.5,-16.85));
#4921=CARTESIAN_POINT('',(-2.21750000000001,0.5,-12.0725));
#4922=CARTESIAN_POINT('',(2.56,0.5,-16.85));
#4923=CARTESIAN_POINT('Origin',(5.06,0.5,-17.15));
#4924=CARTESIAN_POINT('',(4.76,2.,-17.15));
#4925=CARTESIAN_POINT('',(5.06,2.,-17.15));
#4926=CARTESIAN_POINT('',(4.76,0.5,-17.15));
#4927=CARTESIAN_POINT('',(4.76,0.5,-17.15));
#4928=CARTESIAN_POINT('',(2.52999999999999,0.5,-17.15));
#4929=CARTESIAN_POINT('Origin',(3.81,2.,-15.9));
#4930=CARTESIAN_POINT('',(2.56,2.,-14.95));
#4931=CARTESIAN_POINT('',(2.56,2.,-17.15));
#4932=CARTESIAN_POINT('',(2.86,2.,-14.65));
#4933=CARTESIAN_POINT('',(2.71,2.,-14.8));
#4934=CARTESIAN_POINT('',(4.76,2.,-14.65));
#4935=CARTESIAN_POINT('',(2.56,2.,-14.65));
#4936=CARTESIAN_POINT('',(5.06,2.,-14.95));
#4937=CARTESIAN_POINT('',(4.91,2.,-14.8));
#4938=CARTESIAN_POINT('',(5.06,2.,-16.85));
#4939=CARTESIAN_POINT('',(5.06,2.,-14.65));
#4940=CARTESIAN_POINT('',(4.91,2.,-17.));
#4941=CARTESIAN_POINT('',(3.7225,2.,-15.824));
#4942=CARTESIAN_POINT('',(3.7225,2.,-15.976));
#4943=CARTESIAN_POINT('',(3.7225,2.,-15.938));
#4944=CARTESIAN_POINT('',(3.8975,2.,-15.976));
#4945=CARTESIAN_POINT('',(3.85375,2.,-15.976));
#4946=CARTESIAN_POINT('',(3.8975,2.,-15.824));
#4947=CARTESIAN_POINT('',(3.8975,2.,-15.862));
#4948=CARTESIAN_POINT('',(3.76625,2.,-15.824));
#4949=CARTESIAN_POINT('Origin',(4.91,0.5,-17.));
#4950=CARTESIAN_POINT('',(5.06,0.5,-16.85));
#4951=CARTESIAN_POINT('',(5.06,0.5,-16.85));
#4952=CARTESIAN_POINT('',(7.9325,0.5,-13.9775));
#4953=CARTESIAN_POINT('Origin',(5.06,0.5,-14.65));
#4954=CARTESIAN_POINT('',(5.06,0.5,-14.95));
#4955=CARTESIAN_POINT('',(5.06,0.5,-14.95));
#4956=CARTESIAN_POINT('',(5.05999999999999,0.5,-7.325));
#4957=CARTESIAN_POINT('Origin',(4.91,0.5,-14.8));
#4958=CARTESIAN_POINT('',(4.76,0.5,-14.65));
#4959=CARTESIAN_POINT('',(4.76,0.5,-14.65));
#4960=CARTESIAN_POINT('',(-0.0175000000000025,0.5,-9.8725));
#4961=CARTESIAN_POINT('Origin',(2.56,0.5,-14.65));
#4962=CARTESIAN_POINT('',(2.86,0.5,-14.65));
#4963=CARTESIAN_POINT('',(2.86,0.5,-14.65));
#4964=CARTESIAN_POINT('',(1.28,0.5,-14.65));
#4965=CARTESIAN_POINT('Origin',(2.71,0.5,-14.8));
#4966=CARTESIAN_POINT('',(2.56,0.5,-14.95));
#4967=CARTESIAN_POINT('',(2.56,0.5,-14.95));
#4968=CARTESIAN_POINT('',(5.7325,0.5,-11.7775));
#4969=CARTESIAN_POINT('Origin',(2.37,0.5,-14.8));
#4970=CARTESIAN_POINT('',(2.22,0.5,-14.65));
#4971=CARTESIAN_POINT('',(2.22,0.5,-14.65));
#4972=CARTESIAN_POINT('',(-1.9225,0.5,-10.5075));
#4973=CARTESIAN_POINT('Origin',(0.0199999999999963,0.5,-14.65));
#4974=CARTESIAN_POINT('',(0.319999999999996,0.5,-14.65));
#4975=CARTESIAN_POINT('',(0.319999999999996,0.5,-14.65));
#4976=CARTESIAN_POINT('',(0.00999999999999872,0.5,-14.65));
#4977=CARTESIAN_POINT('Origin',(0.169999999999996,0.5,-14.8));
#4978=CARTESIAN_POINT('',(0.0199999999999964,0.5,-14.95));
#4979=CARTESIAN_POINT('',(0.0199999999999964,0.5,-14.95));
#4980=CARTESIAN_POINT('',(3.8275,0.5,-11.1425));
#4981=CARTESIAN_POINT('Origin',(-0.170000000000004,0.5,-14.8));
#4982=CARTESIAN_POINT('',(-0.320000000000004,0.5,-14.65));
#4983=CARTESIAN_POINT('',(-0.320000000000004,0.5,-14.65));
#4984=CARTESIAN_POINT('',(-3.82750000000001,0.5,-11.1425));
#4985=CARTESIAN_POINT('Origin',(-2.52000000000001,0.5,-14.65));
#4986=CARTESIAN_POINT('',(-2.22000000000001,0.5,-14.65));
#4987=CARTESIAN_POINT('',(-2.22000000000001,0.5,-14.65));
#4988=CARTESIAN_POINT('',(-1.26,0.5,-14.65));
#4989=CARTESIAN_POINT('Origin',(-2.37000000000001,0.5,-14.8));
#4990=CARTESIAN_POINT('',(-2.52000000000001,0.5,-14.95));
#4991=CARTESIAN_POINT('',(-2.52000000000001,0.5,-14.95));
#4992=CARTESIAN_POINT('',(1.9225,0.5,-10.5075));
#4993=CARTESIAN_POINT('Origin',(-2.71,0.5,-14.8));
#4994=CARTESIAN_POINT('',(-2.86,0.5,-14.65));
#4995=CARTESIAN_POINT('',(-2.86,0.5,-14.65));
#4996=CARTESIAN_POINT('',(-5.7325,0.5,-11.7775));
#4997=CARTESIAN_POINT('Origin',(-5.06,0.5,-14.65));
#4998=CARTESIAN_POINT('',(-4.76,0.5,-14.65));
#4999=CARTESIAN_POINT('',(-4.76,0.5,-14.65));
#5000=CARTESIAN_POINT('',(-2.53,0.5,-14.65));
#5001=CARTESIAN_POINT('Origin',(-4.91,0.5,-14.8));
#5002=CARTESIAN_POINT('',(-5.06,0.5,-14.95));
#5003=CARTESIAN_POINT('',(-5.06,0.5,-14.95));
#5004=CARTESIAN_POINT('',(0.0174999999999992,0.5,-9.8725));
#5005=CARTESIAN_POINT('Origin',(5.25,-1.55,-10.7));
#5006=CARTESIAN_POINT('',(5.25,-1.55,14.9));
#5007=CARTESIAN_POINT('',(5.25,-1.55,-10.7));
#5008=CARTESIAN_POINT('',(5.25,-1.55,-4.3));
#5009=CARTESIAN_POINT('',(5.25,-1.91,14.9));
#5010=CARTESIAN_POINT('',(5.25,-1.55,14.9));
#5011=CARTESIAN_POINT('',(5.25,-1.91,-10.7));
#5012=CARTESIAN_POINT('',(5.25,-1.91,-10.7));
#5013=CARTESIAN_POINT('',(5.25,-1.55,-10.7));
#5014=CARTESIAN_POINT('Origin',(-5.25,-1.55,-10.7));
#5015=CARTESIAN_POINT('',(-5.25,-1.55,-10.7));
#5016=CARTESIAN_POINT('',(-2.625,-1.55,-10.7));
#5017=CARTESIAN_POINT('',(-5.25,-1.91,-10.7));
#5018=CARTESIAN_POINT('',(-5.25,-1.91,-10.7));
#5019=CARTESIAN_POINT('',(-5.25,-1.55,-10.7));
#5020=CARTESIAN_POINT('Origin',(-5.25,-1.55,14.9));
#5021=CARTESIAN_POINT('',(-5.25,-1.55,14.9));
#5022=CARTESIAN_POINT('',(-5.25,-1.55,8.5));
#5023=CARTESIAN_POINT('',(-5.25,-1.91,14.9));
#5024=CARTESIAN_POINT('',(-5.25,-1.91,14.9));
#5025=CARTESIAN_POINT('',(-5.25,-1.55,14.9));
#5026=CARTESIAN_POINT('Origin',(5.25,-1.55,14.9));
#5027=CARTESIAN_POINT('',(2.625,-1.55,14.9));
#5028=CARTESIAN_POINT('',(5.25,-1.91,14.9));
#5029=CARTESIAN_POINT('Origin',(1.11022302462516E-15,-1.91,2.1));
#5030=CARTESIAN_POINT('Origin',(5.75,-0.5,-12.9));
#5031=CARTESIAN_POINT('',(5.75,-0.5,17.1));
#5032=CARTESIAN_POINT('',(5.75,-0.5,-12.9));
#5033=CARTESIAN_POINT('',(5.75,-0.5,-6.45));
#5034=CARTESIAN_POINT('',(5.75,-1.55,17.1));
#5035=CARTESIAN_POINT('',(5.75,-0.5,17.1));
#5036=CARTESIAN_POINT('',(5.75,-1.55,-12.9));
#5037=CARTESIAN_POINT('',(5.75,-1.55,-12.9));
#5038=CARTESIAN_POINT('',(5.75,-0.5,-12.9));
#5039=CARTESIAN_POINT('Origin',(-5.75,-0.5,-12.9));
#5040=CARTESIAN_POINT('',(-5.75,-0.5,-12.9));
#5041=CARTESIAN_POINT('',(-2.875,-0.5,-12.9));
#5042=CARTESIAN_POINT('',(-5.75000000000001,-1.55,-12.9));
#5043=CARTESIAN_POINT('',(-5.75,-1.55,-12.9));
#5044=CARTESIAN_POINT('',(-5.75,-0.5,-12.9));
#5045=CARTESIAN_POINT('Origin',(-5.75,-0.5,17.1));
#5046=CARTESIAN_POINT('',(-5.75,-0.5,17.1));
#5047=CARTESIAN_POINT('',(-5.75,-0.5,8.55));
#5048=CARTESIAN_POINT('',(-5.75,-1.55,17.1));
#5049=CARTESIAN_POINT('',(-5.75,-1.55,17.1));
#5050=CARTESIAN_POINT('',(-5.75,-0.5,17.1));
#5051=CARTESIAN_POINT('Origin',(5.75,-0.5,17.1));
#5052=CARTESIAN_POINT('',(2.875,-0.5,17.1));
#5053=CARTESIAN_POINT('',(5.75,-1.55,17.1));
#5054=CARTESIAN_POINT('Origin',(-2.22044604925031E-15,-1.55,2.1));
#5055=CARTESIAN_POINT('Origin',(1.1825,0.5,-15.824));
#5056=CARTESIAN_POINT('',(1.1825,-0.5,-15.976));
#5057=CARTESIAN_POINT('',(1.1825,-0.5,-15.824));
#5058=CARTESIAN_POINT('',(1.1825,-0.5,-7.912));
#5059=CARTESIAN_POINT('',(1.1825,-1.5,-15.976));
#5060=CARTESIAN_POINT('',(1.1825,0.5,-15.976));
#5061=CARTESIAN_POINT('',(1.1825,-1.5,-15.824));
#5062=CARTESIAN_POINT('',(1.1825,-1.5,-15.976));
#5063=CARTESIAN_POINT('',(1.1825,0.5,-15.824));
#5064=CARTESIAN_POINT('Origin',(1.1825,0.5,-15.976));
#5065=CARTESIAN_POINT('',(1.3575,-0.5,-15.976));
#5066=CARTESIAN_POINT('',(0.591249999999999,-0.5,-15.976));
#5067=CARTESIAN_POINT('',(1.3575,-1.5,-15.976));
#5068=CARTESIAN_POINT('',(1.3575,0.5,-15.976));
#5069=CARTESIAN_POINT('',(1.3575,-1.5,-15.976));
#5070=CARTESIAN_POINT('Origin',(1.3575,0.5,-15.824));
#5071=CARTESIAN_POINT('',(1.3575,-0.5,-15.824));
#5072=CARTESIAN_POINT('',(0.678749999999999,-0.5,-15.824));
#5073=CARTESIAN_POINT('',(1.3575,-1.5,-15.824));
#5074=CARTESIAN_POINT('',(1.1825,-1.5,-15.824));
#5075=CARTESIAN_POINT('',(1.3575,0.5,-15.824));
#5076=CARTESIAN_POINT('Origin',(1.3575,0.5,-15.976));
#5077=CARTESIAN_POINT('',(1.3575,-0.5,-7.988));
#5078=CARTESIAN_POINT('',(1.3575,-1.5,-15.824));
#5079=CARTESIAN_POINT('Origin',(1.27,-1.5,-15.9));
#5080=CARTESIAN_POINT('Origin',(-1.3575,0.5,-15.824));
#5081=CARTESIAN_POINT('',(-1.3575,-0.5,-15.976));
#5082=CARTESIAN_POINT('',(-1.3575,-0.5,-15.824));
#5083=CARTESIAN_POINT('',(-1.3575,-0.5,-7.912));
#5084=CARTESIAN_POINT('',(-1.3575,-1.5,-15.976));
#5085=CARTESIAN_POINT('',(-1.3575,0.5,-15.976));
#5086=CARTESIAN_POINT('',(-1.3575,-1.5,-15.824));
#5087=CARTESIAN_POINT('',(-1.3575,-1.5,-15.976));
#5088=CARTESIAN_POINT('',(-1.3575,0.5,-15.824));
#5089=CARTESIAN_POINT('Origin',(-1.3575,0.5,-15.976));
#5090=CARTESIAN_POINT('',(-1.1825,-0.5,-15.976));
#5091=CARTESIAN_POINT('',(-0.678750000000001,-0.5,-15.976));
#5092=CARTESIAN_POINT('',(-1.1825,-1.5,-15.976));
#5093=CARTESIAN_POINT('',(-1.1825,0.5,-15.976));
#5094=CARTESIAN_POINT('',(-1.1825,-1.5,-15.976));
#5095=CARTESIAN_POINT('Origin',(-1.1825,0.5,-15.824));
#5096=CARTESIAN_POINT('',(-1.1825,-0.5,-15.824));
#5097=CARTESIAN_POINT('',(-0.591250000000001,-0.5,-15.824));
#5098=CARTESIAN_POINT('',(-1.1825,-1.5,-15.824));
#5099=CARTESIAN_POINT('',(-1.3575,-1.5,-15.824));
#5100=CARTESIAN_POINT('',(-1.1825,0.5,-15.824));
#5101=CARTESIAN_POINT('Origin',(-1.1825,0.5,-15.976));
#5102=CARTESIAN_POINT('',(-1.1825,-0.5,-7.988));
#5103=CARTESIAN_POINT('',(-1.1825,-1.5,-15.824));
#5104=CARTESIAN_POINT('Origin',(-1.27,-1.5,-15.9));
#5105=CARTESIAN_POINT('Origin',(3.7225,0.5,-15.824));
#5106=CARTESIAN_POINT('',(3.7225,-0.5,-15.976));
#5107=CARTESIAN_POINT('',(3.7225,-0.5,-15.824));
#5108=CARTESIAN_POINT('',(3.7225,-0.5,-7.912));
#5109=CARTESIAN_POINT('',(3.7225,-1.5,-15.976));
#5110=CARTESIAN_POINT('',(3.7225,0.5,-15.976));
#5111=CARTESIAN_POINT('',(3.7225,-1.5,-15.824));
#5112=CARTESIAN_POINT('',(3.7225,-1.5,-15.976));
#5113=CARTESIAN_POINT('',(3.7225,0.5,-15.824));
#5114=CARTESIAN_POINT('Origin',(3.7225,0.5,-15.976));
#5115=CARTESIAN_POINT('',(3.8975,-0.5,-15.976));
#5116=CARTESIAN_POINT('',(1.86125,-0.5,-15.976));
#5117=CARTESIAN_POINT('',(3.8975,-1.5,-15.976));
#5118=CARTESIAN_POINT('',(3.8975,0.5,-15.976));
#5119=CARTESIAN_POINT('',(3.8975,-1.5,-15.976));
#5120=CARTESIAN_POINT('Origin',(3.8975,0.5,-15.824));
#5121=CARTESIAN_POINT('',(3.8975,-0.5,-15.824));
#5122=CARTESIAN_POINT('',(1.94875,-0.5,-15.824));
#5123=CARTESIAN_POINT('',(3.8975,-1.5,-15.824));
#5124=CARTESIAN_POINT('',(3.7225,-1.5,-15.824));
#5125=CARTESIAN_POINT('',(3.8975,0.5,-15.824));
#5126=CARTESIAN_POINT('Origin',(3.8975,0.5,-15.976));
#5127=CARTESIAN_POINT('',(3.8975,-0.5,-7.988));
#5128=CARTESIAN_POINT('',(3.8975,-1.5,-15.824));
#5129=CARTESIAN_POINT('Origin',(3.81,-1.5,-15.9));
#5130=CARTESIAN_POINT('Origin',(-3.8975,0.5,-15.824));
#5131=CARTESIAN_POINT('',(-3.8975,-0.5,-15.976));
#5132=CARTESIAN_POINT('',(-3.8975,-0.5,-15.824));
#5133=CARTESIAN_POINT('',(-3.8975,-0.5,-7.912));
#5134=CARTESIAN_POINT('',(-3.8975,-1.5,-15.976));
#5135=CARTESIAN_POINT('',(-3.8975,0.5,-15.976));
#5136=CARTESIAN_POINT('',(-3.8975,-1.5,-15.824));
#5137=CARTESIAN_POINT('',(-3.8975,-1.5,-15.976));
#5138=CARTESIAN_POINT('',(-3.8975,0.5,-15.824));
#5139=CARTESIAN_POINT('Origin',(-3.8975,0.5,-15.976));
#5140=CARTESIAN_POINT('',(-3.7225,-0.5,-15.976));
#5141=CARTESIAN_POINT('',(-1.94875,-0.5,-15.976));
#5142=CARTESIAN_POINT('',(-3.7225,-1.5,-15.976));
#5143=CARTESIAN_POINT('',(-3.7225,0.5,-15.976));
#5144=CARTESIAN_POINT('',(-3.7225,-1.5,-15.976));
#5145=CARTESIAN_POINT('Origin',(-3.7225,0.5,-15.824));
#5146=CARTESIAN_POINT('',(-3.7225,-0.5,-15.824));
#5147=CARTESIAN_POINT('',(-1.86125,-0.5,-15.824));
#5148=CARTESIAN_POINT('',(-3.7225,-1.5,-15.824));
#5149=CARTESIAN_POINT('',(-3.8975,-1.5,-15.824));
#5150=CARTESIAN_POINT('',(-3.7225,0.5,-15.824));
#5151=CARTESIAN_POINT('Origin',(-3.7225,0.5,-15.976));
#5152=CARTESIAN_POINT('',(-3.7225,-0.5,-7.988));
#5153=CARTESIAN_POINT('',(-3.7225,-1.5,-15.824));
#5154=CARTESIAN_POINT('Origin',(-3.81,-1.5,-15.9));
#5155=CARTESIAN_POINT('Origin',(3.7225,2.,-15.976));
#5156=CARTESIAN_POINT('',(3.7225,8.,-15.824));
#5157=CARTESIAN_POINT('',(3.7225,2.,-15.824));
#5158=CARTESIAN_POINT('',(3.7225,8.,-15.976));
#5159=CARTESIAN_POINT('',(3.7225,8.,-15.976));
#5160=CARTESIAN_POINT('',(3.7225,2.,-15.976));
#5161=CARTESIAN_POINT('Origin',(3.8975,2.,-15.976));
#5162=CARTESIAN_POINT('',(3.8975,8.,-15.976));
#5163=CARTESIAN_POINT('',(3.8975,8.,-15.976));
#5164=CARTESIAN_POINT('',(3.8975,2.,-15.976));
#5165=CARTESIAN_POINT('Origin',(3.8975,2.,-15.824));
#5166=CARTESIAN_POINT('',(3.8975,8.,-15.824));
#5167=CARTESIAN_POINT('',(3.8975,8.,-15.824));
#5168=CARTESIAN_POINT('',(3.8975,2.,-15.824));
#5169=CARTESIAN_POINT('Origin',(3.7225,2.,-15.824));
#5170=CARTESIAN_POINT('',(3.7225,8.,-15.824));
#5171=CARTESIAN_POINT('Origin',(3.81,8.,-15.9));
#5172=CARTESIAN_POINT('Origin',(1.1825,2.,-15.976));
#5173=CARTESIAN_POINT('',(1.1825,8.,-15.824));
#5174=CARTESIAN_POINT('',(1.1825,2.,-15.824));
#5175=CARTESIAN_POINT('',(1.1825,8.,-15.976));
#5176=CARTESIAN_POINT('',(1.1825,8.,-15.976));
#5177=CARTESIAN_POINT('',(1.1825,2.,-15.976));
#5178=CARTESIAN_POINT('Origin',(1.3575,2.,-15.976));
#5179=CARTESIAN_POINT('',(1.3575,8.,-15.976));
#5180=CARTESIAN_POINT('',(1.3575,8.,-15.976));
#5181=CARTESIAN_POINT('',(1.3575,2.,-15.976));
#5182=CARTESIAN_POINT('Origin',(1.3575,2.,-15.824));
#5183=CARTESIAN_POINT('',(1.3575,8.,-15.824));
#5184=CARTESIAN_POINT('',(1.3575,8.,-15.824));
#5185=CARTESIAN_POINT('',(1.3575,2.,-15.824));
#5186=CARTESIAN_POINT('Origin',(1.1825,2.,-15.824));
#5187=CARTESIAN_POINT('',(1.1825,8.,-15.824));
#5188=CARTESIAN_POINT('Origin',(1.27,8.,-15.9));
#5189=CARTESIAN_POINT('Origin',(-1.3575,2.,-15.976));
#5190=CARTESIAN_POINT('',(-1.3575,8.,-15.824));
#5191=CARTESIAN_POINT('',(-1.3575,2.,-15.824));
#5192=CARTESIAN_POINT('',(-1.3575,8.,-15.976));
#5193=CARTESIAN_POINT('',(-1.3575,8.,-15.976));
#5194=CARTESIAN_POINT('',(-1.3575,2.,-15.976));
#5195=CARTESIAN_POINT('Origin',(-1.1825,2.,-15.976));
#5196=CARTESIAN_POINT('',(-1.1825,8.,-15.976));
#5197=CARTESIAN_POINT('',(-1.1825,8.,-15.976));
#5198=CARTESIAN_POINT('',(-1.1825,2.,-15.976));
#5199=CARTESIAN_POINT('Origin',(-1.1825,2.,-15.824));
#5200=CARTESIAN_POINT('',(-1.1825,8.,-15.824));
#5201=CARTESIAN_POINT('',(-1.1825,8.,-15.824));
#5202=CARTESIAN_POINT('',(-1.1825,2.,-15.824));
#5203=CARTESIAN_POINT('Origin',(-1.3575,2.,-15.824));
#5204=CARTESIAN_POINT('',(-1.3575,8.,-15.824));
#5205=CARTESIAN_POINT('Origin',(-1.27,8.,-15.9));
#5206=CARTESIAN_POINT('Origin',(-3.8975,2.,-15.976));
#5207=CARTESIAN_POINT('',(-3.8975,8.,-15.824));
#5208=CARTESIAN_POINT('',(-3.8975,2.,-15.824));
#5209=CARTESIAN_POINT('',(-3.8975,8.,-15.976));
#5210=CARTESIAN_POINT('',(-3.8975,8.,-15.976));
#5211=CARTESIAN_POINT('',(-3.8975,2.,-15.976));
#5212=CARTESIAN_POINT('Origin',(-3.7225,2.,-15.976));
#5213=CARTESIAN_POINT('',(-3.7225,8.,-15.976));
#5214=CARTESIAN_POINT('',(-3.7225,8.,-15.976));
#5215=CARTESIAN_POINT('',(-3.7225,2.,-15.976));
#5216=CARTESIAN_POINT('Origin',(-3.7225,2.,-15.824));
#5217=CARTESIAN_POINT('',(-3.7225,8.,-15.824));
#5218=CARTESIAN_POINT('',(-3.7225,8.,-15.824));
#5219=CARTESIAN_POINT('',(-3.7225,2.,-15.824));
#5220=CARTESIAN_POINT('Origin',(-3.8975,2.,-15.824));
#5221=CARTESIAN_POINT('',(-3.8975,8.,-15.824));
#5222=CARTESIAN_POINT('Origin',(-3.81,8.,-15.9));
#5223=CARTESIAN_POINT('Origin',(0.0199999999999968,0.5,-17.15));
#5224=CARTESIAN_POINT('',(0.0199999999999952,0.5,-8.575));
#5225=CARTESIAN_POINT('Origin',(-2.52,0.5,-17.15));
#5226=CARTESIAN_POINT('',(-2.52000000000001,0.5,-8.575));
#5227=CARTESIAN_POINT('Origin',(2.56,0.5,-17.15));
#5228=CARTESIAN_POINT('',(2.56,0.5,-8.575));
#5229=CARTESIAN_POINT('Origin',(-5.06,0.5,-17.15));
#5230=CARTESIAN_POINT('',(-5.06,0.5,-8.575));
#5231=CARTESIAN_POINT('Origin',(1.11022302462516E-15,-0.5,0.));
#5232=CARTESIAN_POINT('',(-6.,-0.5,-17.9));
#5233=CARTESIAN_POINT('',(6.,-0.5,-17.9));
#5234=CARTESIAN_POINT('',(6.,-0.5,-17.9));
#5235=CARTESIAN_POINT('',(6.00000000000001,-0.5,17.9));
#5236=CARTESIAN_POINT('',(6.00000000000001,-0.5,17.9));
#5237=CARTESIAN_POINT('',(-6.,-0.5,17.9));
#5238=CARTESIAN_POINT('',(-6.,-0.5,17.9));
#5239=CARTESIAN_POINT('',(-6.,-0.5,-17.9));
#5240=CARTESIAN_POINT('Origin',(6.00000000000001,0.,17.9));
#5241=CARTESIAN_POINT('',(6.,0.5,-17.9));
#5242=CARTESIAN_POINT('',(6.,0.,-17.9));
#5243=CARTESIAN_POINT('',(6.00000000000001,0.5,17.9));
#5244=CARTESIAN_POINT('',(6.00000000000001,0.5,17.9));
#5245=CARTESIAN_POINT('',(6.00000000000001,0.,17.9));
#5246=CARTESIAN_POINT('Origin',(-6.,0.,17.9));
#5247=CARTESIAN_POINT('',(-6.,0.5,17.9));
#5248=CARTESIAN_POINT('',(-6.,0.5,17.9));
#5249=CARTESIAN_POINT('',(-6.,0.,17.9));
#5250=CARTESIAN_POINT('Origin',(-6.,0.,-17.9));
#5251=CARTESIAN_POINT('',(-6.,0.5,-17.9));
#5252=CARTESIAN_POINT('',(-6.,0.5,-17.9));
#5253=CARTESIAN_POINT('',(-6.,0.,-17.9));
#5254=CARTESIAN_POINT('Origin',(6.,0.,-17.9));
#5255=CARTESIAN_POINT('',(6.,0.5,-17.9));
#5256=CARTESIAN_POINT('Origin',(1.11022302462516E-15,0.5,0.));
#5257=CARTESIAN_POINT('Origin',(5.70746010666872,0.5,11.6254300425926));
#5258=CARTESIAN_POINT('',(5.70746010666872,0.5,11.6254300425926));
#5259=CARTESIAN_POINT('',(-3.39480693544798,0.5,11.6254300425926));
#5260=CARTESIAN_POINT('',(5.70746010666872,0.5,11.6254300425926));
#5261=CARTESIAN_POINT('',(-3.39480693544798,0.55,11.6254300425926));
#5262=CARTESIAN_POINT('',(-3.39480693544798,0.5,11.6254300425926));
#5263=CARTESIAN_POINT('',(5.70746010666872,0.55,11.6254300425926));
#5264=CARTESIAN_POINT('',(5.70746010666872,0.55,11.6254300425926));
#5265=CARTESIAN_POINT('',(5.70746010666872,0.5,11.6254300425926));
#5266=CARTESIAN_POINT('Origin',(5.70746010666872,0.5,17.9));
#5267=CARTESIAN_POINT('',(5.70746010666872,0.5,17.9));
#5268=CARTESIAN_POINT('',(5.70746010666872,0.5,18.0378821082815));
#5269=CARTESIAN_POINT('',(5.70746010666872,0.55,17.9));
#5270=CARTESIAN_POINT('',(5.70746010666872,0.55,18.0378821082815));
#5271=CARTESIAN_POINT('',(5.70746010666872,0.5,17.9));
#5272=CARTESIAN_POINT('Origin',(4.61077893013013,0.5,17.9));
#5273=CARTESIAN_POINT('',(4.61077893013013,0.5,17.9));
#5274=CARTESIAN_POINT('',(-6.,0.5,17.9));
#5275=CARTESIAN_POINT('',(4.61077893013013,0.55,17.9));
#5276=CARTESIAN_POINT('',(-6.,0.55,17.9));
#5277=CARTESIAN_POINT('',(4.61077893013013,0.5,17.9));
#5278=CARTESIAN_POINT('Origin',(4.23309132144517,0.5,17.8102139066124));
#5279=CARTESIAN_POINT('',(3.85540371276021,0.5,17.9));
#5280=CARTESIAN_POINT('Origin',(4.23309132144517,0.5,17.8102139066124));
#5281=CARTESIAN_POINT('',(3.85540371276021,0.55,17.9));
#5282=CARTESIAN_POINT('Origin',(4.23309132144517,0.55,17.8102139066124));
#5283=CARTESIAN_POINT('',(3.85540371276021,0.5,17.9));
#5284=CARTESIAN_POINT('Origin',(-1.56563475972358,0.5,17.9));
#5285=CARTESIAN_POINT('',(-1.56563475972358,0.5,17.9));
#5286=CARTESIAN_POINT('',(-6.,0.5,17.9));
#5287=CARTESIAN_POINT('',(-1.56563475972358,0.55,17.9));
#5288=CARTESIAN_POINT('',(-6.,0.55,17.9));
#5289=CARTESIAN_POINT('',(-1.56563475972358,0.5,17.9));
#5290=CARTESIAN_POINT('Origin',(-1.98003676022339,0.5,17.7651867271805));
#5291=CARTESIAN_POINT('',(-2.39443876072321,0.5,17.9));
#5292=CARTESIAN_POINT('Origin',(-1.98003676022339,0.5,17.7651867271805));
#5293=CARTESIAN_POINT('',(-2.39443876072321,0.55,17.9));
#5294=CARTESIAN_POINT('Origin',(-1.98003676022339,0.55,17.7651867271805));
#5295=CARTESIAN_POINT('',(-2.39443876072321,0.5,17.9));
#5296=CARTESIAN_POINT('Origin',(-3.39480693544798,0.5,17.9));
#5297=CARTESIAN_POINT('',(-3.39480693544798,0.5,17.9));
#5298=CARTESIAN_POINT('',(-6.,0.5,17.9));
#5299=CARTESIAN_POINT('',(-3.39480693544798,0.55,17.9));
#5300=CARTESIAN_POINT('',(-6.,0.55,17.9));
#5301=CARTESIAN_POINT('',(-3.39480693544798,0.5,17.9));
#5302=CARTESIAN_POINT('Origin',(-3.39480693544798,0.5,11.6254300425926));
#5303=CARTESIAN_POINT('',(-3.39480693544798,0.5,11.6254300425926));
#5304=CARTESIAN_POINT('',(-3.39480693544798,0.55,11.6254300425926));
#5305=CARTESIAN_POINT('Origin',(1.15632658561037,0.55,14.7627150212963));
#5306=CARTESIAN_POINT('Origin',(1.15632658561037,0.5,14.7627150212963));
#5307=CARTESIAN_POINT('Origin',(5.70746010666872,-0.705120956927056,17.9));
#5308=CARTESIAN_POINT('',(5.70746010666872,0.55,17.9));
#5309=CARTESIAN_POINT('',(5.70746010666872,-1.96,17.8753584948485));
#5310=CARTESIAN_POINT('Origin',(5.70746010666872,-0.705120956927056,17.9));
#5311=CARTESIAN_POINT('',(-1.43253989333128,0.55,17.9));
#5312=CARTESIAN_POINT('',(5.70746010666872,0.55,17.9));
#5313=CARTESIAN_POINT('',(-1.43253989333128,-1.96,17.8753584948485));
#5314=CARTESIAN_POINT('Origin',(-1.43253989333128,-0.705120956927056,17.9));
#5315=CARTESIAN_POINT('',(5.70746010666872,-1.96,17.8753584948485));
#5316=CARTESIAN_POINT('Origin',(5.70746010666872,-1.96,14.2188486136273));
#5317=CARTESIAN_POINT('',(5.70746010666872,-1.96,14.2188486136273));
#5318=CARTESIAN_POINT('',(5.70746010666872,-1.96,17.8753584948485));
#5319=CARTESIAN_POINT('',(-1.43253989333128,-1.96,14.2188486136273));
#5320=CARTESIAN_POINT('',(-1.43253989333128,-1.96,17.8753584948485));
#5321=CARTESIAN_POINT('',(5.70746010666872,-1.96,14.2188486136273));
#5322=CARTESIAN_POINT('Origin',(5.70746010666872,-1.91,14.2188486136273));
#5323=CARTESIAN_POINT('',(5.70746010666872,-1.91,14.2188486136273));
#5324=CARTESIAN_POINT('',(5.70746010666872,-1.96,14.2188486136273));
#5325=CARTESIAN_POINT('',(-1.43253989333128,-1.91,14.2188486136273));
#5326=CARTESIAN_POINT('',(-1.43253989333128,-1.96,14.2188486136273));
#5327=CARTESIAN_POINT('',(5.70746010666872,-1.91,14.2188486136273));
#5328=CARTESIAN_POINT('Origin',(5.70746010666872,-1.91,17.8758543505284));
#5329=CARTESIAN_POINT('',(5.70746010666872,-1.91,17.8758543505284));
#5330=CARTESIAN_POINT('',(5.70746010666872,-1.91,14.2188486136273));
#5331=CARTESIAN_POINT('',(-1.43253989333128,-1.91,17.8758543505284));
#5332=CARTESIAN_POINT('',(-1.43253989333128,-1.91,14.2188486136273));
#5333=CARTESIAN_POINT('',(5.70746010666872,-1.91,17.8758543505284));
#5334=CARTESIAN_POINT('Origin',(5.70746010666872,-0.705120956927056,17.9));
#5335=CARTESIAN_POINT('',(5.70746010666872,0.5,17.9));
#5336=CARTESIAN_POINT('Origin',(5.70746010666872,-0.705120956927056,17.9));
#5337=CARTESIAN_POINT('',(-1.43253989333128,0.5,17.9));
#5338=CARTESIAN_POINT('Origin',(-1.43253989333128,-0.705120956927056,17.9));
#5339=CARTESIAN_POINT('',(5.70746010666872,0.5,17.9));
#5340=CARTESIAN_POINT('Origin',(5.70746010666872,0.55,17.9));
#5341=CARTESIAN_POINT('',(5.70746010666872,0.5,17.9));
#5342=CARTESIAN_POINT('',(-1.43253989333128,0.5,17.9));
#5343=CARTESIAN_POINT('Origin',(5.70746010666872,-0.705120956927056,16.6869847852772));
#5344=CARTESIAN_POINT('Origin',(-1.43253989333128,-0.705120956927056,16.6869847852772));
#5345=UNCERTAINTY_MEASURE_WITH_UNIT(LENGTH_MEASURE(0.01),#5349,
'DISTANCE_ACCURACY_VALUE',
'Maximum model space distance between geometric entities at asserted c
onnectivities');
#5346=UNCERTAINTY_MEASURE_WITH_UNIT(LENGTH_MEASURE(0.01),#5349,
'DISTANCE_ACCURACY_VALUE',
'Maximum model space distance between geometric entities at asserted c
onnectivities');
#5347=(
GEOMETRIC_REPRESENTATION_CONTEXT(3)
GLOBAL_UNCERTAINTY_ASSIGNED_CONTEXT((#5345))
GLOBAL_UNIT_ASSIGNED_CONTEXT((#5349,#5351,#5352))
REPRESENTATION_CONTEXT('','3D')
);
#5348=(
GEOMETRIC_REPRESENTATION_CONTEXT(3)
GLOBAL_UNCERTAINTY_ASSIGNED_CONTEXT((#5346))
GLOBAL_UNIT_ASSIGNED_CONTEXT((#5349,#5351,#5352))
REPRESENTATION_CONTEXT('','3D')
);
#5349=(
LENGTH_UNIT()
NAMED_UNIT(*)
SI_UNIT(.MILLI.,.METRE.)
);
#5350=(
LENGTH_UNIT()
NAMED_UNIT(*)
SI_UNIT(.CENTI.,.METRE.)
);
#5351=(
NAMED_UNIT(*)
PLANE_ANGLE_UNIT()
SI_UNIT($,.RADIAN.)
);
#5352=(
NAMED_UNIT(*)
SI_UNIT($,.STERADIAN.)
SOLID_ANGLE_UNIT()
);
#5353=SHAPE_DEFINITION_REPRESENTATION(#5354,#5355);
#5354=PRODUCT_DEFINITION_SHAPE('',$,#5357);
#5355=SHAPE_REPRESENTATION('',(#3437),#5347);
#5356=PRODUCT_DEFINITION_CONTEXT('part definition',#5361,'design');
#5357=PRODUCT_DEFINITION('MDOB128032GV-WI','MDOB128032GV-WI',#5358,#5356);
#5358=PRODUCT_DEFINITION_FORMATION('',$,#5363);
#5359=PRODUCT_RELATED_PRODUCT_CATEGORY('MDOB128032GV-WI',
'MDOB128032GV-WI',(#5363));
#5360=APPLICATION_PROTOCOL_DEFINITION('international standard',
'automotive_design',2009,#5361);
#5361=APPLICATION_CONTEXT(
'Core Data for Automotive Mechanical Design Process');
#5362=PRODUCT_CONTEXT('part definition',#5361,'mechanical');
#5363=PRODUCT('MDOB128032GV-WI','MDOB128032GV-WI',$,(#5362));
#5364=PRESENTATION_STYLE_ASSIGNMENT((#5369));
#5365=PRESENTATION_STYLE_ASSIGNMENT((#5370));
#5366=PRESENTATION_STYLE_ASSIGNMENT((#5371));
#5367=PRESENTATION_STYLE_ASSIGNMENT((#5372));
#5368=PRESENTATION_STYLE_ASSIGNMENT((#5373));
#5369=SURFACE_STYLE_USAGE(.BOTH.,#5384);
#5370=SURFACE_STYLE_USAGE(.BOTH.,#5385);
#5371=SURFACE_STYLE_USAGE(.BOTH.,#5386);
#5372=SURFACE_STYLE_USAGE(.BOTH.,#5387);
#5373=SURFACE_STYLE_USAGE(.BOTH.,#5388);
#5374=SURFACE_STYLE_RENDERING_WITH_PROPERTIES($,#5404,(#5379));
#5375=SURFACE_STYLE_RENDERING_WITH_PROPERTIES($,#5405,(#5380));
#5376=SURFACE_STYLE_RENDERING_WITH_PROPERTIES($,#5406,(#5381));
#5377=SURFACE_STYLE_RENDERING_WITH_PROPERTIES($,#5407,(#5382));
#5378=SURFACE_STYLE_RENDERING_WITH_PROPERTIES($,#5408,(#5383));
#5379=SURFACE_STYLE_TRANSPARENT(0.);
#5380=SURFACE_STYLE_TRANSPARENT(0.);
#5381=SURFACE_STYLE_TRANSPARENT(0.);
#5382=SURFACE_STYLE_TRANSPARENT(0.);
#5383=SURFACE_STYLE_TRANSPARENT(0.);
#5384=SURFACE_SIDE_STYLE('',(#5389,#5374));
#5385=SURFACE_SIDE_STYLE('',(#5390,#5375));
#5386=SURFACE_SIDE_STYLE('',(#5391,#5376));
#5387=SURFACE_SIDE_STYLE('',(#5392,#5377));
#5388=SURFACE_SIDE_STYLE('',(#5393,#5378));
#5389=SURFACE_STYLE_FILL_AREA(#5394);
#5390=SURFACE_STYLE_FILL_AREA(#5395);
#5391=SURFACE_STYLE_FILL_AREA(#5396);
#5392=SURFACE_STYLE_FILL_AREA(#5397);
#5393=SURFACE_STYLE_FILL_AREA(#5398);
#5394=FILL_AREA_STYLE('',(#5399));
#5395=FILL_AREA_STYLE('',(#5400));
#5396=FILL_AREA_STYLE('',(#5401));
#5397=FILL_AREA_STYLE('',(#5402));
#5398=FILL_AREA_STYLE('',(#5403));
#5399=FILL_AREA_STYLE_COLOUR('',#5404);
#5400=FILL_AREA_STYLE_COLOUR('',#5405);
#5401=FILL_AREA_STYLE_COLOUR('',#5406);
#5402=FILL_AREA_STYLE_COLOUR('',#5407);
#5403=FILL_AREA_STYLE_COLOUR('',#5408);
#5404=COLOUR_RGB('',0.749019607843137,0.749019607843137,0.749019607843137);
#5405=COLOUR_RGB('',0.701960784313725,0.552941176470588,0.00392156862745098);
#5406=COLOUR_RGB('',1.,0.996078431372549,0.964705882352941);
#5407=COLOUR_RGB('',0.0392156862745098,0.0392156862745098,0.0392156862745098);
#5408=COLOUR_RGB('',0.0941176470588235,0.145098039215686,0.972549019607843);
ENDSEC;
END-ISO-10303-21;
