ISO-10303-21;
HEADER;
FILE_DESCRIPTION(('STEP AP242'),'1');
FILE_NAME('0534269030.stp','2025-05-01T07:16:14',('TraceParts'),('TraceParts S.A.'),'Spatial InterOp 3D',' ',' ');
FILE_SCHEMA(('AP242_MANAGED_MODEL_BASED_3D_ENGINEERING_MIM_LF  {1 0 10303 442 1 1 4}'));
ENDSEC;
DATA;
#1=MECHANICAL_DESIGN_GEOMETRIC_PRESENTATION_REPRESENTATION(' ',(#10),#6);
#2=PRODUCT_DEFINITION_CONTEXT('',#11,'design');
#3=APPLICATION_PROTOCOL_DEFINITION('INTERNATIONAL STANDARD','ap242_managed_model_based_3d_engineering',2014,#11);
#4=PRODUCT_CATEGORY_RELATIONSHIP('NONE','NONE',#12,#13);
#5=SHAPE_DEFINITION_REPRESENTATION(#14,#15);
#6= (GEOMETRIC_REPRESENTATION_CONTEXT(3)GLOBAL_UNCERTAINTY_ASSIGNED_CONTEXT((#18))GLOBAL_UNIT_ASSIGNED_CONTEXT((#20,#21,#22))REPRESENTATION_CONTEXT('NONE','WORKSPACE'));
#10=STYLED_ITEM('',(#24),#25);
#11=APPLICATION_CONTEXT('managed model based 3d engineering');
#12=PRODUCT_CATEGORY('part','NONE');
#13=PRODUCT_RELATED_PRODUCT_CATEGORY('detail',' ',(#26));
#14=PRODUCT_DEFINITION_SHAPE('NONE','NONE',#27);
#15=ADVANCED_BREP_SHAPE_REPRESENTATION('0534269030',(#25,#28),#6);
#18=UNCERTAINTY_MEASURE_WITH_UNIT(LENGTH_MEASURE(1.0E-06),#20,'','');
#20= (CONVERSION_BASED_UNIT('MILLIMETRE',#31)LENGTH_UNIT()NAMED_UNIT(#34));
#21= (NAMED_UNIT(#36)PLANE_ANGLE_UNIT()SI_UNIT($,.RADIAN.));
#22= (NAMED_UNIT(#36)SOLID_ANGLE_UNIT()SI_UNIT($,.STERADIAN.));
#24=PRESENTATION_STYLE_ASSIGNMENT((#42));
#25=MANIFOLD_SOLID_BREP('0534269030',#43);
#26=PRODUCT('0534269030','','PART--DESC',(#44));
#27=PRODUCT_DEFINITION('','NONE',#45,#2);
#28=AXIS2_PLACEMENT_3D('',#46,#47,#48);
#31=LENGTH_MEASURE_WITH_UNIT(LENGTH_MEASURE(1.0),#49);
#34=DIMENSIONAL_EXPONENTS(1.0,0.0,0.0,0.0,0.0,0.0,0.0);
#36=DIMENSIONAL_EXPONENTS(0.0,0.0,0.0,0.0,0.0,0.0,0.0);
#42=SURFACE_STYLE_USAGE(.BOTH.,#50);
#43=CLOSED_SHELL('',(#51,#52,#53,#54,#55,#56,#57,#58,#59,#60,#61,#62,#63,#64,#65,#66,#67,#68,#69,#70,#71,#72,#73,#74,#75,#76,#77,#78,#79,#80,#81,#82,#83,#84,#85,#86,#87,#88,#89,#90,#91,#92,#93,#94,#95,#96,#97,#98,#99,#100,#101,#102,#103,#104,#105,#106,#107,#108,#109,#110,#111,#112,#113,#114,#115,#116,#117,#118,#119,#120,#121,#122,#123,#124,#125,#126,#127,#128,#129,#130,#131,#132,#133,#134,#135,#136,#137,#138,#139,#140,#141,#142,#143,#144,#145,#146,#147,#148,#149,#150,#151,#152,#153,#154,#155,#156,#157,#158,#159,#160,#161,#162,#163,#164,#165,#166,#167,#168,#169,#170,#171,#172,#173,#174,#175,#176,#177,#178,#179,#180,#181));
#44=PRODUCT_CONTEXT('',#11,'mechanical');
#45=PRODUCT_DEFINITION_FORMATION_WITH_SPECIFIED_SOURCE(' ','NONE',#26,.NOT_KNOWN.);
#46=CARTESIAN_POINT('',(0.0,0.0,0.0));
#47=DIRECTION('',(0.0,0.0,1.0));
#48=DIRECTION('',(1.0,0.0,0.0));
#49= (NAMED_UNIT(#34)LENGTH_UNIT()SI_UNIT(.MILLI.,.METRE.));
#50=SURFACE_SIDE_STYLE('',(#183));
#51=ADVANCED_FACE('',(#184),#185,.T.);
#52=ADVANCED_FACE('',(#186),#187,.T.);
#53=ADVANCED_FACE('',(#188),#189,.T.);
#54=ADVANCED_FACE('',(#190),#191,.F.);
#55=ADVANCED_FACE('',(#192),#193,.F.);
#56=ADVANCED_FACE('',(#194),#195,.F.);
#57=ADVANCED_FACE('',(#196),#197,.T.);
#58=ADVANCED_FACE('',(#198),#199,.T.);
#59=ADVANCED_FACE('',(#200),#201,.T.);
#60=ADVANCED_FACE('',(#202),#203,.T.);
#61=ADVANCED_FACE('',(#204),#205,.T.);
#62=ADVANCED_FACE('',(#206),#207,.T.);
#63=ADVANCED_FACE('',(#208),#209,.T.);
#64=ADVANCED_FACE('',(#210),#211,.T.);
#65=ADVANCED_FACE('',(#212),#213,.T.);
#66=ADVANCED_FACE('',(#214),#215,.T.);
#67=ADVANCED_FACE('',(#216),#217,.T.);
#68=ADVANCED_FACE('',(#218),#219,.T.);
#69=ADVANCED_FACE('',(#220),#221,.T.);
#70=ADVANCED_FACE('',(#222),#223,.T.);
#71=ADVANCED_FACE('',(#224),#225,.T.);
#72=ADVANCED_FACE('',(#226),#227,.T.);
#73=ADVANCED_FACE('',(#228,#229,#230,#231),#232,.T.);
#74=ADVANCED_FACE('',(#233,#234,#235,#236),#237,.T.);
#75=ADVANCED_FACE('',(#238),#239,.T.);
#76=ADVANCED_FACE('',(#240),#241,.T.);
#77=ADVANCED_FACE('',(#242,#243,#244,#245),#246,.T.);
#78=ADVANCED_FACE('',(#247),#248,.F.);
#79=ADVANCED_FACE('',(#249),#250,.T.);
#80=ADVANCED_FACE('',(#251),#252,.T.);
#81=ADVANCED_FACE('',(#253),#254,.F.);
#82=ADVANCED_FACE('',(#255),#256,.F.);
#83=ADVANCED_FACE('',(#257),#258,.F.);
#84=ADVANCED_FACE('',(#259),#260,.F.);
#85=ADVANCED_FACE('',(#261),#262,.F.);
#86=ADVANCED_FACE('',(#263),#264,.T.);
#87=ADVANCED_FACE('',(#265),#266,.F.);
#88=ADVANCED_FACE('',(#267),#268,.T.);
#89=ADVANCED_FACE('',(#269),#270,.T.);
#90=ADVANCED_FACE('',(#271),#272,.F.);
#91=ADVANCED_FACE('',(#273),#274,.F.);
#92=ADVANCED_FACE('',(#275),#276,.F.);
#93=ADVANCED_FACE('',(#277),#278,.F.);
#94=ADVANCED_FACE('',(#279),#280,.T.);
#95=ADVANCED_FACE('',(#281),#282,.F.);
#96=ADVANCED_FACE('',(#283),#284,.F.);
#97=ADVANCED_FACE('',(#285),#286,.T.);
#98=ADVANCED_FACE('',(#287),#288,.T.);
#99=ADVANCED_FACE('',(#289),#290,.T.);
#100=ADVANCED_FACE('',(#291),#292,.F.);
#101=ADVANCED_FACE('',(#293),#294,.F.);
#102=ADVANCED_FACE('',(#295),#296,.F.);
#103=ADVANCED_FACE('',(#297),#298,.F.);
#104=ADVANCED_FACE('',(#299),#300,.F.);
#105=ADVANCED_FACE('',(#301),#302,.F.);
#106=ADVANCED_FACE('',(#303),#304,.F.);
#107=ADVANCED_FACE('',(#305,#306,#307,#308),#309,.T.);
#108=ADVANCED_FACE('',(#310),#311,.F.);
#109=ADVANCED_FACE('',(#312),#313,.T.);
#110=ADVANCED_FACE('',(#314),#315,.T.);
#111=ADVANCED_FACE('',(#316),#317,.T.);
#112=ADVANCED_FACE('',(#318),#319,.T.);
#113=ADVANCED_FACE('',(#320),#321,.T.);
#114=ADVANCED_FACE('',(#322),#323,.F.);
#115=ADVANCED_FACE('',(#324),#325,.T.);
#116=ADVANCED_FACE('',(#326),#327,.F.);
#117=ADVANCED_FACE('',(#328),#329,.F.);
#118=ADVANCED_FACE('',(#330),#331,.T.);
#119=ADVANCED_FACE('',(#332),#333,.F.);
#120=ADVANCED_FACE('',(#334),#335,.T.);
#121=ADVANCED_FACE('',(#336),#337,.T.);
#122=ADVANCED_FACE('',(#338),#339,.F.);
#123=ADVANCED_FACE('',(#340),#341,.F.);
#124=ADVANCED_FACE('',(#342),#343,.F.);
#125=ADVANCED_FACE('',(#344),#345,.F.);
#126=ADVANCED_FACE('',(#346),#347,.F.);
#127=ADVANCED_FACE('',(#348),#349,.F.);
#128=ADVANCED_FACE('',(#350),#351,.T.);
#129=ADVANCED_FACE('',(#352),#353,.T.);
#130=ADVANCED_FACE('',(#354),#355,.T.);
#131=ADVANCED_FACE('',(#356),#357,.T.);
#132=ADVANCED_FACE('',(#358),#359,.T.);
#133=ADVANCED_FACE('',(#360),#361,.T.);
#134=ADVANCED_FACE('',(#362),#363,.T.);
#135=ADVANCED_FACE('',(#364),#365,.T.);
#136=ADVANCED_FACE('',(#366),#367,.T.);
#137=ADVANCED_FACE('',(#368),#369,.T.);
#138=ADVANCED_FACE('',(#370),#371,.T.);
#139=ADVANCED_FACE('',(#372),#373,.T.);
#140=ADVANCED_FACE('',(#374),#375,.T.);
#141=ADVANCED_FACE('',(#376),#377,.T.);
#142=ADVANCED_FACE('',(#378),#379,.F.);
#143=ADVANCED_FACE('',(#380),#381,.F.);
#144=ADVANCED_FACE('',(#382),#383,.F.);
#145=ADVANCED_FACE('',(#384),#385,.T.);
#146=ADVANCED_FACE('',(#386),#387,.T.);
#147=ADVANCED_FACE('',(#388),#389,.F.);
#148=ADVANCED_FACE('',(#390),#391,.F.);
#149=ADVANCED_FACE('',(#392),#393,.F.);
#150=ADVANCED_FACE('',(#394),#395,.F.);
#151=ADVANCED_FACE('',(#396),#397,.T.);
#152=ADVANCED_FACE('',(#398),#399,.T.);
#153=ADVANCED_FACE('',(#400),#401,.T.);
#154=ADVANCED_FACE('',(#402),#403,.T.);
#155=ADVANCED_FACE('',(#404),#405,.T.);
#156=ADVANCED_FACE('',(#406),#407,.T.);
#157=ADVANCED_FACE('',(#408),#409,.T.);
#158=ADVANCED_FACE('',(#410),#411,.T.);
#159=ADVANCED_FACE('',(#412),#413,.T.);
#160=ADVANCED_FACE('',(#414),#415,.T.);
#161=ADVANCED_FACE('',(#416),#417,.T.);
#162=ADVANCED_FACE('',(#418),#419,.T.);
#163=ADVANCED_FACE('',(#420),#421,.T.);
#164=ADVANCED_FACE('',(#422),#423,.T.);
#165=ADVANCED_FACE('',(#424),#425,.T.);
#166=ADVANCED_FACE('',(#426),#427,.T.);
#167=ADVANCED_FACE('',(#428),#429,.T.);
#168=ADVANCED_FACE('',(#430),#431,.F.);
#169=ADVANCED_FACE('',(#432),#433,.T.);
#170=ADVANCED_FACE('',(#434),#435,.T.);
#171=ADVANCED_FACE('',(#436),#437,.F.);
#172=ADVANCED_FACE('',(#438),#439,.F.);
#173=ADVANCED_FACE('',(#440),#441,.T.);
#174=ADVANCED_FACE('',(#442),#443,.F.);
#175=ADVANCED_FACE('',(#444),#445,.T.);
#176=ADVANCED_FACE('',(#446),#447,.T.);
#177=ADVANCED_FACE('',(#448),#449,.F.);
#178=ADVANCED_FACE('',(#450),#451,.F.);
#179=ADVANCED_FACE('',(#452),#453,.T.);
#180=ADVANCED_FACE('',(#454),#455,.T.);
#181=ADVANCED_FACE('',(#456),#457,.F.);
#183=SURFACE_STYLE_FILL_AREA(#458);
#184=FACE_OUTER_BOUND('',#459,.T.);
#185=B_SPLINE_SURFACE_WITH_KNOTS('',1,3,((#460,#461,#462,#463,#464,#465,#466,#467,#468,#469,#470,#471,#472,#473,#474,#475,#476,#477,#478,#479,#480,#481,#482,#483,#484,#485,#486,#487,#488,#489,#490,#491,#492,#493,#494,#495),(#496,#497,#498,#499,#500,#501,#502,#503,#504,#505,#506,#507,#508,#509,#510,#511,#512,#513,#514,#515,#516,#517,#518,#519,#520,#521,#522,#523,#524,#525,#526,#527,#528,#529,#530,#531)),.UNSPECIFIED.,.F.,.T.,.F.,(2,2),(4,2,2,2,2,2,2,2,2,2,2,2,2,2,2,2,2,4),(0.0,1.0),(0.0,0.0625,0.125,0.1875,0.25,0.3125,0.375,0.4375,0.5,0.5625,0.625,0.6875,0.75,0.8125,0.875,0.9375,0.96875,1.0),.UNSPECIFIED.);
#186=FACE_OUTER_BOUND('',#532,.T.);
#187=B_SPLINE_SURFACE_WITH_KNOTS('',1,3,((#533,#534,#535,#536,#537,#538,#539,#540,#541,#542,#543,#544,#545,#546,#547,#548,#549,#550,#551,#552,#553,#554,#555,#556,#557,#558,#559,#560,#561,#562,#563,#564,#565,#566,#567,#568,#569,#570),(#571,#572,#573,#574,#575,#576,#577,#578,#579,#580,#581,#582,#583,#584,#585,#586,#587,#588,#589,#590,#591,#592,#593,#594,#595,#596,#597,#598,#599,#600,#601,#602,#603,#604,#605,#606,#607,#608)),.UNSPECIFIED.,.F.,.T.,.F.,(2,2),(4,2,2,2,2,2,2,2,2,2,2,2,2,2,2,2,2,2,4),(0.0,1.0),(0.0,0.0625000000000001,0.0937500000000001,0.125,0.1875,0.25,0.3125,0.375,0.4375,0.5,0.5625,0.625,0.6875,0.75,0.8125,0.875,0.9375,0.96875,1.0),.UNSPECIFIED.);
#188=FACE_OUTER_BOUND('',#609,.T.);
#189=B_SPLINE_SURFACE_WITH_KNOTS('',1,3,((#610,#611,#612,#613,#614,#615,#616,#617,#618,#619,#620,#621,#622,#623,#624,#625,#626,#627,#628,#629,#630,#631,#632,#633,#634,#635,#636,#637,#638,#639,#640,#641,#642,#643,#644,#645,#646,#647),(#648,#649,#650,#651,#652,#653,#654,#655,#656,#657,#658,#659,#660,#661,#662,#663,#664,#665,#666,#667,#668,#669,#670,#671,#672,#673,#674,#675,#676,#677,#678,#679,#680,#681,#682,#683,#684,#685)),.UNSPECIFIED.,.F.,.T.,.F.,(2,2),(4,2,2,2,2,2,2,2,2,2,2,2,2,2,2,2,2,2,4),(0.0,1.0),(0.0,0.0625,0.125,0.1875,0.25,0.3125,0.375,0.40625,0.4375,0.46875,0.5,0.5625,0.625,0.6875,0.75,0.8125,0.875,0.9375,1.0),.UNSPECIFIED.);
#190=FACE_OUTER_BOUND('',#686,.T.);
#191=B_SPLINE_SURFACE_WITH_KNOTS('',3,3,((#687,#688,#689,#690,#691,#692,#693),(#694,#695,#696,#697,#698,#699,#700),(#701,#702,#703,#704,#705,#706,#707),(#708,#709,#710,#711,#712,#713,#714),(#715,#716,#717,#718,#719,#720,#721),(#722,#723,#724,#725,#726,#727,#728),(#729,#730,#731,#732,#733,#734,#735),(#736,#737,#738,#739,#740,#741,#742),(#743,#744,#745,#746,#747,#748,#749),(#750,#751,#752,#753,#754,#755,#756),(#757,#758,#759,#760,#761,#762,#763),(#764,#765,#766,#767,#768,#769,#770),(#771,#772,#773,#774,#775,#776,#777),(#778,#779,#780,#781,#782,#783,#784),(#785,#786,#787,#788,#789,#790,#791),(#792,#793,#794,#795,#796,#797,#798),(#799,#800,#801,#802,#803,#804,#805),(#806,#807,#808,#809,#810,#811,#812),(#813,#814,#815,#816,#817,#818,#819)),.UNSPECIFIED.,.T.,.F.,.F.,(4,1,1,1,1,1,1,1,1,1,1,1,1,1,1,1,4),(4,1,1,1,4),(0.0,0.0625,0.125,0.1875,0.25,0.3125,0.375,0.4375,0.5,0.5625,0.625,0.6875,0.75,0.8125,0.875,0.9375,1.0),(0.0,0.311712928379781,0.623425856759563,0.935138785139344,1.0),.UNSPECIFIED.);
#192=FACE_OUTER_BOUND('',#820,.T.);
#193=B_SPLINE_SURFACE_WITH_KNOTS('',3,3,((#821,#822,#823,#824,#825,#826,#827),(#828,#829,#830,#831,#832,#833,#834),(#835,#836,#837,#838,#839,#840,#841),(#842,#843,#844,#845,#846,#847,#848),(#849,#850,#851,#852,#853,#854,#855),(#856,#857,#858,#859,#860,#861,#862),(#863,#864,#865,#866,#867,#868,#869),(#870,#871,#872,#873,#874,#875,#876),(#877,#878,#879,#880,#881,#882,#883),(#884,#885,#886,#887,#888,#889,#890),(#891,#892,#893,#894,#895,#896,#897),(#898,#899,#900,#901,#902,#903,#904),(#905,#906,#907,#908,#909,#910,#911),(#912,#913,#914,#915,#916,#917,#918),(#919,#920,#921,#922,#923,#924,#925),(#926,#927,#928,#929,#930,#931,#932),(#933,#934,#935,#936,#937,#938,#939),(#940,#941,#942,#943,#944,#945,#946),(#947,#948,#949,#950,#951,#952,#953)),.UNSPECIFIED.,.T.,.F.,.F.,(4,1,1,1,1,1,1,1,1,1,1,1,1,1,1,1,4),(4,1,1,1,4),(0.0,0.0625,0.125,0.1875,0.25,0.3125,0.375,0.4375,0.5,0.5625,0.625,0.6875,0.75,0.8125,0.875,0.9375,1.0),(0.0,0.311712928379781,0.623425856759563,0.935138785139344,1.0),.UNSPECIFIED.);
#194=FACE_OUTER_BOUND('',#954,.T.);
#195=B_SPLINE_SURFACE_WITH_KNOTS('',3,3,((#955,#956,#957,#958,#959,#960,#961),(#962,#963,#964,#965,#966,#967,#968),(#969,#970,#971,#972,#973,#974,#975),(#976,#977,#978,#979,#980,#981,#982),(#983,#984,#985,#986,#987,#988,#989),(#990,#991,#992,#993,#994,#995,#996),(#997,#998,#999,#1000,#1001,#1002,#1003),(#1004,#1005,#1006,#1007,#1008,#1009,#1010),(#1011,#1012,#1013,#1014,#1015,#1016,#1017),(#1018,#1019,#1020,#1021,#1022,#1023,#1024),(#1025,#1026,#1027,#1028,#1029,#1030,#1031),(#1032,#1033,#1034,#1035,#1036,#1037,#1038),(#1039,#1040,#1041,#1042,#1043,#1044,#1045),(#1046,#1047,#1048,#1049,#1050,#1051,#1052),(#1053,#1054,#1055,#1056,#1057,#1058,#1059),(#1060,#1061,#1062,#1063,#1064,#1065,#1066),(#1067,#1068,#1069,#1070,#1071,#1072,#1073),(#1074,#1075,#1076,#1077,#1078,#1079,#1080),(#1081,#1082,#1083,#1084,#1085,#1086,#1087)),.UNSPECIFIED.,.T.,.F.,.F.,(4,1,1,1,1,1,1,1,1,1,1,1,1,1,1,1,4),(4,1,1,1,4),(0.0,0.0625,0.125,0.1875,0.25,0.3125,0.375,0.4375,0.5,0.5625,0.625,0.6875,0.75,0.8125,0.875,0.9375,1.0),(0.0,0.309537871227711,0.619075742455423,0.928613613683134,1.0),.UNSPECIFIED.);
#196=FACE_OUTER_BOUND('',#1088,.T.);
#197=B_SPLINE_SURFACE_WITH_KNOTS('',3,3,((#1089,#1090,#1091,#1092,#1093,#1094,#1095),(#1096,#1097,#1098,#1099,#1100,#1101,#1102),(#1103,#1104,#1105,#1106,#1107,#1108,#1109),(#1110,#1111,#1112,#1113,#1114,#1115,#1116),(#1117,#1118,#1119,#1120,#1121,#1122,#1123),(#1124,#1125,#1126,#1127,#1128,#1129,#1130),(#1131,#1132,#1133,#1134,#1135,#1136,#1137),(#1138,#1139,#1140,#1141,#1142,#1143,#1144),(#1145,#1146,#1147,#1148,#1149,#1150,#1151),(#1152,#1153,#1154,#1155,#1156,#1157,#1158),(#1159,#1160,#1161,#1162,#1163,#1164,#1165),(#1166,#1167,#1168,#1169,#1170,#1171,#1172),(#1173,#1174,#1175,#1176,#1177,#1178,#1179),(#1180,#1181,#1182,#1183,#1184,#1185,#1186),(#1187,#1188,#1189,#1190,#1191,#1192,#1193),(#1194,#1195,#1196,#1197,#1198,#1199,#1200),(#1201,#1202,#1203,#1204,#1205,#1206,#1207),(#1208,#1209,#1210,#1211,#1212,#1213,#1214),(#1215,#1216,#1217,#1218,#1219,#1220,#1221)),.UNSPECIFIED.,.T.,.F.,.F.,(4,1,1,1,1,1,1,1,1,1,1,1,1,1,1,1,4),(4,1,1,1,4),(0.0,0.0625,0.125,0.1875,0.25,0.3125,0.375,0.4375,0.5,0.5625,0.625,0.6875,0.75,0.8125,0.875,0.9375,1.0),(0.0,0.311831537489751,0.623663074979503,0.935494612469254,1.0),.UNSPECIFIED.);
#198=FACE_OUTER_BOUND('',#1222,.T.);
#199=TOROIDAL_SURFACE('',#1223,0.7,0.300000000000001);
#200=FACE_OUTER_BOUND('',#1224,.T.);
#201=TOROIDAL_SURFACE('',#1225,0.7,0.300000000000001);
#202=FACE_OUTER_BOUND('',#1226,.T.);
#203=TOROIDAL_SURFACE('',#1227,0.7,0.300000000000001);
#204=FACE_OUTER_BOUND('',#1228,.T.);
#205=CYLINDRICAL_SURFACE('',#1229,0.349999999999998);
#206=FACE_OUTER_BOUND('',#1230,.T.);
#207=CYLINDRICAL_SURFACE('',#1231,0.349999999999998);
#208=FACE_OUTER_BOUND('',#1232,.T.);
#209=CYLINDRICAL_SURFACE('',#1233,0.300000000000001);
#210=FACE_OUTER_BOUND('',#1234,.T.);
#211=CYLINDRICAL_SURFACE('',#1235,0.300000000000001);
#212=FACE_OUTER_BOUND('',#1236,.T.);
#213=CYLINDRICAL_SURFACE('',#1237,0.300000000000001);
#214=FACE_OUTER_BOUND('',#1238,.T.);
#215=CYLINDRICAL_SURFACE('',#1239,0.300000000000001);
#216=FACE_OUTER_BOUND('',#1240,.T.);
#217=CYLINDRICAL_SURFACE('',#1241,0.300000000000001);
#218=FACE_OUTER_BOUND('',#1242,.T.);
#219=CYLINDRICAL_SURFACE('',#1243,0.300000000000001);
#220=FACE_OUTER_BOUND('',#1244,.T.);
#221=CYLINDRICAL_SURFACE('',#1245,0.300000000000001);
#222=FACE_OUTER_BOUND('',#1246,.T.);
#223=CYLINDRICAL_SURFACE('',#1247,0.300000000000001);
#224=FACE_OUTER_BOUND('',#1248,.T.);
#225=CYLINDRICAL_SURFACE('',#1249,0.300000000000001);
#226=FACE_OUTER_BOUND('',#1250,.T.);
#227=CYLINDRICAL_SURFACE('',#1251,0.349999999999998);
#228=FACE_BOUND('',#1252,.T.);
#229=FACE_BOUND('',#1253,.T.);
#230=FACE_BOUND('',#1254,.T.);
#231=FACE_OUTER_BOUND('',#1255,.T.);
#232=PLANE('',#1256);
#233=FACE_BOUND('',#1257,.T.);
#234=FACE_BOUND('',#1258,.T.);
#235=FACE_BOUND('',#1259,.T.);
#236=FACE_OUTER_BOUND('',#1260,.T.);
#237=PLANE('',#1261);
#238=FACE_OUTER_BOUND('',#1262,.T.);
#239=TOROIDAL_SURFACE('',#1263,0.7,0.300000000000001);
#240=FACE_OUTER_BOUND('',#1264,.T.);
#241=TOROIDAL_SURFACE('',#1265,0.7,0.300000000000001);
#242=FACE_BOUND('',#1266,.T.);
#243=FACE_OUTER_BOUND('',#1267,.T.);
#244=FACE_BOUND('',#1268,.T.);
#245=FACE_BOUND('',#1269,.T.);
#246=PLANE('',#1270);
#247=FACE_OUTER_BOUND('',#1271,.T.);
#248=PLANE('',#1272);
#249=FACE_OUTER_BOUND('',#1273,.T.);
#250=CYLINDRICAL_SURFACE('',#1274,0.349999999999998);
#251=FACE_OUTER_BOUND('',#1275,.T.);
#252=PLANE('',#1276);
#253=FACE_OUTER_BOUND('',#1277,.T.);
#254=PLANE('',#1278);
#255=FACE_OUTER_BOUND('',#1279,.T.);
#256=PLANE('',#1280);
#257=FACE_OUTER_BOUND('',#1281,.T.);
#258=PLANE('',#1282);
#259=FACE_OUTER_BOUND('',#1283,.T.);
#260=PLANE('',#1284);
#261=FACE_OUTER_BOUND('',#1285,.T.);
#262=PLANE('',#1286);
#263=FACE_OUTER_BOUND('',#1287,.T.);
#264=PLANE('',#1288);
#265=FACE_OUTER_BOUND('',#1289,.T.);
#266=PLANE('',#1290);
#267=FACE_OUTER_BOUND('',#1291,.T.);
#268=PLANE('',#1292);
#269=FACE_OUTER_BOUND('',#1293,.T.);
#270=PLANE('',#1294);
#271=FACE_OUTER_BOUND('',#1295,.T.);
#272=PLANE('',#1296);
#273=FACE_OUTER_BOUND('',#1297,.T.);
#274=PLANE('',#1298);
#275=FACE_OUTER_BOUND('',#1299,.T.);
#276=PLANE('',#1300);
#277=FACE_OUTER_BOUND('',#1301,.T.);
#278=PLANE('',#1302);
#279=FACE_OUTER_BOUND('',#1303,.T.);
#280=PLANE('',#1304);
#281=FACE_OUTER_BOUND('',#1305,.T.);
#282=PLANE('',#1306);
#283=FACE_OUTER_BOUND('',#1307,.T.);
#284=PLANE('',#1308);
#285=FACE_OUTER_BOUND('',#1309,.T.);
#286=PLANE('',#1310);
#287=FACE_OUTER_BOUND('',#1311,.T.);
#288=PLANE('',#1312);
#289=FACE_OUTER_BOUND('',#1313,.T.);
#290=PLANE('',#1314);
#291=FACE_OUTER_BOUND('',#1315,.T.);
#292=PLANE('',#1316);
#293=FACE_OUTER_BOUND('',#1317,.T.);
#294=PLANE('',#1318);
#295=FACE_OUTER_BOUND('',#1319,.T.);
#296=PLANE('',#1320);
#297=FACE_OUTER_BOUND('',#1321,.T.);
#298=PLANE('',#1322);
#299=FACE_OUTER_BOUND('',#1323,.T.);
#300=PLANE('',#1324);
#301=FACE_OUTER_BOUND('',#1325,.T.);
#302=PLANE('',#1326);
#303=FACE_OUTER_BOUND('',#1327,.T.);
#304=PLANE('',#1328);
#305=FACE_BOUND('',#1329,.T.);
#306=FACE_BOUND('',#1330,.T.);
#307=FACE_BOUND('',#1331,.T.);
#308=FACE_OUTER_BOUND('',#1332,.T.);
#309=PLANE('',#1333);
#310=FACE_OUTER_BOUND('',#1334,.T.);
#311=PLANE('',#1335);
#312=FACE_OUTER_BOUND('',#1336,.T.);
#313=PLANE('',#1337);
#314=FACE_OUTER_BOUND('',#1338,.T.);
#315=PLANE('',#1339);
#316=FACE_OUTER_BOUND('',#1340,.T.);
#317=PLANE('',#1341);
#318=FACE_OUTER_BOUND('',#1342,.T.);
#319=PLANE('',#1343);
#320=FACE_OUTER_BOUND('',#1344,.T.);
#321=PLANE('',#1345);
#322=FACE_OUTER_BOUND('',#1346,.T.);
#323=PLANE('',#1347);
#324=FACE_OUTER_BOUND('',#1348,.T.);
#325=PLANE('',#1349);
#326=FACE_OUTER_BOUND('',#1350,.T.);
#327=PLANE('',#1351);
#328=FACE_OUTER_BOUND('',#1352,.T.);
#329=PLANE('',#1353);
#330=FACE_OUTER_BOUND('',#1354,.T.);
#331=PLANE('',#1355);
#332=FACE_OUTER_BOUND('',#1356,.T.);
#333=PLANE('',#1357);
#334=FACE_OUTER_BOUND('',#1358,.T.);
#335=PLANE('',#1359);
#336=FACE_OUTER_BOUND('',#1360,.T.);
#337=PLANE('',#1361);
#338=FACE_OUTER_BOUND('',#1362,.T.);
#339=PLANE('',#1363);
#340=FACE_OUTER_BOUND('',#1364,.T.);
#341=PLANE('',#1365);
#342=FACE_OUTER_BOUND('',#1366,.T.);
#343=PLANE('',#1367);
#344=FACE_OUTER_BOUND('',#1368,.T.);
#345=PLANE('',#1369);
#346=FACE_OUTER_BOUND('',#1370,.T.);
#347=PLANE('',#1371);
#348=FACE_OUTER_BOUND('',#1372,.T.);
#349=PLANE('',#1373);
#350=FACE_OUTER_BOUND('',#1374,.T.);
#351=PLANE('',#1375);
#352=FACE_OUTER_BOUND('',#1376,.T.);
#353=PLANE('',#1377);
#354=FACE_OUTER_BOUND('',#1378,.T.);
#355=PLANE('',#1379);
#356=FACE_OUTER_BOUND('',#1380,.T.);
#357=PLANE('',#1381);
#358=FACE_OUTER_BOUND('',#1382,.T.);
#359=PLANE('',#1383);
#360=FACE_OUTER_BOUND('',#1384,.T.);
#361=PLANE('',#1385);
#362=FACE_OUTER_BOUND('',#1386,.T.);
#363=PLANE('',#1387);
#364=FACE_OUTER_BOUND('',#1388,.T.);
#365=PLANE('',#1389);
#366=FACE_OUTER_BOUND('',#1390,.T.);
#367=PLANE('',#1391);
#368=FACE_OUTER_BOUND('',#1392,.T.);
#369=PLANE('',#1393);
#370=FACE_OUTER_BOUND('',#1394,.T.);
#371=PLANE('',#1395);
#372=FACE_OUTER_BOUND('',#1396,.T.);
#373=PLANE('',#1397);
#374=FACE_OUTER_BOUND('',#1398,.T.);
#375=PLANE('',#1399);
#376=FACE_OUTER_BOUND('',#1400,.T.);
#377=PLANE('',#1401);
#378=FACE_OUTER_BOUND('',#1402,.T.);
#379=PLANE('',#1403);
#380=FACE_OUTER_BOUND('',#1404,.T.);
#381=PLANE('',#1405);
#382=FACE_OUTER_BOUND('',#1406,.T.);
#383=PLANE('',#1407);
#384=FACE_OUTER_BOUND('',#1408,.T.);
#385=PLANE('',#1409);
#386=FACE_OUTER_BOUND('',#1410,.T.);
#387=PLANE('',#1411);
#388=FACE_OUTER_BOUND('',#1412,.T.);
#389=PLANE('',#1413);
#390=FACE_OUTER_BOUND('',#1414,.T.);
#391=PLANE('',#1415);
#392=FACE_OUTER_BOUND('',#1416,.T.);
#393=PLANE('',#1417);
#394=FACE_OUTER_BOUND('',#1418,.T.);
#395=PLANE('',#1419);
#396=FACE_OUTER_BOUND('',#1420,.T.);
#397=PLANE('',#1421);
#398=FACE_OUTER_BOUND('',#1422,.T.);
#399=TOROIDAL_SURFACE('',#1423,0.7,0.300000000000001);
#400=FACE_OUTER_BOUND('',#1424,.T.);
#401=CYLINDRICAL_SURFACE('',#1425,0.300000000000001);
#402=FACE_OUTER_BOUND('',#1426,.T.);
#403=CYLINDRICAL_SURFACE('',#1427,0.300000000000001);
#404=FACE_OUTER_BOUND('',#1428,.T.);
#405=CYLINDRICAL_SURFACE('',#1429,0.300000000000001);
#406=FACE_OUTER_BOUND('',#1430,.T.);
#407=PLANE('',#1431);
#408=FACE_OUTER_BOUND('',#1432,.T.);
#409=PLANE('',#1433);
#410=FACE_OUTER_BOUND('',#1434,.T.);
#411=CYLINDRICAL_SURFACE('',#1435,0.300000000000001);
#412=FACE_OUTER_BOUND('',#1436,.T.);
#413=CYLINDRICAL_SURFACE('',#1437,0.300000000000001);
#414=FACE_OUTER_BOUND('',#1438,.T.);
#415=CYLINDRICAL_SURFACE('',#1439,0.300000000000001);
#416=FACE_OUTER_BOUND('',#1440,.T.);
#417=PLANE('',#1441);
#418=FACE_OUTER_BOUND('',#1442,.T.);
#419=CYLINDRICAL_SURFACE('',#1443,0.300000000000001);
#420=FACE_OUTER_BOUND('',#1444,.T.);
#421=CYLINDRICAL_SURFACE('',#1445,0.300000000000001);
#422=FACE_OUTER_BOUND('',#1446,.T.);
#423=CYLINDRICAL_SURFACE('',#1447,0.300000000000001);
#424=FACE_OUTER_BOUND('',#1448,.T.);
#425=B_SPLINE_SURFACE_WITH_KNOTS('',3,3,((#1449,#1450,#1451,#1452,#1453,#1454,#1455),(#1456,#1457,#1458,#1459,#1460,#1461,#1462),(#1463,#1464,#1465,#1466,#1467,#1468,#1469),(#1470,#1471,#1472,#1473,#1474,#1475,#1476),(#1477,#1478,#1479,#1480,#1481,#1482,#1483),(#1484,#1485,#1486,#1487,#1488,#1489,#1490),(#1491,#1492,#1493,#1494,#1495,#1496,#1497),(#1498,#1499,#1500,#1501,#1502,#1503,#1504),(#1505,#1506,#1507,#1508,#1509,#1510,#1511),(#1512,#1513,#1514,#1515,#1516,#1517,#1518),(#1519,#1520,#1521,#1522,#1523,#1524,#1525),(#1526,#1527,#1528,#1529,#1530,#1531,#1532),(#1533,#1534,#1535,#1536,#1537,#1538,#1539),(#1540,#1541,#1542,#1543,#1544,#1545,#1546),(#1547,#1548,#1549,#1550,#1551,#1552,#1553),(#1554,#1555,#1556,#1557,#1558,#1559,#1560),(#1561,#1562,#1563,#1564,#1565,#1566,#1567),(#1568,#1569,#1570,#1571,#1572,#1573,#1574),(#1575,#1576,#1577,#1578,#1579,#1580,#1581)),.UNSPECIFIED.,.T.,.F.,.F.,(4,1,1,1,1,1,1,1,1,1,1,1,1,1,1,1,4),(4,1,1,1,4),(0.0,0.0625,0.125,0.1875,0.25,0.3125,0.375,0.4375,0.5,0.5625,0.625,0.6875,0.75,0.8125,0.875,0.9375,1.0),(0.0,0.311831537489751,0.623663074979503,0.935494612469254,1.0),.UNSPECIFIED.);
#426=FACE_OUTER_BOUND('',#1582,.T.);
#427=PLANE('',#1583);
#428=FACE_OUTER_BOUND('',#1584,.T.);
#429=B_SPLINE_SURFACE_WITH_KNOTS('',1,3,((#1585,#1586,#1587,#1588,#1589,#1590,#1591,#1592,#1593,#1594,#1595,#1596,#1597,#1598,#1599,#1600,#1601,#1602,#1603,#1604,#1605,#1606,#1607,#1608,#1609,#1610,#1611,#1612,#1613,#1614,#1615,#1616,#1617,#1618,#1619,#1620,#1621,#1622),(#1623,#1624,#1625,#1626,#1627,#1628,#1629,#1630,#1631,#1632,#1633,#1634,#1635,#1636,#1637,#1638,#1639,#1640,#1641,#1642,#1643,#1644,#1645,#1646,#1647,#1648,#1649,#1650,#1651,#1652,#1653,#1654,#1655,#1656,#1657,#1658,#1659,#1660)),.UNSPECIFIED.,.F.,.T.,.F.,(2,2),(4,2,2,2,2,2,2,2,2,2,2,2,2,2,2,2,2,2,4),(0.0,1.0),(0.0,0.0625,0.125,0.1875,0.25,0.3125,0.375,0.40625,0.4375,0.46875,0.5,0.5625,0.625,0.6875,0.75,0.8125,0.875,0.9375,1.0),.UNSPECIFIED.);
#430=FACE_OUTER_BOUND('',#1661,.T.);
#431=B_SPLINE_SURFACE_WITH_KNOTS('',3,3,((#1662,#1663,#1664,#1665,#1666,#1667,#1668),(#1669,#1670,#1671,#1672,#1673,#1674,#1675),(#1676,#1677,#1678,#1679,#1680,#1681,#1682),(#1683,#1684,#1685,#1686,#1687,#1688,#1689),(#1690,#1691,#1692,#1693,#1694,#1695,#1696),(#1697,#1698,#1699,#1700,#1701,#1702,#1703),(#1704,#1705,#1706,#1707,#1708,#1709,#1710),(#1711,#1712,#1713,#1714,#1715,#1716,#1717),(#1718,#1719,#1720,#1721,#1722,#1723,#1724),(#1725,#1726,#1727,#1728,#1729,#1730,#1731),(#1732,#1733,#1734,#1735,#1736,#1737,#1738),(#1739,#1740,#1741,#1742,#1743,#1744,#1745),(#1746,#1747,#1748,#1749,#1750,#1751,#1752),(#1753,#1754,#1755,#1756,#1757,#1758,#1759),(#1760,#1761,#1762,#1763,#1764,#1765,#1766),(#1767,#1768,#1769,#1770,#1771,#1772,#1773),(#1774,#1775,#1776,#1777,#1778,#1779,#1780),(#1781,#1782,#1783,#1784,#1785,#1786,#1787),(#1788,#1789,#1790,#1791,#1792,#1793,#1794)),.UNSPECIFIED.,.T.,.F.,.F.,(4,1,1,1,1,1,1,1,1,1,1,1,1,1,1,1,4),(4,1,1,1,4),(0.0,0.0625,0.125,0.1875,0.25,0.3125,0.375,0.4375,0.5,0.5625,0.625,0.6875,0.75,0.8125,0.875,0.9375,1.0),(0.0,0.309537871227711,0.619075742455423,0.928613613683134,1.0),.UNSPECIFIED.);
#432=FACE_OUTER_BOUND('',#1795,.T.);
#433=PLANE('',#1796);
#434=FACE_OUTER_BOUND('',#1797,.T.);
#435=B_SPLINE_SURFACE_WITH_KNOTS('',1,3,((#1798,#1799,#1800,#1801,#1802,#1803,#1804,#1805,#1806,#1807,#1808,#1809,#1810,#1811,#1812,#1813,#1814,#1815,#1816,#1817,#1818,#1819,#1820,#1821,#1822,#1823,#1824,#1825,#1826,#1827,#1828,#1829,#1830,#1831,#1832,#1833,#1834,#1835),(#1836,#1837,#1838,#1839,#1840,#1841,#1842,#1843,#1844,#1845,#1846,#1847,#1848,#1849,#1850,#1851,#1852,#1853,#1854,#1855,#1856,#1857,#1858,#1859,#1860,#1861,#1862,#1863,#1864,#1865,#1866,#1867,#1868,#1869,#1870,#1871,#1872,#1873)),.UNSPECIFIED.,.F.,.T.,.F.,(2,2),(4,2,2,2,2,2,2,2,2,2,2,2,2,2,2,2,2,2,4),(0.0,1.0),(0.0,0.0625000000000001,0.0937500000000001,0.125,0.1875,0.25,0.3125,0.375,0.4375,0.5,0.5625,0.625,0.6875,0.75,0.8125,0.875,0.9375,0.96875,1.0),.UNSPECIFIED.);
#436=FACE_OUTER_BOUND('',#1874,.T.);
#437=B_SPLINE_SURFACE_WITH_KNOTS('',3,3,((#1875,#1876,#1877,#1878,#1879,#1880,#1881),(#1882,#1883,#1884,#1885,#1886,#1887,#1888),(#1889,#1890,#1891,#1892,#1893,#1894,#1895),(#1896,#1897,#1898,#1899,#1900,#1901,#1902),(#1903,#1904,#1905,#1906,#1907,#1908,#1909),(#1910,#1911,#1912,#1913,#1914,#1915,#1916),(#1917,#1918,#1919,#1920,#1921,#1922,#1923),(#1924,#1925,#1926,#1927,#1928,#1929,#1930),(#1931,#1932,#1933,#1934,#1935,#1936,#1937),(#1938,#1939,#1940,#1941,#1942,#1943,#1944),(#1945,#1946,#1947,#1948,#1949,#1950,#1951),(#1952,#1953,#1954,#1955,#1956,#1957,#1958),(#1959,#1960,#1961,#1962,#1963,#1964,#1965),(#1966,#1967,#1968,#1969,#1970,#1971,#1972),(#1973,#1974,#1975,#1976,#1977,#1978,#1979),(#1980,#1981,#1982,#1983,#1984,#1985,#1986),(#1987,#1988,#1989,#1990,#1991,#1992,#1993),(#1994,#1995,#1996,#1997,#1998,#1999,#2000),(#2001,#2002,#2003,#2004,#2005,#2006,#2007)),.UNSPECIFIED.,.T.,.F.,.F.,(4,1,1,1,1,1,1,1,1,1,1,1,1,1,1,1,4),(4,1,1,1,4),(0.0,0.0625,0.125,0.1875,0.25,0.3125,0.375,0.4375,0.5,0.5625,0.625,0.6875,0.75,0.8125,0.875,0.9375,1.0),(0.0,0.311712928379781,0.623425856759563,0.935138785139344,1.0),.UNSPECIFIED.);
#438=FACE_OUTER_BOUND('',#2008,.T.);
#439=PLANE('',#2009);
#440=FACE_OUTER_BOUND('',#2010,.T.);
#441=B_SPLINE_SURFACE_WITH_KNOTS('',1,3,((#2011,#2012,#2013,#2014,#2015,#2016,#2017,#2018,#2019,#2020,#2021,#2022,#2023,#2024,#2025,#2026,#2027,#2028,#2029,#2030,#2031,#2032,#2033,#2034,#2035,#2036,#2037,#2038,#2039,#2040,#2041,#2042,#2043,#2044,#2045,#2046),(#2047,#2048,#2049,#2050,#2051,#2052,#2053,#2054,#2055,#2056,#2057,#2058,#2059,#2060,#2061,#2062,#2063,#2064,#2065,#2066,#2067,#2068,#2069,#2070,#2071,#2072,#2073,#2074,#2075,#2076,#2077,#2078,#2079,#2080,#2081,#2082)),.UNSPECIFIED.,.F.,.T.,.F.,(2,2),(4,2,2,2,2,2,2,2,2,2,2,2,2,2,2,2,2,4),(0.0,1.0),(0.0,0.0625,0.125,0.1875,0.25,0.3125,0.375,0.4375,0.5,0.5625,0.625,0.6875,0.75,0.8125,0.875,0.9375,0.96875,1.0),.UNSPECIFIED.);
#442=FACE_OUTER_BOUND('',#2083,.T.);
#443=PLANE('',#2084);
#444=FACE_OUTER_BOUND('',#2085,.T.);
#445=CYLINDRICAL_SURFACE('',#2086,0.349999999999998);
#446=FACE_OUTER_BOUND('',#2087,.T.);
#447=PLANE('',#2088);
#448=FACE_OUTER_BOUND('',#2089,.T.);
#449=PLANE('',#2090);
#450=FACE_OUTER_BOUND('',#2091,.T.);
#451=PLANE('',#2092);
#452=FACE_OUTER_BOUND('',#2093,.T.);
#453=CYLINDRICAL_SURFACE('',#2094,0.349999999999998);
#454=FACE_OUTER_BOUND('',#2095,.T.);
#455=PLANE('',#2096);
#456=FACE_OUTER_BOUND('',#2097,.T.);
#457=PLANE('',#2098);
#458=FILL_AREA_STYLE('',(#2099));
#459=EDGE_LOOP('',(#2100,#2101,#2102,#2103,#2104));
#460=CARTESIAN_POINT('',(-2.64771353774608,11.8361568549959,-3.62577043699154));
#461=CARTESIAN_POINT('',(-2.65260228088287,11.8531792068838,-3.63196606639533));
#462=CARTESIAN_POINT('',(-2.65337418883457,11.8712309493378,-3.63853636332581));
#463=CARTESIAN_POINT('',(-2.64574652956859,11.9059885866672,-3.65118710872706));
#464=CARTESIAN_POINT('',(-2.63750024759654,11.9221035023444,-3.65705245836116));
#465=CARTESIAN_POINT('',(-2.61449309999717,11.9504579896497,-3.66737264774775));
#466=CARTESIAN_POINT('',(-2.60013480603888,11.9617389360415,-3.67147857644727));
#467=CARTESIAN_POINT('',(-2.56738455216142,11.9796285424375,-3.67798986068097));
#468=CARTESIAN_POINT('',(-2.55005017043193,11.9857812746004,-3.68022927204716));
#469=CARTESIAN_POINT('',(-2.51271953396522,11.991933229405,-3.68246840047653));
#470=CARTESIAN_POINT('',(-2.49390425762946,11.9921829153231,-3.68255927872038));
#471=CARTESIAN_POINT('',(-2.45634494461926,11.9874592266643,-3.68083999665119));
#472=CARTESIAN_POINT('',(-2.4384132955329,11.9819173040649,-3.67882290178686));
#473=CARTESIAN_POINT('',(-2.40506568978102,11.9652032005575,-3.67273946561448));
#474=CARTESIAN_POINT('',(-2.38984985847521,11.9543242273411,-3.66877984318589));
#475=CARTESIAN_POINT('',(-2.36568481708194,11.9270932281967,-3.65886857004859));
#476=CARTESIAN_POINT('',(-2.35614785455942,11.9113863848948,-3.6531517466124));
#477=CARTESIAN_POINT('',(-2.34698887993739,11.8770010043477,-3.64063649159948));
#478=CARTESIAN_POINT('',(-2.34678124807933,11.8588699552315,-3.63403732940524));
#479=CARTESIAN_POINT('',(-2.35458731641648,11.8239440218683,-3.62132532925755));
#480=CARTESIAN_POINT('',(-2.36347839700917,11.8079144295544,-3.61549103478739));
#481=CARTESIAN_POINT('',(-2.38603292276495,11.7798565801997,-3.60527881278591));
#482=CARTESIAN_POINT('',(-2.40055730357764,11.7680429403117,-3.60097899950782));
#483=CARTESIAN_POINT('',(-2.43276943660676,11.7499177988687,-3.5943819875311));
#484=CARTESIAN_POINT('',(-2.45044999763472,11.7433503478995,-3.59199163086309));
#485=CARTESIAN_POINT('',(-2.48726819420033,11.737066440555,-3.58970447563492));
#486=CARTESIAN_POINT('',(-2.50632785926958,11.7367820320463,-3.58960095940315));
#487=CARTESIAN_POINT('',(-2.54361576834239,11.7417290972488,-3.59140154388439));
#488=CARTESIAN_POINT('',(-2.56159172904196,11.7475346780737,-3.5935146024968));
#489=CARTESIAN_POINT('',(-2.59460911971625,11.7647582268673,-3.59978346158626));
#490=CARTESIAN_POINT('',(-2.60956130448675,11.7758130261559,-3.6038070794717));
#491=CARTESIAN_POINT('',(-2.62756240923367,11.7963915521429,-3.61129705039767));
#492=CARTESIAN_POINT('',(-2.63280406849126,11.8037049174479,-3.61395889767983));
#493=CARTESIAN_POINT('',(-2.6417249957468,11.8193303224696,-3.61964608000703));
#494=CARTESIAN_POINT('',(-2.64526916617769,11.827645679052,-3.62267262228964));
#495=CARTESIAN_POINT('',(-2.64771353774608,11.8361568549959,-3.62577043699154));
#496=CARTESIAN_POINT('',(-2.79055210845388,11.9609199240995,-3.16994584265072));
#497=CARTESIAN_POINT('',(-2.8013347071966,11.9983028080406,-3.18290135599347));
#498=CARTESIAN_POINT('',(-2.80299916768408,12.0394360178069,-3.19750153173346));
#499=CARTESIAN_POINT('',(-2.78605966364015,12.1164200655733,-3.22560843753878));
#500=CARTESIAN_POINT('',(-2.76705410514921,12.1531860971304,-3.23942426532738));
#501=CARTESIAN_POINT('',(-2.71996255367554,12.2105699515515,-3.26136907314855));
#502=CARTESIAN_POINT('',(-2.68823283243342,12.2352155265303,-3.27101675931475));
#503=CARTESIAN_POINT('',(-2.62805099114697,12.2676287956891,-3.28374963109714));
#504=CARTESIAN_POINT('',(-2.59342071233152,12.2801525108836,-3.28874897579853));
#505=CARTESIAN_POINT('',(-2.52123416131607,12.2916712188703,-3.29334381041274));
#506=CARTESIAN_POINT('',(-2.49035054707182,12.2919773566579,-3.29346476633402));
#507=CARTESIAN_POINT('',(-2.41963791466993,12.2834533266715,-3.29006640852686));
#508=CARTESIAN_POINT('',(-2.3828959384279,12.2720000783375,-3.28548230071971));
#509=CARTESIAN_POINT('',(-2.32154451622216,12.241578056171,-3.27350620795567));
#510=CARTESIAN_POINT('',(-2.28947974481049,12.2191751045412,-3.26470415593143));
#511=CARTESIAN_POINT('',(-2.23934937589849,12.1630715164128,-3.24317128117527));
#512=CARTESIAN_POINT('',(-2.21922228542795,12.1317874961235,-3.23128741981654));
#513=CARTESIAN_POINT('',(-2.19712262339251,12.0480902331314,-3.20061310966858));
#514=CARTESIAN_POINT('',(-2.19695310359406,12.0145546370071,-3.18860690910033));
#515=CARTESIAN_POINT('',(-2.21510485471688,11.9319651639741,-3.1598507473133));
#516=CARTESIAN_POINT('',(-2.23472009017814,11.898112333402,-3.14842089201918));
#517=CARTESIAN_POINT('',(-2.27924221868636,11.8421719738046,-3.12965251580062));
#518=CARTESIAN_POINT('',(-2.3109637705623,11.8162134939188,-3.12115784017115));
#519=CARTESIAN_POINT('',(-2.37007050722183,11.7827734549385,-3.11017863014163));
#520=CARTESIAN_POINT('',(-2.40560468210158,11.7689447066645,-3.10572480572255));
#521=CARTESIAN_POINT('',(-2.47836269321928,11.7566342980237,-3.1017504991779));
#522=CARTESIAN_POINT('',(-2.51018245866437,11.7562491131565,-3.10162298144484));
#523=CARTESIAN_POINT('',(-2.58201924115707,11.7656040017647,-3.1046481919316));
#524=CARTESIAN_POINT('',(-2.61923707474701,11.7780752485586,-3.10864966715922));
#525=CARTESIAN_POINT('',(-2.67999346781326,11.8101158772022,-3.11914870222153));
#526=CARTESIAN_POINT('',(-2.71126267353259,11.8332684374264,-3.12671692975284));
#527=CARTESIAN_POINT('',(-2.74797129141043,11.8755264845886,-3.14082323687749));
#528=CARTESIAN_POINT('',(-2.75842938504601,11.890285834896,-3.14579249813769));
#529=CARTESIAN_POINT('',(-2.7770552942425,11.9230378933249,-3.15690773898382));
#530=CARTESIAN_POINT('',(-2.78516080908252,11.942228482129,-3.16346808597935));
#531=CARTESIAN_POINT('',(-2.79055210845388,11.9609199240995,-3.16994584265072));
#532=EDGE_LOOP('',(#2105,#2106,#2107,#2108,#2109,#2110));
#533=CARTESIAN_POINT('',(0.146891718461414,11.8721017174946,-3.64096307414369));
#534=CARTESIAN_POINT('',(0.152248079881386,11.8552068664927,-3.64711229702148));
#535=CARTESIAN_POINT('',(0.15344292661621,11.8371203362215,-3.65369525568029));
#536=CARTESIAN_POINT('',(0.148409460992274,11.8111408284547,-3.66315102320874));
#537=CARTESIAN_POINT('',(0.145616475398489,11.8025005686327,-3.66629582060042));
#538=CARTESIAN_POINT('',(0.13800260011067,11.7865270421086,-3.67210970879171));
#539=CARTESIAN_POINT('',(0.13326555820725,11.7789755796828,-3.67485821633966));
#540=CARTESIAN_POINT('',(0.116430889058586,11.7575653537189,-3.68265090129844));
#541=CARTESIAN_POINT('',(0.102333815160019,11.74597013453,-3.68687121594374));
#542=CARTESIAN_POINT('',(0.06994995720623,11.7277110700712,-3.69351697191215));
#543=CARTESIAN_POINT('',(0.0525884716395693,11.7212704320934,-3.69586117242597));
#544=CARTESIAN_POINT('',(0.0158229773508054,11.7145650823088,-3.69830172015761));
#545=CARTESIAN_POINT('',(-0.00311285885769707,11.714066100484,-3.69848333469035));
#546=CARTESIAN_POINT('',(-0.0405920381845653,11.7181361270251,-3.69700196617488));
#547=CARTESIAN_POINT('',(-0.0586464051149526,11.7232466719044,-3.69514187996099));
#548=CARTESIAN_POINT('',(-0.0922776039138015,11.7393378355448,-3.68928517535687));
#549=CARTESIAN_POINT('',(-0.107705696454681,11.7498023394353,-3.68547640742654));
#550=CARTESIAN_POINT('',(-0.132605128697997,11.7763961678355,-3.67579704547364));
#551=CARTESIAN_POINT('',(-0.142488977746189,11.7918983003902,-3.67015473065614));
#552=CARTESIAN_POINT('',(-0.152745552615428,11.8258111929173,-3.65781144721837));
#553=CARTESIAN_POINT('',(-0.153301700721009,11.8439629861601,-3.65120473477917));
#554=CARTESIAN_POINT('',(-0.146508637861667,11.8788846694443,-3.63849428153381));
#555=CARTESIAN_POINT('',(-0.137892107916799,11.8952408086712,-3.63254113370649));
#556=CARTESIAN_POINT('',(-0.116012601848275,11.9234660618084,-3.62226798171175));
#557=CARTESIAN_POINT('',(-0.101631357213296,11.9356537546533,-3.61783202429091));
#558=CARTESIAN_POINT('',(-0.0699265124962753,11.9540940467146,-3.61112030686944));
#559=CARTESIAN_POINT('',(-0.0521755114416003,11.9610315978704,-3.60859524474894));
#560=CARTESIAN_POINT('',(-0.0157712777958886,11.9678960425741,-3.60609679120311));
#561=CARTESIAN_POINT('',(0.00342792631849473,11.9684275281342,-3.60590334627912));
#562=CARTESIAN_POINT('',(0.0405300760172423,11.9641867774984,-3.60744685328182));
#563=CARTESIAN_POINT('',(0.0587964406624259,11.9587470147121,-3.60942676501626));
#564=CARTESIAN_POINT('',(0.0919570939881034,11.9422067461063,-3.61544693045774));
#565=CARTESIAN_POINT('',(0.10720176555195,11.931531772423,-3.61933230312768));
#566=CARTESIAN_POINT('',(0.125706625047534,11.9113610872001,-3.62667383215546));
#567=CARTESIAN_POINT('',(0.131156533186979,11.9041147213336,-3.62931129363553));
#568=CARTESIAN_POINT('',(0.140408443012729,11.888804207542,-3.63488386492703));
#569=CARTESIAN_POINT('',(0.144213537751428,11.8805491429955,-3.63788846270479));
#570=CARTESIAN_POINT('',(0.146891718461414,11.8721017174946,-3.64096307414369));
#571=CARTESIAN_POINT('',(0.288717481105014,11.7506601647294,-3.18375388427792));
#572=CARTESIAN_POINT('',(0.300691660676431,11.7131484107824,-3.19684195302533));
#573=CARTESIAN_POINT('',(0.303107362945724,11.6720382014971,-3.21155504153193));
#574=CARTESIAN_POINT('',(0.291984948694789,11.6143463190862,-3.23276685008279));
#575=CARTESIAN_POINT('',(0.285649403223607,11.5947852318787,-3.24005606000217));
#576=CARTESIAN_POINT('',(0.268232908924534,11.5584384416449,-3.25378045972304));
#577=CARTESIAN_POINT('',(0.258459479574746,11.5430728344749,-3.25964522943786));
#578=CARTESIAN_POINT('',(0.223365384920035,11.4989784304412,-3.27665120810337));
#579=CARTESIAN_POINT('',(0.192273173052082,11.4739475480978,-3.28652950374948));
#580=CARTESIAN_POINT('',(0.132544238533192,11.4408182143304,-3.29964356740784));
#581=CARTESIAN_POINT('',(0.0980289660610467,11.4280072086312,-3.30479924160623));
#582=CARTESIAN_POINT('',(0.0271799305289534,11.4151649236721,-3.3099655683157));
#583=CARTESIAN_POINT('',(-0.0045548447791635,11.4145996806529,-3.31019105057817));
#584=CARTESIAN_POINT('',(-0.0740058239246561,11.4217943930702,-3.3073007069252));
#585=CARTESIAN_POINT('',(-0.111126998041757,11.4322627354758,-3.3030651054958));
#586=CARTESIAN_POINT('',(-0.173440250290976,11.4618251036701,-3.29131494326096));
#587=CARTESIAN_POINT('',(-0.204817509764599,11.4824169797637,-3.28313657450462));
#588=CARTESIAN_POINT('',(-0.257346279557535,11.53809153398,-3.26150958536478));
#589=CARTESIAN_POINT('',(-0.277363648794083,11.5675665035809,-3.25018460908776));
#590=CARTESIAN_POINT('',(-0.302387817130219,11.6508563249649,-3.21922352297777));
#591=CARTESIAN_POINT('',(-0.303131980769204,11.6852168960572,-3.20679537879798));
#592=CARTESIAN_POINT('',(-0.287493976231562,11.7668326820026,-3.17799619794169));
#593=CARTESIAN_POINT('',(-0.267704132414971,11.803086213938,-3.16561814989851));
#594=CARTESIAN_POINT('',(-0.22488573823029,11.8587877252971,-3.1467311685462));
#595=CARTESIAN_POINT('',(-0.193116688864856,11.8859300268876,-3.13775247341302));
#596=CARTESIAN_POINT('',(-0.134712204547957,11.9200248056175,-3.12646335626521));
#597=CARTESIAN_POINT('',(-0.0996965406257567,11.9343478046633,-3.12179891136237));
#598=CARTESIAN_POINT('',(-0.0272044723665451,11.947958259113,-3.11736979563292));
#599=CARTESIAN_POINT('',(0.00516048877701964,11.9486760501571,-3.1171313181149));
#600=CARTESIAN_POINT('',(0.0754954162319842,11.9408252828959,-3.11969344038493));
#601=CARTESIAN_POINT('',(0.113598192212823,11.9291698716404,-3.12346421799768));
#602=CARTESIAN_POINT('',(0.17501435570179,11.8981210231087,-3.13370554244002));
#603=CARTESIAN_POINT('',(0.205991020497758,11.8765153998385,-3.14082872273108));
#604=CARTESIAN_POINT('',(0.244167575470913,11.8346092701426,-3.15491192865907));
#605=CARTESIAN_POINT('',(0.255006410362962,11.8199889762836,-3.1598695324709));
#606=CARTESIAN_POINT('',(0.274093070758359,11.7883147689764,-3.1707000208458));
#607=CARTESIAN_POINT('',(0.282730391319305,11.7694160417029,-3.17720984990422));
#608=CARTESIAN_POINT('',(0.288717481105014,11.7506601647294,-3.18375388427792));
#609=EDGE_LOOP('',(#2111,#2112,#2113,#2114,#2115,#2116));
#610=CARTESIAN_POINT('',(2.79055210845409,11.9609199241002,-3.16994584265119));
#611=CARTESIAN_POINT('',(2.80165265359653,11.9988147448764,-3.1830699713669));
#612=CARTESIAN_POINT('',(2.80283734535504,12.0397348397355,-3.19761387415026));
#613=CARTESIAN_POINT('',(2.78612477156523,12.1165636830613,-3.22565757626123));
#614=CARTESIAN_POINT('',(2.76681737886091,12.1536422262868,-3.23959501575744));
#615=CARTESIAN_POINT('',(2.71976220838418,12.2106465473454,-3.26140199086274));
#616=CARTESIAN_POINT('',(2.68745740583836,12.2357342638782,-3.27121964676706));
#617=CARTESIAN_POINT('',(2.6273560342656,12.2679032621073,-3.28385859576537));
#618=CARTESIAN_POINT('',(2.59171224153712,12.2806001293577,-3.2889275860179));
#619=CARTESIAN_POINT('',(2.51987854023099,12.2917230589199,-3.29336445013088));
#620=CARTESIAN_POINT('',(2.48880239628566,12.2919278144215,-3.29344508222951));
#621=CARTESIAN_POINT('',(2.41843716972069,12.2831465819445,-3.28994392465732));
#622=CARTESIAN_POINT('',(2.38218237296589,12.2717751222277,-3.28539367550235));
#623=CARTESIAN_POINT('',(2.33595641691441,12.2486585423389,-3.27629341604011));
#624=CARTESIAN_POINT('',(2.32089833119584,12.2396123391907,-3.27274239295402));
#625=CARTESIAN_POINT('',(2.29150688337385,12.2181693936493,-3.26437659063572));
#626=CARTESIAN_POINT('',(2.27625318946451,12.2044653903425,-3.25905548218991));
#627=CARTESIAN_POINT('',(2.25161061170625,12.1767044601939,-3.2484067138331));
#628=CARTESIAN_POINT('',(2.24086962566907,12.1619903625842,-3.24280761020409));
#629=CARTESIAN_POINT('',(2.22201265095801,12.1293899462518,-3.23053317989804));
#630=CARTESIAN_POINT('',(2.21340035837681,12.1098110951433,-3.22323281996383));
#631=CARTESIAN_POINT('',(2.19716332515337,12.0481437358649,-3.20063308404262));
#632=CARTESIAN_POINT('',(2.19703984950627,12.0136668520087,-3.18829348290814));
#633=CARTESIAN_POINT('',(2.21526006731977,11.9317988452049,-3.15979721843285));
#634=CARTESIAN_POINT('',(2.23480552505626,11.8979525914042,-3.14836611635341));
#635=CARTESIAN_POINT('',(2.27964463180645,11.8417245339855,-3.12950376432958));
#636=CARTESIAN_POINT('',(2.3113905940753,11.8159011539662,-3.12105504315981));
#637=CARTESIAN_POINT('',(2.37062377866103,11.7825280031805,-3.11009864302562));
#638=CARTESIAN_POINT('',(2.40623544917996,11.7687180372111,-3.10565183019261));
#639=CARTESIAN_POINT('',(2.47943434247135,11.7565641317135,-3.10172765355519));
#640=CARTESIAN_POINT('',(2.51092094178688,11.7562402230198,-3.10162032198201));
#641=CARTESIAN_POINT('',(2.58329393617341,11.7658924918357,-3.10474112235683));
#642=CARTESIAN_POINT('',(2.61978821899917,11.7783259389749,-3.10873115417403));
#643=CARTESIAN_POINT('',(2.68047973918834,11.8104106955807,-3.11924566568945));
#644=CARTESIAN_POINT('',(2.71142149557345,11.8333227417924,-3.12673349203595));
#645=CARTESIAN_POINT('',(2.76033598721021,11.8898889712638,-3.14561921415545));
#646=CARTESIAN_POINT('',(2.77945156331166,11.9230251033241,-3.15682171393547));
#647=CARTESIAN_POINT('',(2.79055210845409,11.9609199241002,-3.16994584265119));
#648=CARTESIAN_POINT('',(2.64771353774618,11.8361568549962,-3.62577043699195));
#649=CARTESIAN_POINT('',(2.65268172326068,11.8533452664061,-3.63202650711946));
#650=CARTESIAN_POINT('',(2.65329885792779,11.8713709478833,-3.63858731862914));
#651=CARTESIAN_POINT('',(2.64577821663221,11.906048309474,-3.6512088460511));
#652=CARTESIAN_POINT('',(2.6373772066831,11.9223283011054,-3.65713427841892));
#653=CARTESIAN_POINT('',(2.6144051250603,11.9504919409698,-3.66738500501761));
#654=CARTESIAN_POINT('',(2.59973931556048,11.9620108921331,-3.67157756037128));
#655=CARTESIAN_POINT('',(2.56700112012728,11.9797809211652,-3.67804532200053));
#656=CARTESIAN_POINT('',(2.54920086890692,11.9860083618822,-3.68031192505713));
#657=CARTESIAN_POINT('',(2.51196121589362,11.9919713231954,-3.68248226548352));
#658=CARTESIAN_POINT('',(2.49302324144551,11.9921489526956,-3.68254691733466));
#659=CARTESIAN_POINT('',(2.45576299121929,11.9873012980496,-3.68078251533667));
#660=CARTESIAN_POINT('',(2.43791215254391,11.9817313245268,-3.67875521077059));
#661=CARTESIAN_POINT('',(2.41297174037809,11.9691326285675,-3.67416966044875));
#662=CARTESIAN_POINT('',(2.40512629888148,11.9643493748174,-3.67242869845974));
#663=CARTESIAN_POINT('',(2.39044802214266,11.9535153858416,-3.66848544895784));
#664=CARTESIAN_POINT('',(2.38356825549685,11.9472652927204,-3.66621060109768));
#665=CARTESIAN_POINT('',(2.37149769885643,11.9336259047109,-3.66124626985052));
#666=CARTESIAN_POINT('',(2.36624386722374,11.9263608292059,-3.65860199861646));
#667=CARTESIAN_POINT('',(2.3573613119374,11.9108826205266,-3.65296839137753));
#668=CARTESIAN_POINT('',(2.35376041704738,11.9024508071014,-3.64989946226971));
#669=CARTESIAN_POINT('',(2.3469487087131,11.8768056920518,-3.64056540373724));
#670=CARTESIAN_POINT('',(2.34682209349682,11.8584684734968,-3.6338912020044));
#671=CARTESIAN_POINT('',(2.35465205450447,11.823887748369,-3.62130484737864));
#672=CARTESIAN_POINT('',(2.36353024060984,11.8078252403287,-3.61545857256423));
#673=CARTESIAN_POINT('',(2.38622461915975,11.7796452206997,-3.60520188421896));
#674=CARTESIAN_POINT('',(2.40077689166265,11.7678807566799,-3.60091996949299));
#675=CARTESIAN_POINT('',(2.43306929844075,11.7497874281612,-3.59433453647456));
#676=CARTESIAN_POINT('',(2.45074532374382,11.743241622711,-3.59195205813076));
#677=CARTESIAN_POINT('',(2.48784818207905,11.7370243228099,-3.58968914602956));
#678=CARTESIAN_POINT('',(2.50675566128291,11.736783844367,-3.58960161903378));
#679=CARTESIAN_POINT('',(2.54423730362321,11.7418713269367,-3.59145331125738));
#680=CARTESIAN_POINT('',(2.56188131136147,11.7476611100358,-3.59356061996735));
#681=CARTESIAN_POINT('',(2.5948701247354,11.7649182597224,-3.59984170878235));
#682=CARTESIAN_POINT('',(2.60965067692327,11.7758337905043,-3.60381463707687));
#683=CARTESIAN_POINT('',(2.6336146840474,11.8033915124872,-3.61384482760414));
#684=CARTESIAN_POINT('',(2.64274535223168,11.8189684435863,-3.61951436686445));
#685=CARTESIAN_POINT('',(2.64771353774618,11.8361568549962,-3.62577043699195));
#686=EDGE_LOOP('',(#2117,#2118,#2119,#2120,#2121));
#687=CARTESIAN_POINT('',(-2.8,11.85,-0.800000000000008));
#688=CARTESIAN_POINT('',(-2.8,11.9690836931685,-1.02568910222282));
#689=CARTESIAN_POINT('',(-2.8,12.157473565976,-1.52445333605893));
#690=CARTESIAN_POINT('',(-2.8,12.2312698309014,-2.35210962060671));
#691=CARTESIAN_POINT('',(-2.8,12.1163083820174,-2.95280161644907));
#692=CARTESIAN_POINT('',(-2.8,12.004813173264,-3.25712904361022));
#693=CARTESIAN_POINT('',(-2.8,11.9842657147223,-3.30874024708453));
#694=CARTESIAN_POINT('',(-2.8,11.8146446609407,-0.800000000000008));
#695=CARTESIAN_POINT('',(-2.8,11.9337283541092,-1.02568910222282));
#696=CARTESIAN_POINT('',(-2.8,12.1221182269167,-1.52445333605893));
#697=CARTESIAN_POINT('',(-2.8,12.1959224379809,-2.35210275715053));
#698=CARTESIAN_POINT('',(-2.8,12.0809568773878,-2.9527930611613));
#699=CARTESIAN_POINT('',(-2.8,11.9694599168874,-3.25712346471705));
#700=CARTESIAN_POINT('',(-2.8,11.9489121789506,-3.30873523124723));
#701=CARTESIAN_POINT('',(-2.7871623025188,11.7382422000299,-0.800000000000008));
#702=CARTESIAN_POINT('',(-2.7871623025188,11.8573258931984,-1.02568910222282));
#703=CARTESIAN_POINT('',(-2.7871623025188,12.0457157660059,-1.52445333605893));
#704=CARTESIAN_POINT('',(-2.7871623025188,12.1195364287023,-2.35208854709717));
#705=CARTESIAN_POINT('',(-2.7871623025188,12.0045623552543,-2.95277534835124));
#706=CARTESIAN_POINT('',(-2.7871623025188,11.893061767949,-3.25711191421428));
#707=CARTESIAN_POINT('',(-2.7871623025188,11.8725134515544,-3.30872484649153));
#708=CARTESIAN_POINT('',(-2.71846802591171,11.6315319740883,-0.800000000000008));
#709=CARTESIAN_POINT('',(-2.71846802591171,11.7506156672569,-1.02568910222282));
#710=CARTESIAN_POINT('',(-2.71846802591171,11.9390055400644,-1.52445333605893));
#711=CARTESIAN_POINT('',(-2.71846802591171,12.0128463339108,-2.35207115887018));
#712=CARTESIAN_POINT('',(-2.71846802591171,11.8978618436509,-2.95275367395256));
#713=CARTESIAN_POINT('',(-2.71846802591171,11.7863568183814,-3.25709778036419));
#714=CARTESIAN_POINT('',(-2.71846802591171,11.7658077941529,-3.30871213911565));
#715=CARTESIAN_POINT('',(-2.61175779997015,11.5628376974812,-0.800000000000009));
#716=CARTESIAN_POINT('',(-2.61175779997015,11.6819213906498,-1.02568910222282));
#717=CARTESIAN_POINT('',(-2.61175779997015,11.8703112634573,-1.52445333605893));
#718=CARTESIAN_POINT('',(-2.61175779997015,11.9441615125845,-2.35206299189666));
#719=CARTESIAN_POINT('',(-2.61175779997015,11.8291721297138,-2.9527434938324));
#720=CARTESIAN_POINT('',(-2.61175779997015,11.7176650200032,-3.25709114191971));
#721=CARTESIAN_POINT('',(-2.61175779997015,11.6971156633164,-3.30870617066341));
#722=CARTESIAN_POINT('',(-2.5,11.5435811512594,-0.800000000000009));
#723=CARTESIAN_POINT('',(-2.5,11.662664844428,-1.02568910222282));
#724=CARTESIAN_POINT('',(-2.5,11.8510547172355,-1.52445333605893));
#725=CARTESIAN_POINT('',(-2.5,11.9249030274324,-2.3520646666425));
#726=CARTESIAN_POINT('',(-2.5,11.8099146478563,-2.95274558140056));
#727=CARTESIAN_POINT('',(-2.5,11.6984079655878,-3.25709250322048));
#728=CARTESIAN_POINT('',(-2.5,11.677858677076,-3.30870739457341));
#729=CARTESIAN_POINT('',(-2.38824220002985,11.5628376974812,-0.800000000000008));
#730=CARTESIAN_POINT('',(-2.38824220002985,11.6819213906498,-1.02568910222282));
#731=CARTESIAN_POINT('',(-2.38824220002985,11.8703112634573,-1.52445333605893));
#732=CARTESIAN_POINT('',(-2.38824220002985,11.9441489788776,-2.35207381785243));
#733=CARTESIAN_POINT('',(-2.38824220002985,11.8291660815414,-2.95275698836991));
#734=CARTESIAN_POINT('',(-2.38824220002985,11.7176617349189,-3.25709994169188));
#735=CARTESIAN_POINT('',(-2.38824220002985,11.6971128189313,-3.30871408230899));
#736=CARTESIAN_POINT('',(-2.28153197408829,11.6315319740883,-0.800000000000009));
#737=CARTESIAN_POINT('',(-2.28153197408829,11.7506156672569,-1.02568910222282));
#738=CARTESIAN_POINT('',(-2.28153197408829,11.9390055400644,-1.52445333605893));
#739=CARTESIAN_POINT('',(-2.28153197408829,12.0128218325857,-2.35209232182423));
#740=CARTESIAN_POINT('',(-2.28153197408829,11.8978500204736,-2.95278005354282));
#741=CARTESIAN_POINT('',(-2.28153197408829,11.7863503965847,-3.25711498246422));
#742=CARTESIAN_POINT('',(-2.28153197408829,11.7658022338503,-3.308727605075));
#743=CARTESIAN_POINT('',(-2.21283769748119,11.7382422000299,-0.800000000000009));
#744=CARTESIAN_POINT('',(-2.21283769748119,11.8573258931984,-1.02568910222282));
#745=CARTESIAN_POINT('',(-2.21283769748119,12.0457157660059,-1.52445333605893));
#746=CARTESIAN_POINT('',(-2.21283769748119,12.1195042232714,-2.35211636445208));
#747=CARTESIAN_POINT('',(-2.21283769748119,12.0045468144409,-2.95281002264212));
#748=CARTESIAN_POINT('',(-2.21283769748119,11.8930533269063,-3.2571345252789));
#749=CARTESIAN_POINT('',(-2.21283769748119,11.8725061428908,-3.30874517550984));
#750=CARTESIAN_POINT('',(-2.1935811512594,11.85,-0.800000000000009));
#751=CARTESIAN_POINT('',(-2.1935811512594,11.9690836931686,-1.02568910222282));
#752=CARTESIAN_POINT('',(-2.1935811512594,12.1574735659761,-1.52445333605893));
#753=CARTESIAN_POINT('',(-2.1935811512594,12.2312358257758,-2.35213899244311));
#754=CARTESIAN_POINT('',(-2.1935811512594,12.1162919727567,-2.95283822839878));
#755=CARTESIAN_POINT('',(-2.1935811512594,12.0048042605213,-3.2571529182199));
#756=CARTESIAN_POINT('',(-2.1935811512594,11.9842579976381,-3.30876171212324));
#757=CARTESIAN_POINT('',(-2.21283769748119,11.9617577999701,-0.800000000000008));
#758=CARTESIAN_POINT('',(-2.21283769748119,12.0808414931387,-1.02568910222282));
#759=CARTESIAN_POINT('',(-2.2128376974812,12.2692313659462,-1.52445333605893));
#760=CARTESIAN_POINT('',(-2.21283769748119,12.3429695879138,-2.35215975505636));
#761=CARTESIAN_POINT('',(-2.21283769748119,12.2280381732092,-2.95286410896484));
#762=CARTESIAN_POINT('',(-2.21283769748119,12.1165557601762,-3.25716979490682));
#763=CARTESIAN_POINT('',(-2.21283769748119,12.0960103424902,-3.30877688551217));
#764=CARTESIAN_POINT('',(-2.28153197408829,12.0684680259117,-0.800000000000009));
#765=CARTESIAN_POINT('',(-2.28153197408829,12.1875517190803,-1.02568910222282));
#766=CARTESIAN_POINT('',(-2.28153197408829,12.3759415918878,-1.52445333605893));
#767=CARTESIAN_POINT('',(-2.28153197408829,12.4496596827054,-2.35217714328335));
#768=CARTESIAN_POINT('',(-2.28153197408829,12.3347386848127,-2.95288578336352));
#769=CARTESIAN_POINT('',(-2.28153197408829,12.2232607097439,-3.25718392875691));
#770=CARTESIAN_POINT('',(-2.28153197408829,12.2027159998916,-3.30878959288805));
#771=CARTESIAN_POINT('',(-2.38824220002985,12.1371623025188,-0.800000000000009));
#772=CARTESIAN_POINT('',(-2.38824220002985,12.2562459956874,-1.02568910222282));
#773=CARTESIAN_POINT('',(-2.38824220002985,12.4446358684949,-1.52445333605893));
#774=CARTESIAN_POINT('',(-2.38824220002985,12.5183445040317,-2.35218531025687));
#775=CARTESIAN_POINT('',(-2.38824220002985,12.4034283987498,-2.95289596348368));
#776=CARTESIAN_POINT('',(-2.38824220002985,12.2919525081221,-3.25719056720139));
#777=CARTESIAN_POINT('',(-2.38824220002985,12.2714081307281,-3.30879556134029));
#778=CARTESIAN_POINT('',(-2.5,12.1564188487406,-0.800000000000009));
#779=CARTESIAN_POINT('',(-2.5,12.2755025419092,-1.02568910222282));
#780=CARTESIAN_POINT('',(-2.5,12.4638924147167,-1.52445333605893));
#781=CARTESIAN_POINT('',(-2.5,12.5376029891838,-2.35218363551103));
#782=CARTESIAN_POINT('',(-2.5,12.4226858806073,-2.95289387591551));
#783=CARTESIAN_POINT('',(-2.5,12.3112095625375,-3.25718920590062));
#784=CARTESIAN_POINT('',(-2.5,12.2906651169686,-3.30879433743028));
#785=CARTESIAN_POINT('',(-2.61175779997015,12.1371623025188,-0.800000000000008));
#786=CARTESIAN_POINT('',(-2.61175779997015,12.2562459956874,-1.02568910222282));
#787=CARTESIAN_POINT('',(-2.61175779997015,12.4446358684949,-1.52445333605893));
#788=CARTESIAN_POINT('',(-2.61175779997015,12.5183570377385,-2.3521744843011));
#789=CARTESIAN_POINT('',(-2.61175779997015,12.4034344469222,-2.95288246894616));
#790=CARTESIAN_POINT('',(-2.61175779997015,12.2919557932063,-3.25718176742922));
#791=CARTESIAN_POINT('',(-2.61175779997015,12.2714109751132,-3.30878764969471));
#792=CARTESIAN_POINT('',(-2.71846802591171,12.0684680259117,-0.800000000000009));
#793=CARTESIAN_POINT('',(-2.71846802591171,12.1875517190803,-1.02568910222282));
#794=CARTESIAN_POINT('',(-2.71846802591171,12.3759415918878,-1.52445333605893));
#795=CARTESIAN_POINT('',(-2.71846802591171,12.4496841840305,-2.3521559803293));
#796=CARTESIAN_POINT('',(-2.71846802591171,12.33475050799,-2.95285940377325));
#797=CARTESIAN_POINT('',(-2.71846802591171,12.2232671315406,-3.25716672665688));
#798=CARTESIAN_POINT('',(-2.71846802591171,12.2027215601943,-3.30877412692869));
#799=CARTESIAN_POINT('',(-2.7871623025188,11.9617577999702,-0.800000000000009));
#800=CARTESIAN_POINT('',(-2.7871623025188,12.0808414931387,-1.02568910222282));
#801=CARTESIAN_POINT('',(-2.7871623025188,12.2692313659462,-1.52445333605893));
#802=CARTESIAN_POINT('',(-2.7871623025188,12.3430017933448,-2.35213193770145));
#803=CARTESIAN_POINT('',(-2.7871623025188,12.2280537140226,-2.95282943467395));
#804=CARTESIAN_POINT('',(-2.7871623025188,12.1165642012189,-3.2571471838422));
#805=CARTESIAN_POINT('',(-2.7871623025188,12.0960176511538,-3.30875655649386));
#806=CARTESIAN_POINT('',(-2.8,11.8853553390593,-0.800000000000009));
#807=CARTESIAN_POINT('',(-2.8,12.0044390322279,-1.02568910222282));
#808=CARTESIAN_POINT('',(-2.8,12.1928289050354,-1.52445333605893));
#809=CARTESIAN_POINT('',(-2.8,12.2666172238219,-2.3521164840629));
#810=CARTESIAN_POINT('',(-2.8,12.151659886647,-2.95281017173683));
#811=CARTESIAN_POINT('',(-2.8,12.0401664296405,-3.25713462250339));
#812=CARTESIAN_POINT('',(-2.8,12.019619250494,-3.30874526292184));
#813=CARTESIAN_POINT('',(-2.8,11.85,-0.800000000000008));
#814=CARTESIAN_POINT('',(-2.8,11.9690836931685,-1.02568910222282));
#815=CARTESIAN_POINT('',(-2.8,12.157473565976,-1.52445333605893));
#816=CARTESIAN_POINT('',(-2.8,12.2312698309014,-2.35210962060671));
#817=CARTESIAN_POINT('',(-2.8,12.1163083820174,-2.95280161644907));
#818=CARTESIAN_POINT('',(-2.8,12.004813173264,-3.25712904361022));
#819=CARTESIAN_POINT('',(-2.8,11.9842657147223,-3.30874024708453));
#820=EDGE_LOOP('',(#2122,#2123,#2124,#2125));
#821=CARTESIAN_POINT('',(-2.8,11.85,-0.800000000000008));
#822=CARTESIAN_POINT('',(-2.8,11.9690836931685,-1.02568910222282));
#823=CARTESIAN_POINT('',(-2.8,12.157473565976,-1.52445333605893));
#824=CARTESIAN_POINT('',(-2.8,12.2312698309014,-2.35210962060671));
#825=CARTESIAN_POINT('',(-2.8,12.1163083820174,-2.95280161644907));
#826=CARTESIAN_POINT('',(-2.8,12.004813173264,-3.25712904361022));
#827=CARTESIAN_POINT('',(-2.8,11.9842657147223,-3.30874024708453));
#828=CARTESIAN_POINT('',(-2.8,11.8146446609407,-0.800000000000008));
#829=CARTESIAN_POINT('',(-2.8,11.9337283541092,-1.02568910222282));
#830=CARTESIAN_POINT('',(-2.8,12.1221182269167,-1.52445333605893));
#831=CARTESIAN_POINT('',(-2.8,12.1959224379809,-2.35210275715053));
#832=CARTESIAN_POINT('',(-2.8,12.0809568773878,-2.9527930611613));
#833=CARTESIAN_POINT('',(-2.8,11.9694599168874,-3.25712346471705));
#834=CARTESIAN_POINT('',(-2.8,11.9489121789506,-3.30873523124723));
#835=CARTESIAN_POINT('',(-2.7871623025188,11.7382422000299,-0.800000000000008));
#836=CARTESIAN_POINT('',(-2.7871623025188,11.8573258931984,-1.02568910222282));
#837=CARTESIAN_POINT('',(-2.7871623025188,12.0457157660059,-1.52445333605893));
#838=CARTESIAN_POINT('',(-2.7871623025188,12.1195364287023,-2.35208854709717));
#839=CARTESIAN_POINT('',(-2.7871623025188,12.0045623552543,-2.95277534835124));
#840=CARTESIAN_POINT('',(-2.7871623025188,11.893061767949,-3.25711191421428));
#841=CARTESIAN_POINT('',(-2.7871623025188,11.8725134515544,-3.30872484649153));
#842=CARTESIAN_POINT('',(-2.71846802591171,11.6315319740883,-0.800000000000008));
#843=CARTESIAN_POINT('',(-2.71846802591171,11.7506156672569,-1.02568910222282));
#844=CARTESIAN_POINT('',(-2.71846802591171,11.9390055400644,-1.52445333605893));
#845=CARTESIAN_POINT('',(-2.71846802591171,12.0128463339108,-2.35207115887018));
#846=CARTESIAN_POINT('',(-2.71846802591171,11.8978618436509,-2.95275367395256));
#847=CARTESIAN_POINT('',(-2.71846802591171,11.7863568183814,-3.25709778036419));
#848=CARTESIAN_POINT('',(-2.71846802591171,11.7658077941529,-3.30871213911565));
#849=CARTESIAN_POINT('',(-2.61175779997015,11.5628376974812,-0.800000000000009));
#850=CARTESIAN_POINT('',(-2.61175779997015,11.6819213906498,-1.02568910222282));
#851=CARTESIAN_POINT('',(-2.61175779997015,11.8703112634573,-1.52445333605893));
#852=CARTESIAN_POINT('',(-2.61175779997015,11.9441615125845,-2.35206299189666));
#853=CARTESIAN_POINT('',(-2.61175779997015,11.8291721297138,-2.9527434938324));
#854=CARTESIAN_POINT('',(-2.61175779997015,11.7176650200032,-3.25709114191971));
#855=CARTESIAN_POINT('',(-2.61175779997015,11.6971156633164,-3.30870617066341));
#856=CARTESIAN_POINT('',(-2.5,11.5435811512594,-0.800000000000009));
#857=CARTESIAN_POINT('',(-2.5,11.662664844428,-1.02568910222282));
#858=CARTESIAN_POINT('',(-2.5,11.8510547172355,-1.52445333605893));
#859=CARTESIAN_POINT('',(-2.5,11.9249030274324,-2.3520646666425));
#860=CARTESIAN_POINT('',(-2.5,11.8099146478563,-2.95274558140056));
#861=CARTESIAN_POINT('',(-2.5,11.6984079655878,-3.25709250322048));
#862=CARTESIAN_POINT('',(-2.5,11.677858677076,-3.30870739457341));
#863=CARTESIAN_POINT('',(-2.38824220002985,11.5628376974812,-0.800000000000008));
#864=CARTESIAN_POINT('',(-2.38824220002985,11.6819213906498,-1.02568910222282));
#865=CARTESIAN_POINT('',(-2.38824220002985,11.8703112634573,-1.52445333605893));
#866=CARTESIAN_POINT('',(-2.38824220002985,11.9441489788776,-2.35207381785243));
#867=CARTESIAN_POINT('',(-2.38824220002985,11.8291660815414,-2.95275698836991));
#868=CARTESIAN_POINT('',(-2.38824220002985,11.7176617349189,-3.25709994169188));
#869=CARTESIAN_POINT('',(-2.38824220002985,11.6971128189313,-3.30871408230899));
#870=CARTESIAN_POINT('',(-2.28153197408829,11.6315319740883,-0.800000000000009));
#871=CARTESIAN_POINT('',(-2.28153197408829,11.7506156672569,-1.02568910222282));
#872=CARTESIAN_POINT('',(-2.28153197408829,11.9390055400644,-1.52445333605893));
#873=CARTESIAN_POINT('',(-2.28153197408829,12.0128218325857,-2.35209232182423));
#874=CARTESIAN_POINT('',(-2.28153197408829,11.8978500204736,-2.95278005354282));
#875=CARTESIAN_POINT('',(-2.28153197408829,11.7863503965847,-3.25711498246422));
#876=CARTESIAN_POINT('',(-2.28153197408829,11.7658022338503,-3.308727605075));
#877=CARTESIAN_POINT('',(-2.21283769748119,11.7382422000299,-0.800000000000009));
#878=CARTESIAN_POINT('',(-2.21283769748119,11.8573258931984,-1.02568910222282));
#879=CARTESIAN_POINT('',(-2.21283769748119,12.0457157660059,-1.52445333605893));
#880=CARTESIAN_POINT('',(-2.21283769748119,12.1195042232714,-2.35211636445208));
#881=CARTESIAN_POINT('',(-2.21283769748119,12.0045468144409,-2.95281002264212));
#882=CARTESIAN_POINT('',(-2.21283769748119,11.8930533269063,-3.2571345252789));
#883=CARTESIAN_POINT('',(-2.21283769748119,11.8725061428908,-3.30874517550984));
#884=CARTESIAN_POINT('',(-2.1935811512594,11.85,-0.800000000000009));
#885=CARTESIAN_POINT('',(-2.1935811512594,11.9690836931686,-1.02568910222282));
#886=CARTESIAN_POINT('',(-2.1935811512594,12.1574735659761,-1.52445333605893));
#887=CARTESIAN_POINT('',(-2.1935811512594,12.2312358257758,-2.35213899244311));
#888=CARTESIAN_POINT('',(-2.1935811512594,12.1162919727567,-2.95283822839878));
#889=CARTESIAN_POINT('',(-2.1935811512594,12.0048042605213,-3.2571529182199));
#890=CARTESIAN_POINT('',(-2.1935811512594,11.9842579976381,-3.30876171212324));
#891=CARTESIAN_POINT('',(-2.21283769748119,11.9617577999701,-0.800000000000008));
#892=CARTESIAN_POINT('',(-2.21283769748119,12.0808414931387,-1.02568910222282));
#893=CARTESIAN_POINT('',(-2.2128376974812,12.2692313659462,-1.52445333605893));
#894=CARTESIAN_POINT('',(-2.21283769748119,12.3429695879138,-2.35215975505636));
#895=CARTESIAN_POINT('',(-2.21283769748119,12.2280381732092,-2.95286410896484));
#896=CARTESIAN_POINT('',(-2.21283769748119,12.1165557601762,-3.25716979490682));
#897=CARTESIAN_POINT('',(-2.21283769748119,12.0960103424902,-3.30877688551217));
#898=CARTESIAN_POINT('',(-2.28153197408829,12.0684680259117,-0.800000000000009));
#899=CARTESIAN_POINT('',(-2.28153197408829,12.1875517190803,-1.02568910222282));
#900=CARTESIAN_POINT('',(-2.28153197408829,12.3759415918878,-1.52445333605893));
#901=CARTESIAN_POINT('',(-2.28153197408829,12.4496596827054,-2.35217714328335));
#902=CARTESIAN_POINT('',(-2.28153197408829,12.3347386848127,-2.95288578336352));
#903=CARTESIAN_POINT('',(-2.28153197408829,12.2232607097439,-3.25718392875691));
#904=CARTESIAN_POINT('',(-2.28153197408829,12.2027159998916,-3.30878959288805));
#905=CARTESIAN_POINT('',(-2.38824220002985,12.1371623025188,-0.800000000000009));
#906=CARTESIAN_POINT('',(-2.38824220002985,12.2562459956874,-1.02568910222282));
#907=CARTESIAN_POINT('',(-2.38824220002985,12.4446358684949,-1.52445333605893));
#908=CARTESIAN_POINT('',(-2.38824220002985,12.5183445040317,-2.35218531025687));
#909=CARTESIAN_POINT('',(-2.38824220002985,12.4034283987498,-2.95289596348368));
#910=CARTESIAN_POINT('',(-2.38824220002985,12.2919525081221,-3.25719056720139));
#911=CARTESIAN_POINT('',(-2.38824220002985,12.2714081307281,-3.30879556134029));
#912=CARTESIAN_POINT('',(-2.5,12.1564188487406,-0.800000000000009));
#913=CARTESIAN_POINT('',(-2.5,12.2755025419092,-1.02568910222282));
#914=CARTESIAN_POINT('',(-2.5,12.4638924147167,-1.52445333605893));
#915=CARTESIAN_POINT('',(-2.5,12.5376029891838,-2.35218363551103));
#916=CARTESIAN_POINT('',(-2.5,12.4226858806073,-2.95289387591551));
#917=CARTESIAN_POINT('',(-2.5,12.3112095625375,-3.25718920590062));
#918=CARTESIAN_POINT('',(-2.5,12.2906651169686,-3.30879433743028));
#919=CARTESIAN_POINT('',(-2.61175779997015,12.1371623025188,-0.800000000000008));
#920=CARTESIAN_POINT('',(-2.61175779997015,12.2562459956874,-1.02568910222282));
#921=CARTESIAN_POINT('',(-2.61175779997015,12.4446358684949,-1.52445333605893));
#922=CARTESIAN_POINT('',(-2.61175779997015,12.5183570377385,-2.3521744843011));
#923=CARTESIAN_POINT('',(-2.61175779997015,12.4034344469222,-2.95288246894616));
#924=CARTESIAN_POINT('',(-2.61175779997015,12.2919557932063,-3.25718176742922));
#925=CARTESIAN_POINT('',(-2.61175779997015,12.2714109751132,-3.30878764969471));
#926=CARTESIAN_POINT('',(-2.71846802591171,12.0684680259117,-0.800000000000009));
#927=CARTESIAN_POINT('',(-2.71846802591171,12.1875517190803,-1.02568910222282));
#928=CARTESIAN_POINT('',(-2.71846802591171,12.3759415918878,-1.52445333605893));
#929=CARTESIAN_POINT('',(-2.71846802591171,12.4496841840305,-2.3521559803293));
#930=CARTESIAN_POINT('',(-2.71846802591171,12.33475050799,-2.95285940377325));
#931=CARTESIAN_POINT('',(-2.71846802591171,12.2232671315406,-3.25716672665688));
#932=CARTESIAN_POINT('',(-2.71846802591171,12.2027215601943,-3.30877412692869));
#933=CARTESIAN_POINT('',(-2.7871623025188,11.9617577999702,-0.800000000000009));
#934=CARTESIAN_POINT('',(-2.7871623025188,12.0808414931387,-1.02568910222282));
#935=CARTESIAN_POINT('',(-2.7871623025188,12.2692313659462,-1.52445333605893));
#936=CARTESIAN_POINT('',(-2.7871623025188,12.3430017933448,-2.35213193770145));
#937=CARTESIAN_POINT('',(-2.7871623025188,12.2280537140226,-2.95282943467395));
#938=CARTESIAN_POINT('',(-2.7871623025188,12.1165642012189,-3.2571471838422));
#939=CARTESIAN_POINT('',(-2.7871623025188,12.0960176511538,-3.30875655649386));
#940=CARTESIAN_POINT('',(-2.8,11.8853553390593,-0.800000000000009));
#941=CARTESIAN_POINT('',(-2.8,12.0044390322279,-1.02568910222282));
#942=CARTESIAN_POINT('',(-2.8,12.1928289050354,-1.52445333605893));
#943=CARTESIAN_POINT('',(-2.8,12.2666172238219,-2.3521164840629));
#944=CARTESIAN_POINT('',(-2.8,12.151659886647,-2.95281017173683));
#945=CARTESIAN_POINT('',(-2.8,12.0401664296405,-3.25713462250339));
#946=CARTESIAN_POINT('',(-2.8,12.019619250494,-3.30874526292184));
#947=CARTESIAN_POINT('',(-2.8,11.85,-0.800000000000008));
#948=CARTESIAN_POINT('',(-2.8,11.9690836931685,-1.02568910222282));
#949=CARTESIAN_POINT('',(-2.8,12.157473565976,-1.52445333605893));
#950=CARTESIAN_POINT('',(-2.8,12.2312698309014,-2.35210962060671));
#951=CARTESIAN_POINT('',(-2.8,12.1163083820174,-2.95280161644907));
#952=CARTESIAN_POINT('',(-2.8,12.004813173264,-3.25712904361022));
#953=CARTESIAN_POINT('',(-2.8,11.9842657147223,-3.30874024708453));
#954=EDGE_LOOP('',(#2126,#2127,#2128,#2129,#2130,#2131,#2132));
#955=CARTESIAN_POINT('',(0.300000000000001,11.85,-0.800000000000051));
#956=CARTESIAN_POINT('',(0.300000000000001,11.7309163068314,-1.02568910222287));
#957=CARTESIAN_POINT('',(0.300000000000001,11.5425264340239,-1.52445333605898));
#958=CARTESIAN_POINT('',(0.300000000000001,11.4687301690985,-2.35210962060678));
#959=CARTESIAN_POINT('',(0.300000000000001,11.5848652704011,-2.95893413844322));
#960=CARTESIAN_POINT('',(0.300000000000001,11.699364698695,-3.26847793720782));
#961=CARTESIAN_POINT('',(0.300000000000001,11.7224595379613,-3.32548576810323));
#962=CARTESIAN_POINT('',(0.300000000000001,11.8853553390593,-0.800000000000051));
#963=CARTESIAN_POINT('',(0.300000000000001,11.7662716458908,-1.02568910222287));
#964=CARTESIAN_POINT('',(0.300000000000001,11.5778817730833,-1.52445333605898));
#965=CARTESIAN_POINT('',(0.300000000000001,11.504077562019,-2.35210275715059));
#966=CARTESIAN_POINT('',(0.300000000000001,11.6202168170076,-2.95892556588338));
#967=CARTESIAN_POINT('',(0.300000000000001,11.7347180202726,-3.26847247075098));
#968=CARTESIAN_POINT('',(0.300000000000001,11.7578131637428,-3.32548093695468));
#969=CARTESIAN_POINT('',(0.287162302518804,11.9617577999701,-0.80000000000005));
#970=CARTESIAN_POINT('',(0.287162302518804,11.8426741068016,-1.02568910222287));
#971=CARTESIAN_POINT('',(0.287162302518804,11.6542842339941,-1.52445333605898));
#972=CARTESIAN_POINT('',(0.287162302518804,11.5804635712976,-2.35208854709723));
#973=CARTESIAN_POINT('',(0.287162302518804,11.6966114260496,-2.95890781731335));
#974=CARTESIAN_POINT('',(0.287162302518804,11.8111163042028,-3.26846115303565));
#975=CARTESIAN_POINT('',(0.287162302518804,11.8342120774946,-3.32547093457732));
#976=CARTESIAN_POINT('',(0.218468025911709,12.0684680259117,-0.800000000000051));
#977=CARTESIAN_POINT('',(0.218468025911709,11.9493843327432,-1.02568910222287));
#978=CARTESIAN_POINT('',(0.218468025911709,11.7609944599356,-1.52445333605898));
#979=CARTESIAN_POINT('',(0.218468025911709,11.6871536660892,-2.35207115887024));
#980=CARTESIAN_POINT('',(0.218468025911709,11.8033120439993,-2.95888609915673));
#981=CARTESIAN_POINT('',(0.218468025911709,11.9178214189541,-3.26844730403747));
#982=CARTESIAN_POINT('',(0.218468025911709,11.9409179629313,-3.32545869510127));
#983=CARTESIAN_POINT('',(0.111757799970151,12.1371623025188,-0.800000000000051));
#984=CARTESIAN_POINT('',(0.111757799970151,12.0180786093502,-1.02568910222287));
#985=CARTESIAN_POINT('',(0.111757799970151,11.8296887365427,-1.52445333605898));
#986=CARTESIAN_POINT('',(0.111757799970151,11.7558384874155,-2.35206299189672));
#987=CARTESIAN_POINT('',(0.111757799970151,11.8720018078855,-2.95887589848416));
#988=CARTESIAN_POINT('',(0.111757799970151,11.9865132949165,-3.2684407993834));
#989=CARTESIAN_POINT('',(0.111757799970151,12.0096102008723,-3.32545294641413));
#990=CARTESIAN_POINT('',(-1.53790301921352E-16,12.1564188487406,-0.800000000000051));
#991=CARTESIAN_POINT('',(-1.53790301921352E-16,12.0373351555721,-1.02568910222287));
#992=CARTESIAN_POINT('',(-1.53790301921352E-16,11.8489452827646,-1.52445333605898));
#993=CARTESIAN_POINT('',(-1.53773749376335E-16,11.7750969725676,-2.35206466664256));
#994=CARTESIAN_POINT('',(-1.53773749376335E-16,11.8912592795004,-2.95887799026687));
#995=CARTESIAN_POINT('',(-1.53780016300838E-16,12.0057703334222,-3.26844213324867));
#996=CARTESIAN_POINT('',(-1.53781258560017E-16,12.0288671651496,-3.3254541252584));
#997=CARTESIAN_POINT('',(-0.11175779997015,12.1371623025188,-0.80000000000005));
#998=CARTESIAN_POINT('',(-0.11175779997015,12.0180786093502,-1.02568910222287));
#999=CARTESIAN_POINT('',(-0.11175779997015,11.8296887365427,-1.52445333605898));
#1000=CARTESIAN_POINT('',(-0.11175779997015,11.7558510211223,-2.35207381785249));
#1001=CARTESIAN_POINT('',(-0.11175779997015,11.8720077898465,-2.95888942026549));
#1002=CARTESIAN_POINT('',(-0.11175779997015,11.9865164771569,-3.26844942180602));
#1003=CARTESIAN_POINT('',(-0.11175779997015,12.009612903282,-3.32546056674405));
#1004=CARTESIAN_POINT('',(-0.218468025911708,12.0684680259117,-0.800000000000051));
#1005=CARTESIAN_POINT('',(-0.218468025911708,11.9493843327432,-1.02568910222287));
#1006=CARTESIAN_POINT('',(-0.218468025911708,11.7609944599356,-1.52445333605898));
#1007=CARTESIAN_POINT('',(-0.218468025911708,11.6871781674143,-2.35209232182429));
#1008=CARTESIAN_POINT('',(-0.218468025911708,11.8033237377442,-2.95891253200413));
#1009=CARTESIAN_POINT('',(-0.218468025911708,11.9178276397082,-3.26846415944845));
#1010=CARTESIAN_POINT('',(-0.218468025911708,11.9409232456956,-3.32547359158666));
#1011=CARTESIAN_POINT('',(-0.287162302518804,11.9617577999702,-0.800000000000051));
#1012=CARTESIAN_POINT('',(-0.287162302518804,11.8426741068016,-1.02568910222287));
#1013=CARTESIAN_POINT('',(-0.287162302518804,11.6542842339941,-1.52445333605898));
#1014=CARTESIAN_POINT('',(-0.287162302518804,11.5804957767286,-2.35211636445214));
#1015=CARTESIAN_POINT('',(-0.287162302518804,11.6966267967324,-2.95894256160735));
#1016=CARTESIAN_POINT('',(-0.287162302518804,11.8111244809878,-3.26848330839961));
#1017=CARTESIAN_POINT('',(-0.287162302518804,11.8342190213517,-3.32549051505839));
#1018=CARTESIAN_POINT('',(-0.306418848740599,11.85,-0.800000000000051));
#1019=CARTESIAN_POINT('',(-0.306418848740599,11.7309163068314,-1.02568910222287));
#1020=CARTESIAN_POINT('',(-0.306418848740599,11.5425264340239,-1.52445333605898));
#1021=CARTESIAN_POINT('',(-0.306418848740599,11.4687641742242,-2.35213899244317));
#1022=CARTESIAN_POINT('',(-0.306418848740599,11.584881500024,-2.95897082430794));
#1023=CARTESIAN_POINT('',(-0.306418848740599,11.6993733324128,-3.2685013306515));
#1024=CARTESIAN_POINT('',(-0.306418848740599,11.7224668698531,-3.32550644277515));
#1025=CARTESIAN_POINT('',(-0.287162302518804,11.7382422000298,-0.80000000000005));
#1026=CARTESIAN_POINT('',(-0.287162302518804,11.6191585068613,-1.02568910222287));
#1027=CARTESIAN_POINT('',(-0.287162302518804,11.4307686340538,-1.52445333605898));
#1028=CARTESIAN_POINT('',(-0.287162302518804,11.3570304120862,-2.35215975505642));
#1029=CARTESIAN_POINT('',(-0.287162302518804,11.4731351725875,-2.95899675712367));
#1030=CARTESIAN_POINT('',(-0.287162302518804,11.5876216355184,-3.26851786720772));
#1031=CARTESIAN_POINT('',(-0.287162302518804,11.6107142527129,-3.32552105746288));
#1032=CARTESIAN_POINT('',(-0.218468025911709,11.6315319740883,-0.800000000000051));
#1033=CARTESIAN_POINT('',(-0.218468025911709,11.5124482809197,-1.02568910222287));
#1034=CARTESIAN_POINT('',(-0.218468025911709,11.3240584081122,-1.52445333605898));
#1035=CARTESIAN_POINT('',(-0.218468025911709,11.2503403172946,-2.35217714328341));
#1036=CARTESIAN_POINT('',(-0.218468025911709,11.3664345546379,-2.95901847528029));
#1037=CARTESIAN_POINT('',(-0.218468025911709,11.4809165207671,-3.2685317162059));
#1038=CARTESIAN_POINT('',(-0.218468025911709,11.5040083672762,-3.32553329693894));
#1039=CARTESIAN_POINT('',(-0.111757799970151,11.5628376974812,-0.800000000000051));
#1040=CARTESIAN_POINT('',(-0.111757799970151,11.4437540043126,-1.02568910222287));
#1041=CARTESIAN_POINT('',(-0.111757799970151,11.2553641315051,-1.52445333605898));
#1042=CARTESIAN_POINT('',(-0.111757799970151,11.1816554959683,-2.35218531025693));
#1043=CARTESIAN_POINT('',(-0.111757799970151,11.2977447907517,-2.95902867595286));
#1044=CARTESIAN_POINT('',(-0.111757799970151,11.4122246448047,-3.26853822085998));
#1045=CARTESIAN_POINT('',(-0.111757799970151,11.4353161293352,-3.32553904562608));
#1046=CARTESIAN_POINT('',(2.3705702876825E-16,11.5435811512594,-0.800000000000051));
#1047=CARTESIAN_POINT('',(2.3705702876825E-16,11.4244974580909,-1.02568910222287));
#1048=CARTESIAN_POINT('',(2.3705702876825E-16,11.2361075852833,-1.52445333605898));
#1049=CARTESIAN_POINT('',(2.37074357541112E-16,11.1623970108162,-2.35218363551109));
#1050=CARTESIAN_POINT('',(2.37074357541112E-16,11.2784873191368,-2.95902658417015));
#1051=CARTESIAN_POINT('',(2.37067796730606E-16,11.392967606299,-3.2685368869947));
#1052=CARTESIAN_POINT('',(2.37066496215964E-16,11.416059165058,-3.32553786678181));
#1053=CARTESIAN_POINT('',(0.11175779997015,11.5628376974812,-0.80000000000005));
#1054=CARTESIAN_POINT('',(0.11175779997015,11.4437540043126,-1.02568910222287));
#1055=CARTESIAN_POINT('',(0.11175779997015,11.2553641315051,-1.52445333605898));
#1056=CARTESIAN_POINT('',(0.11175779997015,11.1816429622615,-2.35217448430116));
#1057=CARTESIAN_POINT('',(0.11175779997015,11.2977388087907,-2.95901515417153));
#1058=CARTESIAN_POINT('',(0.11175779997015,11.4122214625643,-3.26852959843735));
#1059=CARTESIAN_POINT('',(0.11175779997015,11.4353134269254,-3.32553142529616));
#1060=CARTESIAN_POINT('',(0.218468025911708,11.6315319740883,-0.800000000000051));
#1061=CARTESIAN_POINT('',(0.218468025911708,11.5124482809197,-1.02568910222287));
#1062=CARTESIAN_POINT('',(0.218468025911708,11.3240584081122,-1.52445333605898));
#1063=CARTESIAN_POINT('',(0.218468025911708,11.2503158159695,-2.35215598032936));
#1064=CARTESIAN_POINT('',(0.218468025911708,11.366422860893,-2.95899204243289));
#1065=CARTESIAN_POINT('',(0.218468025911708,11.480910300013,-3.26851486079492));
#1066=CARTESIAN_POINT('',(0.218468025911708,11.5040030845119,-3.32551840045355));
#1067=CARTESIAN_POINT('',(0.287162302518804,11.7382422000299,-0.800000000000051));
#1068=CARTESIAN_POINT('',(0.287162302518804,11.6191585068613,-1.02568910222287));
#1069=CARTESIAN_POINT('',(0.287162302518804,11.4307686340538,-1.52445333605898));
#1070=CARTESIAN_POINT('',(0.287162302518804,11.3569982066552,-2.35213193770151));
#1071=CARTESIAN_POINT('',(0.287162302518804,11.4731198019048,-2.95896201282967));
#1072=CARTESIAN_POINT('',(0.287162302518804,11.5876134587334,-3.26849571184376));
#1073=CARTESIAN_POINT('',(0.287162302518804,11.6107073088558,-3.32550147698182));
#1074=CARTESIAN_POINT('',(0.300000000000001,11.8146446609407,-0.800000000000051));
#1075=CARTESIAN_POINT('',(0.300000000000001,11.6955609677721,-1.02568910222287));
#1076=CARTESIAN_POINT('',(0.300000000000001,11.5071710949646,-1.52445333605898));
#1077=CARTESIAN_POINT('',(0.300000000000001,11.4333827761781,-2.35211648406296));
#1078=CARTESIAN_POINT('',(0.300000000000001,11.5495137237947,-2.95894271100306));
#1079=CARTESIAN_POINT('',(0.300000000000001,11.6640113771174,-3.26848340366465));
#1080=CARTESIAN_POINT('',(0.300000000000001,11.6871059121799,-3.32549059925178));
#1081=CARTESIAN_POINT('',(0.300000000000001,11.85,-0.800000000000051));
#1082=CARTESIAN_POINT('',(0.300000000000001,11.7309163068314,-1.02568910222287));
#1083=CARTESIAN_POINT('',(0.300000000000001,11.5425264340239,-1.52445333605898));
#1084=CARTESIAN_POINT('',(0.300000000000001,11.4687301690985,-2.35210962060678));
#1085=CARTESIAN_POINT('',(0.300000000000001,11.5848652704011,-2.95893413844322));
#1086=CARTESIAN_POINT('',(0.300000000000001,11.699364698695,-3.26847793720782));
#1087=CARTESIAN_POINT('',(0.300000000000001,11.7224595379613,-3.32548576810323));
#1088=EDGE_LOOP('',(#2133,#2134,#2135,#2136,#2137,#2138,#2139));
#1089=CARTESIAN_POINT('',(2.8,11.85,-0.800000000000008));
#1090=CARTESIAN_POINT('',(2.8,11.9690836931685,-1.02568910222282));
#1091=CARTESIAN_POINT('',(2.8,12.157473565976,-1.52445333605893));
#1092=CARTESIAN_POINT('',(2.8,12.2312698309014,-2.35210962060671));
#1093=CARTESIAN_POINT('',(2.8,12.1163719122767,-2.95246966066219));
#1094=CARTESIAN_POINT('',(2.8,12.0050383575617,-3.25651424039071));
#1095=CARTESIAN_POINT('',(2.8,11.9846270627763,-3.30783217997242));
#1096=CARTESIAN_POINT('',(2.8,11.8146446609407,-0.800000000000008));
#1097=CARTESIAN_POINT('',(2.8,11.9337283541092,-1.02568910222282));
#1098=CARTESIAN_POINT('',(2.8,12.1221182269167,-1.52445333605893));
#1099=CARTESIAN_POINT('',(2.8,12.1959224379809,-2.35210275715053));
#1100=CARTESIAN_POINT('',(2.8,12.0810204099193,-2.95246110630936));
#1101=CARTESIAN_POINT('',(2.8,11.9696851047244,-3.25650865548884));
#1102=CARTESIAN_POINT('',(2.8,11.9492735319222,-3.30782715423462));
#1103=CARTESIAN_POINT('',(2.7871623025188,11.7382422000299,-0.800000000000008));
#1104=CARTESIAN_POINT('',(2.7871623025188,11.8573258931984,-1.02568910222282));
#1105=CARTESIAN_POINT('',(2.7871623025188,12.0457157660059,-1.52445333605893));
#1106=CARTESIAN_POINT('',(2.7871623025188,12.1195364287023,-2.35208854709717));
#1107=CARTESIAN_POINT('',(2.7871623025188,12.0046258924902,-2.95244339543501));
#1108=CARTESIAN_POINT('',(2.7871623025188,11.8932869631137,-3.2564970925457));
#1109=CARTESIAN_POINT('',(2.7871623025188,11.8728748147074,-3.30781674898099));
#1110=CARTESIAN_POINT('',(2.71846802591171,11.6315319740883,-0.800000000000008));
#1111=CARTESIAN_POINT('',(2.71846802591171,11.7506156672569,-1.02568910222282));
#1112=CARTESIAN_POINT('',(2.71846802591171,11.9390055400644,-1.52445333605893));
#1113=CARTESIAN_POINT('',(2.71846802591171,12.0128463339108,-2.35207115887018));
#1114=CARTESIAN_POINT('',(2.71846802591171,11.8979253866433,-2.95242172340496));
#1115=CARTESIAN_POINT('',(2.71846802591171,11.7865820225126,-3.25648294347288));
#1116=CARTESIAN_POINT('',(2.71846802591171,11.7661691697646,-3.30780401652269));
#1117=CARTESIAN_POINT('',(2.61175779997015,11.5628376974812,-0.800000000000009));
#1118=CARTESIAN_POINT('',(2.61175779997015,11.6819213906498,-1.02568910222282));
#1119=CARTESIAN_POINT('',(2.61175779997015,11.8703112634573,-1.52445333605893));
#1120=CARTESIAN_POINT('',(2.61175779997015,11.9441615125845,-2.35206299189666));
#1121=CARTESIAN_POINT('',(2.61175779997015,11.82923567541,-2.95241154439731));
#1122=CARTESIAN_POINT('',(2.61175779997015,11.7178902283458,-3.25647629787852));
#1123=CARTESIAN_POINT('',(2.61175779997015,11.6974770447796,-3.30779803628963));
#1124=CARTESIAN_POINT('',(2.5,11.5435811512594,-0.800000000000009));
#1125=CARTESIAN_POINT('',(2.5,11.662664844428,-1.02568910222282));
#1126=CARTESIAN_POINT('',(2.5,11.8510547172355,-1.52445333605893));
#1127=CARTESIAN_POINT('',(2.5,11.9249030274324,-2.3520646666425));
#1128=CARTESIAN_POINT('',(2.5,11.809978192998,-2.95241363173734));
#1129=CARTESIAN_POINT('',(2.5,11.6986331730668,-3.25647766064546));
#1130=CARTESIAN_POINT('',(2.5,11.6782200573393,-3.30779926261545));
#1131=CARTESIAN_POINT('',(2.38824220002985,11.5628376974812,-0.800000000000008));
#1132=CARTESIAN_POINT('',(2.38824220002985,11.6819213906498,-1.02568910222282));
#1133=CARTESIAN_POINT('',(2.38824220002985,11.8703112634573,-1.52445333605893));
#1134=CARTESIAN_POINT('',(2.38824220002985,11.9441489788776,-2.35207381785243));
#1135=CARTESIAN_POINT('',(2.38824220002985,11.8292296236536,-2.95242503746011));
#1136=CARTESIAN_POINT('',(2.38824220002985,11.7178869376789,-3.25648510712841));
#1137=CARTESIAN_POINT('',(2.38824220002985,11.6974741926378,-3.3078059635516));
#1138=CARTESIAN_POINT('',(2.28153197408829,11.6315319740883,-0.800000000000009));
#1139=CARTESIAN_POINT('',(2.28153197408829,11.7506156672569,-1.02568910222282));
#1140=CARTESIAN_POINT('',(2.28153197408829,11.9390055400644,-1.52445333605893));
#1141=CARTESIAN_POINT('',(2.28153197408829,12.0128218325857,-2.35209232182423));
#1142=CARTESIAN_POINT('',(2.28153197408829,11.8979135564598,-2.95244810011239));
#1143=CARTESIAN_POINT('',(2.28153197408829,11.7865755898028,-3.25650016410028));
#1144=CARTESIAN_POINT('',(2.28153197408829,11.7661635942988,-3.30781951300949));
#1145=CARTESIAN_POINT('',(2.21283769748119,11.7382422000299,-0.800000000000009));
#1146=CARTESIAN_POINT('',(2.21283769748119,11.8573258931984,-1.02568910222282));
#1147=CARTESIAN_POINT('',(2.21283769748119,12.0457157660059,-1.52445333605893));
#1148=CARTESIAN_POINT('',(2.21283769748119,12.1195042232714,-2.35211636445208));
#1149=CARTESIAN_POINT('',(2.21283769748119,12.0046103424676,-2.9524780659366));
#1150=CARTESIAN_POINT('',(2.21283769748119,11.8932785077265,-3.25651972796338));
#1151=CARTESIAN_POINT('',(2.21283769748119,11.8728674861128,-3.30783711812569));
#1152=CARTESIAN_POINT('',(2.1935811512594,11.85,-0.800000000000009));
#1153=CARTESIAN_POINT('',(2.1935811512594,11.9690836931686,-1.02568910222282));
#1154=CARTESIAN_POINT('',(2.1935811512594,12.1574735659761,-1.52445333605893));
#1155=CARTESIAN_POINT('',(2.1935811512594,12.2312358257758,-2.35213899244311));
#1156=CARTESIAN_POINT('',(2.1935811512594,12.1163554932921,-2.95250626861085));
#1157=CARTESIAN_POINT('',(2.1935811512594,12.005029429673,-3.25653814071433));
#1158=CARTESIAN_POINT('',(2.1935811512594,11.9846193246473,-3.30785368737985));
#1159=CARTESIAN_POINT('',(2.21283769748119,11.9617577999701,-0.800000000000008));
#1160=CARTESIAN_POINT('',(2.21283769748119,12.0808414931387,-1.02568910222282));
#1161=CARTESIAN_POINT('',(2.2128376974812,12.2692313659462,-1.52445333605893));
#1162=CARTESIAN_POINT('',(2.21283769748119,12.3429695879138,-2.35215975505636));
#1163=CARTESIAN_POINT('',(2.21283769748119,12.2281016868709,-2.95253214634862));
#1164=CARTESIAN_POINT('',(2.21283769748119,12.1167809186214,-3.25655503557814));
#1165=CARTESIAN_POINT('',(2.21283769748119,12.096371654623,-3.30786889071873));
#1166=CARTESIAN_POINT('',(2.28153197408829,12.0684680259117,-0.800000000000009));
#1167=CARTESIAN_POINT('',(2.28153197408829,12.1875517190803,-1.02568910222282));
#1168=CARTESIAN_POINT('',(2.28153197408829,12.3759415918878,-1.52445333605893));
#1169=CARTESIAN_POINT('',(2.28153197408829,12.4496596827054,-2.35217714328335));
#1170=CARTESIAN_POINT('',(2.28153197408829,12.3348021927178,-2.95255381837866));
#1171=CARTESIAN_POINT('',(2.28153197408829,12.2234858592225,-3.25656918465097));
#1172=CARTESIAN_POINT('',(2.28153197408829,12.2030772995659,-3.30788162317703));
#1173=CARTESIAN_POINT('',(2.38824220002985,12.1371623025188,-0.800000000000009));
#1174=CARTESIAN_POINT('',(2.38824220002985,12.2562459956874,-1.02568910222282));
#1175=CARTESIAN_POINT('',(2.38824220002985,12.4446358684949,-1.52445333605893));
#1176=CARTESIAN_POINT('',(2.38824220002985,12.5183445040317,-2.35218531025687));
#1177=CARTESIAN_POINT('',(2.38824220002985,12.4034919039511,-2.95256399738631));
#1178=CARTESIAN_POINT('',(2.38824220002985,12.2921776533893,-3.25657583024533));
#1179=CARTESIAN_POINT('',(2.38824220002985,12.2717694245508,-3.30788760341009));
#1180=CARTESIAN_POINT('',(2.5,12.1564188487406,-0.800000000000009));
#1181=CARTESIAN_POINT('',(2.5,12.2755025419092,-1.02568910222282));
#1182=CARTESIAN_POINT('',(2.5,12.4638924147167,-1.52445333605893));
#1183=CARTESIAN_POINT('',(2.5,12.5376029891838,-2.35218363551103));
#1184=CARTESIAN_POINT('',(2.5,12.4227493863632,-2.95256191004628));
#1185=CARTESIAN_POINT('',(2.5,12.3114347086683,-3.25657446747838));
#1186=CARTESIAN_POINT('',(2.5,12.2910264119912,-3.30788637708427));
#1187=CARTESIAN_POINT('',(2.61175779997015,12.1371623025188,-0.800000000000008));
#1188=CARTESIAN_POINT('',(2.61175779997015,12.2562459956874,-1.02568910222282));
#1189=CARTESIAN_POINT('',(2.61175779997015,12.4446358684949,-1.52445333605893));
#1190=CARTESIAN_POINT('',(2.61175779997015,12.5183570377385,-2.3521744843011));
#1191=CARTESIAN_POINT('',(2.61175779997015,12.4034979557076,-2.95255050432352));
#1192=CARTESIAN_POINT('',(2.61175779997015,12.2921809440561,-3.25656702099544));
#1193=CARTESIAN_POINT('',(2.61175779997015,12.2717722766926,-3.30787967614812));
#1194=CARTESIAN_POINT('',(2.71846802591171,12.0684680259117,-0.800000000000009));
#1195=CARTESIAN_POINT('',(2.71846802591171,12.1875517190803,-1.02568910222282));
#1196=CARTESIAN_POINT('',(2.71846802591171,12.3759415918878,-1.52445333605893));
#1197=CARTESIAN_POINT('',(2.71846802591171,12.4496841840305,-2.3521559803293));
#1198=CARTESIAN_POINT('',(2.71846802591171,12.3348140229014,-2.95252744167123));
#1199=CARTESIAN_POINT('',(2.71846802591171,12.2234922919322,-3.25655196402357));
#1200=CARTESIAN_POINT('',(2.71846802591171,12.2030828750317,-3.30786612669023));
#1201=CARTESIAN_POINT('',(2.7871623025188,11.9617577999702,-0.800000000000009));
#1202=CARTESIAN_POINT('',(2.7871623025188,12.0808414931387,-1.02568910222282));
#1203=CARTESIAN_POINT('',(2.7871623025188,12.2692313659462,-1.52445333605893));
#1204=CARTESIAN_POINT('',(2.7871623025188,12.3430017933448,-2.35213193770145));
#1205=CARTESIAN_POINT('',(2.7871623025188,12.2281172368936,-2.95249747584703));
#1206=CARTESIAN_POINT('',(2.7871623025188,12.1167893740085,-3.25653240016047));
#1207=CARTESIAN_POINT('',(2.7871623025188,12.0963789832176,-3.30784852157404));
#1208=CARTESIAN_POINT('',(2.8,11.8853553390593,-0.800000000000009));
#1209=CARTESIAN_POINT('',(2.8,12.0044390322279,-1.02568910222282));
#1210=CARTESIAN_POINT('',(2.8,12.1928289050354,-1.52445333605893));
#1211=CARTESIAN_POINT('',(2.8,12.2666172238219,-2.3521164840629));
#1212=CARTESIAN_POINT('',(2.8,12.1517234146341,-2.95247821501501));
#1213=CARTESIAN_POINT('',(2.8,12.040391610399,-3.25651982529258));
#1214=CARTESIAN_POINT('',(2.8,12.0199805936303,-3.30783720571022));
#1215=CARTESIAN_POINT('',(2.8,11.85,-0.800000000000008));
#1216=CARTESIAN_POINT('',(2.8,11.9690836931685,-1.02568910222282));
#1217=CARTESIAN_POINT('',(2.8,12.157473565976,-1.52445333605893));
#1218=CARTESIAN_POINT('',(2.8,12.2312698309014,-2.35210962060671));
#1219=CARTESIAN_POINT('',(2.8,12.1163719122767,-2.95246966066219));
#1220=CARTESIAN_POINT('',(2.8,12.0050383575617,-3.25651424039071));
#1221=CARTESIAN_POINT('',(2.8,11.9846270627763,-3.30783217997242));
#1222=EDGE_LOOP('',(#2140,#2141,#2142,#2143,#2144,#2145,#2146,#2147));
#1223=AXIS2_PLACEMENT_3D('',#2148,#2149,#2150);
#1224=EDGE_LOOP('',(#2151,#2152,#2153,#2154,#2155,#2156,#2157,#2158));
#1225=AXIS2_PLACEMENT_3D('',#2159,#2160,#2161);
#1226=EDGE_LOOP('',(#2162,#2163,#2164,#2165,#2166,#2167,#2168,#2169));
#1227=AXIS2_PLACEMENT_3D('',#2170,#2171,#2172);
#1228=EDGE_LOOP('',(#2173,#2174,#2175,#2176,#2177,#2178,#2179));
#1229=AXIS2_PLACEMENT_3D('',#2180,#2181,#2182);
#1230=EDGE_LOOP('',(#2183,#2184,#2185,#2186,#2187,#2188,#2189));
#1231=AXIS2_PLACEMENT_3D('',#2190,#2191,#2192);
#1232=EDGE_LOOP('',(#2193,#2194,#2195,#2196));
#1233=AXIS2_PLACEMENT_3D('',#2197,#2198,#2199);
#1234=EDGE_LOOP('',(#2200,#2201,#2202,#2203,#2204));
#1235=AXIS2_PLACEMENT_3D('',#2205,#2206,#2207);
#1236=EDGE_LOOP('',(#2208,#2209,#2210,#2211,#2212));
#1237=AXIS2_PLACEMENT_3D('',#2213,#2214,#2215);
#1238=EDGE_LOOP('',(#2216,#2217,#2218,#2219));
#1239=AXIS2_PLACEMENT_3D('',#2220,#2221,#2222);
#1240=EDGE_LOOP('',(#2223,#2224,#2225,#2226,#2227));
#1241=AXIS2_PLACEMENT_3D('',#2228,#2229,#2230);
#1242=EDGE_LOOP('',(#2231,#2232,#2233,#2234,#2235));
#1243=AXIS2_PLACEMENT_3D('',#2236,#2237,#2238);
#1244=EDGE_LOOP('',(#2239,#2240,#2241,#2242,#2243));
#1245=AXIS2_PLACEMENT_3D('',#2244,#2245,#2246);
#1246=EDGE_LOOP('',(#2247,#2248,#2249,#2250,#2251));
#1247=AXIS2_PLACEMENT_3D('',#2252,#2253,#2254);
#1248=EDGE_LOOP('',(#2255,#2256,#2257,#2258,#2259));
#1249=AXIS2_PLACEMENT_3D('',#2260,#2261,#2262);
#1250=EDGE_LOOP('',(#2263,#2264,#2265,#2266,#2267,#2268,#2269));
#1251=AXIS2_PLACEMENT_3D('',#2270,#2271,#2272);
#1252=EDGE_LOOP('',(#2273,#2274,#2275));
#1253=EDGE_LOOP('',(#2276,#2277,#2278));
#1254=EDGE_LOOP('',(#2279,#2280,#2281));
#1255=EDGE_LOOP('',(#2282,#2283,#2284,#2285,#2286,#2287,#2288,#2289,#2290,#2291,#2292,#2293,#2294,#2295,#2296,#2297));
#1256=AXIS2_PLACEMENT_3D('',#2298,#2299,#2300);
#1257=EDGE_LOOP('',(#2301,#2302));
#1258=EDGE_LOOP('',(#2303,#2304));
#1259=EDGE_LOOP('',(#2305,#2306));
#1260=EDGE_LOOP('',(#2307,#2308,#2309,#2310,#2311,#2312,#2313,#2314,#2315,#2316,#2317,#2318,#2319,#2320,#2321,#2322));
#1261=AXIS2_PLACEMENT_3D('',#2323,#2324,#2325);
#1262=EDGE_LOOP('',(#2326,#2327,#2328,#2329,#2330,#2331,#2332,#2333));
#1263=AXIS2_PLACEMENT_3D('',#2334,#2335,#2336);
#1264=EDGE_LOOP('',(#2337,#2338,#2339,#2340,#2341,#2342,#2343,#2344));
#1265=AXIS2_PLACEMENT_3D('',#2345,#2346,#2347);
#1266=EDGE_LOOP('',(#2348,#2349));
#1267=EDGE_LOOP('',(#2350,#2351,#2352,#2353,#2354,#2355,#2356,#2357,#2358,#2359,#2360,#2361,#2362,#2363,#2364,#2365,#2366,#2367,#2368,#2369,#2370,#2371,#2372,#2373));
#1268=EDGE_LOOP('',(#2374,#2375));
#1269=EDGE_LOOP('',(#2376,#2377));
#1270=AXIS2_PLACEMENT_3D('',#2378,#2379,#2380);
#1271=EDGE_LOOP('',(#2381,#2382,#2383,#2384,#2385,#2386,#2387));
#1272=AXIS2_PLACEMENT_3D('',#2388,#2389,#2390);
#1273=EDGE_LOOP('',(#2391,#2392,#2393,#2394));
#1274=AXIS2_PLACEMENT_3D('',#2395,#2396,#2397);
#1275=EDGE_LOOP('',(#2398,#2399,#2400,#2401,#2402,#2403,#2404,#2405,#2406,#2407,#2408,#2409,#2410));
#1276=AXIS2_PLACEMENT_3D('',#2411,#2412,#2413);
#1277=EDGE_LOOP('',(#2414,#2415,#2416,#2417,#2418,#2419,#2420));
#1278=AXIS2_PLACEMENT_3D('',#2421,#2422,#2423);
#1279=EDGE_LOOP('',(#2424,#2425,#2426,#2427,#2428,#2429,#2430));
#1280=AXIS2_PLACEMENT_3D('',#2431,#2432,#2433);
#1281=EDGE_LOOP('',(#2434,#2435,#2436,#2437,#2438,#2439,#2440,#2441,#2442,#2443,#2444));
#1282=AXIS2_PLACEMENT_3D('',#2445,#2446,#2447);
#1283=EDGE_LOOP('',(#2448,#2449,#2450,#2451,#2452,#2453,#2454,#2455,#2456,#2457,#2458));
#1284=AXIS2_PLACEMENT_3D('',#2459,#2460,#2461);
#1285=EDGE_LOOP('',(#2462,#2463,#2464,#2465,#2466,#2467,#2468,#2469));
#1286=AXIS2_PLACEMENT_3D('',#2470,#2471,#2472);
#1287=EDGE_LOOP('',(#2473,#2474,#2475,#2476,#2477,#2478));
#1288=AXIS2_PLACEMENT_3D('',#2479,#2480,#2481);
#1289=EDGE_LOOP('',(#2482,#2483,#2484,#2485,#2486,#2487,#2488,#2489,#2490,#2491,#2492,#2493));
#1290=AXIS2_PLACEMENT_3D('',#2494,#2495,#2496);
#1291=EDGE_LOOP('',(#2497,#2498,#2499,#2500));
#1292=AXIS2_PLACEMENT_3D('',#2501,#2502,#2503);
#1293=EDGE_LOOP('',(#2504,#2505,#2506,#2507,#2508,#2509,#2510,#2511,#2512,#2513));
#1294=AXIS2_PLACEMENT_3D('',#2514,#2515,#2516);
#1295=EDGE_LOOP('',(#2517,#2518,#2519,#2520,#2521,#2522));
#1296=AXIS2_PLACEMENT_3D('',#2523,#2524,#2525);
#1297=EDGE_LOOP('',(#2526,#2527,#2528,#2529));
#1298=AXIS2_PLACEMENT_3D('',#2530,#2531,#2532);
#1299=EDGE_LOOP('',(#2533,#2534,#2535,#2536));
#1300=AXIS2_PLACEMENT_3D('',#2537,#2538,#2539);
#1301=EDGE_LOOP('',(#2540,#2541,#2542,#2543,#2544,#2545));
#1302=AXIS2_PLACEMENT_3D('',#2546,#2547,#2548);
#1303=EDGE_LOOP('',(#2549,#2550,#2551,#2552,#2553,#2554,#2555,#2556,#2557,#2558));
#1304=AXIS2_PLACEMENT_3D('',#2559,#2560,#2561);
#1305=EDGE_LOOP('',(#2562,#2563,#2564,#2565,#2566,#2567,#2568,#2569,#2570,#2571,#2572,#2573,#2574,#2575,#2576,#2577,#2578,#2579,#2580,#2581));
#1306=AXIS2_PLACEMENT_3D('',#2582,#2583,#2584);
#1307=EDGE_LOOP('',(#2585,#2586,#2587,#2588));
#1308=AXIS2_PLACEMENT_3D('',#2589,#2590,#2591);
#1309=EDGE_LOOP('',(#2592,#2593,#2594,#2595));
#1310=AXIS2_PLACEMENT_3D('',#2596,#2597,#2598);
#1311=EDGE_LOOP('',(#2599,#2600,#2601,#2602,#2603,#2604,#2605,#2606,#2607,#2608,#2609,#2610,#2611));
#1312=AXIS2_PLACEMENT_3D('',#2612,#2613,#2614);
#1313=EDGE_LOOP('',(#2615,#2616,#2617,#2618,#2619,#2620,#2621,#2622,#2623,#2624,#2625,#2626,#2627,#2628,#2629,#2630));
#1314=AXIS2_PLACEMENT_3D('',#2631,#2632,#2633);
#1315=EDGE_LOOP('',(#2634,#2635,#2636,#2637));
#1316=AXIS2_PLACEMENT_3D('',#2638,#2639,#2640);
#1317=EDGE_LOOP('',(#2641,#2642,#2643,#2644));
#1318=AXIS2_PLACEMENT_3D('',#2645,#2646,#2647);
#1319=EDGE_LOOP('',(#2648,#2649,#2650,#2651));
#1320=AXIS2_PLACEMENT_3D('',#2652,#2653,#2654);
#1321=EDGE_LOOP('',(#2655,#2656,#2657,#2658));
#1322=AXIS2_PLACEMENT_3D('',#2659,#2660,#2661);
#1323=EDGE_LOOP('',(#2662,#2663,#2664,#2665));
#1324=AXIS2_PLACEMENT_3D('',#2666,#2667,#2668);
#1325=EDGE_LOOP('',(#2669,#2670,#2671,#2672));
#1326=AXIS2_PLACEMENT_3D('',#2673,#2674,#2675);
#1327=EDGE_LOOP('',(#2676,#2677,#2678,#2679));
#1328=AXIS2_PLACEMENT_3D('',#2680,#2681,#2682);
#1329=EDGE_LOOP('',(#2683,#2684));
#1330=EDGE_LOOP('',(#2685,#2686));
#1331=EDGE_LOOP('',(#2687,#2688));
#1332=EDGE_LOOP('',(#2689,#2690,#2691,#2692,#2693,#2694,#2695,#2696,#2697,#2698));
#1333=AXIS2_PLACEMENT_3D('',#2699,#2700,#2701);
#1334=EDGE_LOOP('',(#2702,#2703,#2704,#2705,#2706,#2707,#2708,#2709));
#1335=AXIS2_PLACEMENT_3D('',#2710,#2711,#2712);
#1336=EDGE_LOOP('',(#2713,#2714,#2715,#2716,#2717,#2718));
#1337=AXIS2_PLACEMENT_3D('',#2719,#2720,#2721);
#1338=EDGE_LOOP('',(#2722,#2723,#2724,#2725));
#1339=AXIS2_PLACEMENT_3D('',#2726,#2727,#2728);
#1340=EDGE_LOOP('',(#2729,#2730,#2731,#2732,#2733,#2734,#2735,#2736));
#1341=AXIS2_PLACEMENT_3D('',#2737,#2738,#2739);
#1342=EDGE_LOOP('',(#2740,#2741,#2742,#2743));
#1343=AXIS2_PLACEMENT_3D('',#2744,#2745,#2746);
#1344=EDGE_LOOP('',(#2747,#2748,#2749,#2750));
#1345=AXIS2_PLACEMENT_3D('',#2751,#2752,#2753);
#1346=EDGE_LOOP('',(#2754,#2755,#2756,#2757));
#1347=AXIS2_PLACEMENT_3D('',#2758,#2759,#2760);
#1348=EDGE_LOOP('',(#2761,#2762,#2763,#2764));
#1349=AXIS2_PLACEMENT_3D('',#2765,#2766,#2767);
#1350=EDGE_LOOP('',(#2768,#2769,#2770,#2771));
#1351=AXIS2_PLACEMENT_3D('',#2772,#2773,#2774);
#1352=EDGE_LOOP('',(#2775,#2776,#2777,#2778));
#1353=AXIS2_PLACEMENT_3D('',#2779,#2780,#2781);
#1354=EDGE_LOOP('',(#2782,#2783,#2784,#2785));
#1355=AXIS2_PLACEMENT_3D('',#2786,#2787,#2788);
#1356=EDGE_LOOP('',(#2789,#2790,#2791,#2792));
#1357=AXIS2_PLACEMENT_3D('',#2793,#2794,#2795);
#1358=EDGE_LOOP('',(#2796,#2797,#2798,#2799));
#1359=AXIS2_PLACEMENT_3D('',#2800,#2801,#2802);
#1360=EDGE_LOOP('',(#2803,#2804,#2805,#2806));
#1361=AXIS2_PLACEMENT_3D('',#2807,#2808,#2809);
#1362=EDGE_LOOP('',(#2810,#2811,#2812,#2813));
#1363=AXIS2_PLACEMENT_3D('',#2814,#2815,#2816);
#1364=EDGE_LOOP('',(#2817,#2818,#2819,#2820));
#1365=AXIS2_PLACEMENT_3D('',#2821,#2822,#2823);
#1366=EDGE_LOOP('',(#2824,#2825,#2826));
#1367=AXIS2_PLACEMENT_3D('',#2827,#2828,#2829);
#1368=EDGE_LOOP('',(#2830,#2831,#2832));
#1369=AXIS2_PLACEMENT_3D('',#2833,#2834,#2835);
#1370=EDGE_LOOP('',(#2836,#2837,#2838,#2839,#2840));
#1371=AXIS2_PLACEMENT_3D('',#2841,#2842,#2843);
#1372=EDGE_LOOP('',(#2844,#2845,#2846,#2847,#2848));
#1373=AXIS2_PLACEMENT_3D('',#2849,#2850,#2851);
#1374=EDGE_LOOP('',(#2852,#2853,#2854,#2855,#2856,#2857));
#1375=AXIS2_PLACEMENT_3D('',#2858,#2859,#2860);
#1376=EDGE_LOOP('',(#2861,#2862,#2863,#2864));
#1377=AXIS2_PLACEMENT_3D('',#2865,#2866,#2867);
#1378=EDGE_LOOP('',(#2868,#2869,#2870,#2871));
#1379=AXIS2_PLACEMENT_3D('',#2872,#2873,#2874);
#1380=EDGE_LOOP('',(#2875,#2876,#2877,#2878));
#1381=AXIS2_PLACEMENT_3D('',#2879,#2880,#2881);
#1382=EDGE_LOOP('',(#2882,#2883,#2884,#2885));
#1383=AXIS2_PLACEMENT_3D('',#2886,#2887,#2888);
#1384=EDGE_LOOP('',(#2889,#2890,#2891,#2892));
#1385=AXIS2_PLACEMENT_3D('',#2893,#2894,#2895);
#1386=EDGE_LOOP('',(#2896,#2897,#2898,#2899));
#1387=AXIS2_PLACEMENT_3D('',#2900,#2901,#2902);
#1388=EDGE_LOOP('',(#2903,#2904,#2905,#2906,#2907,#2908));
#1389=AXIS2_PLACEMENT_3D('',#2909,#2910,#2911);
#1390=EDGE_LOOP('',(#2912,#2913,#2914,#2915));
#1391=AXIS2_PLACEMENT_3D('',#2916,#2917,#2918);
#1392=EDGE_LOOP('',(#2919,#2920,#2921,#2922));
#1393=AXIS2_PLACEMENT_3D('',#2923,#2924,#2925);
#1394=EDGE_LOOP('',(#2926,#2927,#2928,#2929));
#1395=AXIS2_PLACEMENT_3D('',#2930,#2931,#2932);
#1396=EDGE_LOOP('',(#2933,#2934,#2935,#2936));
#1397=AXIS2_PLACEMENT_3D('',#2937,#2938,#2939);
#1398=EDGE_LOOP('',(#2940,#2941,#2942,#2943));
#1399=AXIS2_PLACEMENT_3D('',#2944,#2945,#2946);
#1400=EDGE_LOOP('',(#2947,#2948,#2949,#2950,#2951,#2952));
#1401=AXIS2_PLACEMENT_3D('',#2953,#2954,#2955);
#1402=EDGE_LOOP('',(#2956,#2957,#2958,#2959));
#1403=AXIS2_PLACEMENT_3D('',#2960,#2961,#2962);
#1404=EDGE_LOOP('',(#2963,#2964,#2965,#2966));
#1405=AXIS2_PLACEMENT_3D('',#2967,#2968,#2969);
#1406=EDGE_LOOP('',(#2970,#2971,#2972,#2973));
#1407=AXIS2_PLACEMENT_3D('',#2974,#2975,#2976);
#1408=EDGE_LOOP('',(#2977,#2978,#2979,#2980));
#1409=AXIS2_PLACEMENT_3D('',#2981,#2982,#2983);
#1410=EDGE_LOOP('',(#2984,#2985,#2986,#2987,#2988));
#1411=AXIS2_PLACEMENT_3D('',#2989,#2990,#2991);
#1412=EDGE_LOOP('',(#2992,#2993,#2994,#2995,#2996));
#1413=AXIS2_PLACEMENT_3D('',#2997,#2998,#2999);
#1414=EDGE_LOOP('',(#3000,#3001,#3002,#3003));
#1415=AXIS2_PLACEMENT_3D('',#3004,#3005,#3006);
#1416=EDGE_LOOP('',(#3007,#3008,#3009,#3010));
#1417=AXIS2_PLACEMENT_3D('',#3011,#3012,#3013);
#1418=EDGE_LOOP('',(#3014,#3015,#3016,#3017));
#1419=AXIS2_PLACEMENT_3D('',#3018,#3019,#3020);
#1420=EDGE_LOOP('',(#3021,#3022,#3023,#3024));
#1421=AXIS2_PLACEMENT_3D('',#3025,#3026,#3027);
#1422=EDGE_LOOP('',(#3028,#3029,#3030,#3031,#3032,#3033,#3034,#3035));
#1423=AXIS2_PLACEMENT_3D('',#3036,#3037,#3038);
#1424=EDGE_LOOP('',(#3039,#3040,#3041,#3042,#3043,#3044));
#1425=AXIS2_PLACEMENT_3D('',#3045,#3046,#3047);
#1426=EDGE_LOOP('',(#3048,#3049,#3050,#3051));
#1427=AXIS2_PLACEMENT_3D('',#3052,#3053,#3054);
#1428=EDGE_LOOP('',(#3055,#3056,#3057,#3058));
#1429=AXIS2_PLACEMENT_3D('',#3059,#3060,#3061);
#1430=EDGE_LOOP('',(#3062,#3063,#3064));
#1431=AXIS2_PLACEMENT_3D('',#3065,#3066,#3067);
#1432=EDGE_LOOP('',(#3068,#3069,#3070));
#1433=AXIS2_PLACEMENT_3D('',#3071,#3072,#3073);
#1434=EDGE_LOOP('',(#3074,#3075,#3076,#3077));
#1435=AXIS2_PLACEMENT_3D('',#3078,#3079,#3080);
#1436=EDGE_LOOP('',(#3081,#3082,#3083,#3084,#3085,#3086));
#1437=AXIS2_PLACEMENT_3D('',#3087,#3088,#3089);
#1438=EDGE_LOOP('',(#3090,#3091,#3092,#3093,#3094));
#1439=AXIS2_PLACEMENT_3D('',#3095,#3096,#3097);
#1440=EDGE_LOOP('',(#3098,#3099,#3100));
#1441=AXIS2_PLACEMENT_3D('',#3101,#3102,#3103);
#1442=EDGE_LOOP('',(#3104,#3105,#3106,#3107));
#1443=AXIS2_PLACEMENT_3D('',#3108,#3109,#3110);
#1444=EDGE_LOOP('',(#3111,#3112,#3113,#3114,#3115,#3116));
#1445=AXIS2_PLACEMENT_3D('',#3117,#3118,#3119);
#1446=EDGE_LOOP('',(#3120,#3121,#3122,#3123,#3124));
#1447=AXIS2_PLACEMENT_3D('',#3125,#3126,#3127);
#1448=EDGE_LOOP('',(#3128,#3129,#3130,#3131));
#1449=CARTESIAN_POINT('',(2.8,11.85,-0.800000000000008));
#1450=CARTESIAN_POINT('',(2.8,11.9690836931685,-1.02568910222282));
#1451=CARTESIAN_POINT('',(2.8,12.157473565976,-1.52445333605893));
#1452=CARTESIAN_POINT('',(2.8,12.2312698309014,-2.35210962060671));
#1453=CARTESIAN_POINT('',(2.8,12.1163719122767,-2.95246966066219));
#1454=CARTESIAN_POINT('',(2.8,12.0050383575617,-3.25651424039071));
#1455=CARTESIAN_POINT('',(2.8,11.9846270627763,-3.30783217997242));
#1456=CARTESIAN_POINT('',(2.8,11.8146446609407,-0.800000000000008));
#1457=CARTESIAN_POINT('',(2.8,11.9337283541092,-1.02568910222282));
#1458=CARTESIAN_POINT('',(2.8,12.1221182269167,-1.52445333605893));
#1459=CARTESIAN_POINT('',(2.8,12.1959224379809,-2.35210275715053));
#1460=CARTESIAN_POINT('',(2.8,12.0810204099193,-2.95246110630936));
#1461=CARTESIAN_POINT('',(2.8,11.9696851047244,-3.25650865548884));
#1462=CARTESIAN_POINT('',(2.8,11.9492735319222,-3.30782715423462));
#1463=CARTESIAN_POINT('',(2.7871623025188,11.7382422000299,-0.800000000000008));
#1464=CARTESIAN_POINT('',(2.7871623025188,11.8573258931984,-1.02568910222282));
#1465=CARTESIAN_POINT('',(2.7871623025188,12.0457157660059,-1.52445333605893));
#1466=CARTESIAN_POINT('',(2.7871623025188,12.1195364287023,-2.35208854709717));
#1467=CARTESIAN_POINT('',(2.7871623025188,12.0046258924902,-2.95244339543501));
#1468=CARTESIAN_POINT('',(2.7871623025188,11.8932869631137,-3.2564970925457));
#1469=CARTESIAN_POINT('',(2.7871623025188,11.8728748147074,-3.30781674898099));
#1470=CARTESIAN_POINT('',(2.71846802591171,11.6315319740883,-0.800000000000008));
#1471=CARTESIAN_POINT('',(2.71846802591171,11.7506156672569,-1.02568910222282));
#1472=CARTESIAN_POINT('',(2.71846802591171,11.9390055400644,-1.52445333605893));
#1473=CARTESIAN_POINT('',(2.71846802591171,12.0128463339108,-2.35207115887018));
#1474=CARTESIAN_POINT('',(2.71846802591171,11.8979253866433,-2.95242172340496));
#1475=CARTESIAN_POINT('',(2.71846802591171,11.7865820225126,-3.25648294347288));
#1476=CARTESIAN_POINT('',(2.71846802591171,11.7661691697646,-3.30780401652269));
#1477=CARTESIAN_POINT('',(2.61175779997015,11.5628376974812,-0.800000000000009));
#1478=CARTESIAN_POINT('',(2.61175779997015,11.6819213906498,-1.02568910222282));
#1479=CARTESIAN_POINT('',(2.61175779997015,11.8703112634573,-1.52445333605893));
#1480=CARTESIAN_POINT('',(2.61175779997015,11.9441615125845,-2.35206299189666));
#1481=CARTESIAN_POINT('',(2.61175779997015,11.82923567541,-2.95241154439731));
#1482=CARTESIAN_POINT('',(2.61175779997015,11.7178902283458,-3.25647629787852));
#1483=CARTESIAN_POINT('',(2.61175779997015,11.6974770447796,-3.30779803628963));
#1484=CARTESIAN_POINT('',(2.5,11.5435811512594,-0.800000000000009));
#1485=CARTESIAN_POINT('',(2.5,11.662664844428,-1.02568910222282));
#1486=CARTESIAN_POINT('',(2.5,11.8510547172355,-1.52445333605893));
#1487=CARTESIAN_POINT('',(2.5,11.9249030274324,-2.3520646666425));
#1488=CARTESIAN_POINT('',(2.5,11.809978192998,-2.95241363173734));
#1489=CARTESIAN_POINT('',(2.5,11.6986331730668,-3.25647766064546));
#1490=CARTESIAN_POINT('',(2.5,11.6782200573393,-3.30779926261545));
#1491=CARTESIAN_POINT('',(2.38824220002985,11.5628376974812,-0.800000000000008));
#1492=CARTESIAN_POINT('',(2.38824220002985,11.6819213906498,-1.02568910222282));
#1493=CARTESIAN_POINT('',(2.38824220002985,11.8703112634573,-1.52445333605893));
#1494=CARTESIAN_POINT('',(2.38824220002985,11.9441489788776,-2.35207381785243));
#1495=CARTESIAN_POINT('',(2.38824220002985,11.8292296236536,-2.95242503746011));
#1496=CARTESIAN_POINT('',(2.38824220002985,11.7178869376789,-3.25648510712841));
#1497=CARTESIAN_POINT('',(2.38824220002985,11.6974741926378,-3.3078059635516));
#1498=CARTESIAN_POINT('',(2.28153197408829,11.6315319740883,-0.800000000000009));
#1499=CARTESIAN_POINT('',(2.28153197408829,11.7506156672569,-1.02568910222282));
#1500=CARTESIAN_POINT('',(2.28153197408829,11.9390055400644,-1.52445333605893));
#1501=CARTESIAN_POINT('',(2.28153197408829,12.0128218325857,-2.35209232182423));
#1502=CARTESIAN_POINT('',(2.28153197408829,11.8979135564598,-2.95244810011239));
#1503=CARTESIAN_POINT('',(2.28153197408829,11.7865755898028,-3.25650016410028));
#1504=CARTESIAN_POINT('',(2.28153197408829,11.7661635942988,-3.30781951300949));
#1505=CARTESIAN_POINT('',(2.21283769748119,11.7382422000299,-0.800000000000009));
#1506=CARTESIAN_POINT('',(2.21283769748119,11.8573258931984,-1.02568910222282));
#1507=CARTESIAN_POINT('',(2.21283769748119,12.0457157660059,-1.52445333605893));
#1508=CARTESIAN_POINT('',(2.21283769748119,12.1195042232714,-2.35211636445208));
#1509=CARTESIAN_POINT('',(2.21283769748119,12.0046103424676,-2.9524780659366));
#1510=CARTESIAN_POINT('',(2.21283769748119,11.8932785077265,-3.25651972796338));
#1511=CARTESIAN_POINT('',(2.21283769748119,11.8728674861128,-3.30783711812569));
#1512=CARTESIAN_POINT('',(2.1935811512594,11.85,-0.800000000000009));
#1513=CARTESIAN_POINT('',(2.1935811512594,11.9690836931686,-1.02568910222282));
#1514=CARTESIAN_POINT('',(2.1935811512594,12.1574735659761,-1.52445333605893));
#1515=CARTESIAN_POINT('',(2.1935811512594,12.2312358257758,-2.35213899244311));
#1516=CARTESIAN_POINT('',(2.1935811512594,12.1163554932921,-2.95250626861085));
#1517=CARTESIAN_POINT('',(2.1935811512594,12.005029429673,-3.25653814071433));
#1518=CARTESIAN_POINT('',(2.1935811512594,11.9846193246473,-3.30785368737985));
#1519=CARTESIAN_POINT('',(2.21283769748119,11.9617577999701,-0.800000000000008));
#1520=CARTESIAN_POINT('',(2.21283769748119,12.0808414931387,-1.02568910222282));
#1521=CARTESIAN_POINT('',(2.2128376974812,12.2692313659462,-1.52445333605893));
#1522=CARTESIAN_POINT('',(2.21283769748119,12.3429695879138,-2.35215975505636));
#1523=CARTESIAN_POINT('',(2.21283769748119,12.2281016868709,-2.95253214634862));
#1524=CARTESIAN_POINT('',(2.21283769748119,12.1167809186214,-3.25655503557814));
#1525=CARTESIAN_POINT('',(2.21283769748119,12.096371654623,-3.30786889071873));
#1526=CARTESIAN_POINT('',(2.28153197408829,12.0684680259117,-0.800000000000009));
#1527=CARTESIAN_POINT('',(2.28153197408829,12.1875517190803,-1.02568910222282));
#1528=CARTESIAN_POINT('',(2.28153197408829,12.3759415918878,-1.52445333605893));
#1529=CARTESIAN_POINT('',(2.28153197408829,12.4496596827054,-2.35217714328335));
#1530=CARTESIAN_POINT('',(2.28153197408829,12.3348021927178,-2.95255381837866));
#1531=CARTESIAN_POINT('',(2.28153197408829,12.2234858592225,-3.25656918465097));
#1532=CARTESIAN_POINT('',(2.28153197408829,12.2030772995659,-3.30788162317703));
#1533=CARTESIAN_POINT('',(2.38824220002985,12.1371623025188,-0.800000000000009));
#1534=CARTESIAN_POINT('',(2.38824220002985,12.2562459956874,-1.02568910222282));
#1535=CARTESIAN_POINT('',(2.38824220002985,12.4446358684949,-1.52445333605893));
#1536=CARTESIAN_POINT('',(2.38824220002985,12.5183445040317,-2.35218531025687));
#1537=CARTESIAN_POINT('',(2.38824220002985,12.4034919039511,-2.95256399738631));
#1538=CARTESIAN_POINT('',(2.38824220002985,12.2921776533893,-3.25657583024533));
#1539=CARTESIAN_POINT('',(2.38824220002985,12.2717694245508,-3.30788760341009));
#1540=CARTESIAN_POINT('',(2.5,12.1564188487406,-0.800000000000009));
#1541=CARTESIAN_POINT('',(2.5,12.2755025419092,-1.02568910222282));
#1542=CARTESIAN_POINT('',(2.5,12.4638924147167,-1.52445333605893));
#1543=CARTESIAN_POINT('',(2.5,12.5376029891838,-2.35218363551103));
#1544=CARTESIAN_POINT('',(2.5,12.4227493863632,-2.95256191004628));
#1545=CARTESIAN_POINT('',(2.5,12.3114347086683,-3.25657446747838));
#1546=CARTESIAN_POINT('',(2.5,12.2910264119912,-3.30788637708427));
#1547=CARTESIAN_POINT('',(2.61175779997015,12.1371623025188,-0.800000000000008));
#1548=CARTESIAN_POINT('',(2.61175779997015,12.2562459956874,-1.02568910222282));
#1549=CARTESIAN_POINT('',(2.61175779997015,12.4446358684949,-1.52445333605893));
#1550=CARTESIAN_POINT('',(2.61175779997015,12.5183570377385,-2.3521744843011));
#1551=CARTESIAN_POINT('',(2.61175779997015,12.4034979557076,-2.95255050432352));
#1552=CARTESIAN_POINT('',(2.61175779997015,12.2921809440561,-3.25656702099544));
#1553=CARTESIAN_POINT('',(2.61175779997015,12.2717722766926,-3.30787967614812));
#1554=CARTESIAN_POINT('',(2.71846802591171,12.0684680259117,-0.800000000000009));
#1555=CARTESIAN_POINT('',(2.71846802591171,12.1875517190803,-1.02568910222282));
#1556=CARTESIAN_POINT('',(2.71846802591171,12.3759415918878,-1.52445333605893));
#1557=CARTESIAN_POINT('',(2.71846802591171,12.4496841840305,-2.3521559803293));
#1558=CARTESIAN_POINT('',(2.71846802591171,12.3348140229014,-2.95252744167123));
#1559=CARTESIAN_POINT('',(2.71846802591171,12.2234922919322,-3.25655196402357));
#1560=CARTESIAN_POINT('',(2.71846802591171,12.2030828750317,-3.30786612669023));
#1561=CARTESIAN_POINT('',(2.7871623025188,11.9617577999702,-0.800000000000009));
#1562=CARTESIAN_POINT('',(2.7871623025188,12.0808414931387,-1.02568910222282));
#1563=CARTESIAN_POINT('',(2.7871623025188,12.2692313659462,-1.52445333605893));
#1564=CARTESIAN_POINT('',(2.7871623025188,12.3430017933448,-2.35213193770145));
#1565=CARTESIAN_POINT('',(2.7871623025188,12.2281172368936,-2.95249747584703));
#1566=CARTESIAN_POINT('',(2.7871623025188,12.1167893740085,-3.25653240016047));
#1567=CARTESIAN_POINT('',(2.7871623025188,12.0963789832176,-3.30784852157404));
#1568=CARTESIAN_POINT('',(2.8,11.8853553390593,-0.800000000000009));
#1569=CARTESIAN_POINT('',(2.8,12.0044390322279,-1.02568910222282));
#1570=CARTESIAN_POINT('',(2.8,12.1928289050354,-1.52445333605893));
#1571=CARTESIAN_POINT('',(2.8,12.2666172238219,-2.3521164840629));
#1572=CARTESIAN_POINT('',(2.8,12.1517234146341,-2.95247821501501));
#1573=CARTESIAN_POINT('',(2.8,12.040391610399,-3.25651982529258));
#1574=CARTESIAN_POINT('',(2.8,12.0199805936303,-3.30783720571022));
#1575=CARTESIAN_POINT('',(2.8,11.85,-0.800000000000008));
#1576=CARTESIAN_POINT('',(2.8,11.9690836931685,-1.02568910222282));
#1577=CARTESIAN_POINT('',(2.8,12.157473565976,-1.52445333605893));
#1578=CARTESIAN_POINT('',(2.8,12.2312698309014,-2.35210962060671));
#1579=CARTESIAN_POINT('',(2.8,12.1163719122767,-2.95246966066219));
#1580=CARTESIAN_POINT('',(2.8,12.0050383575617,-3.25651424039071));
#1581=CARTESIAN_POINT('',(2.8,11.9846270627763,-3.30783217997242));
#1582=EDGE_LOOP('',(#3132,#3133));
#1583=AXIS2_PLACEMENT_3D('',#3134,#3135,#3136);
#1584=EDGE_LOOP('',(#3137,#3138,#3139,#3140));
#1585=CARTESIAN_POINT('',(2.79055210845409,11.9609199241002,-3.16994584265119));
#1586=CARTESIAN_POINT('',(2.80165265359653,11.9988147448764,-3.1830699713669));
#1587=CARTESIAN_POINT('',(2.80283734535504,12.0397348397355,-3.19761387415026));
#1588=CARTESIAN_POINT('',(2.78612477156523,12.1165636830613,-3.22565757626123));
#1589=CARTESIAN_POINT('',(2.76681737886091,12.1536422262868,-3.23959501575744));
#1590=CARTESIAN_POINT('',(2.71976220838418,12.2106465473454,-3.26140199086274));
#1591=CARTESIAN_POINT('',(2.68745740583836,12.2357342638782,-3.27121964676706));
#1592=CARTESIAN_POINT('',(2.6273560342656,12.2679032621073,-3.28385859576537));
#1593=CARTESIAN_POINT('',(2.59171224153712,12.2806001293577,-3.2889275860179));
#1594=CARTESIAN_POINT('',(2.51987854023099,12.2917230589199,-3.29336445013088));
#1595=CARTESIAN_POINT('',(2.48880239628566,12.2919278144215,-3.29344508222951));
#1596=CARTESIAN_POINT('',(2.41843716972069,12.2831465819445,-3.28994392465732));
#1597=CARTESIAN_POINT('',(2.38218237296589,12.2717751222277,-3.28539367550235));
#1598=CARTESIAN_POINT('',(2.33595641691441,12.2486585423389,-3.27629341604011));
#1599=CARTESIAN_POINT('',(2.32089833119584,12.2396123391907,-3.27274239295402));
#1600=CARTESIAN_POINT('',(2.29150688337385,12.2181693936493,-3.26437659063572));
#1601=CARTESIAN_POINT('',(2.27625318946451,12.2044653903425,-3.25905548218991));
#1602=CARTESIAN_POINT('',(2.25161061170625,12.1767044601939,-3.2484067138331));
#1603=CARTESIAN_POINT('',(2.24086962566907,12.1619903625842,-3.24280761020409));
#1604=CARTESIAN_POINT('',(2.22201265095801,12.1293899462518,-3.23053317989804));
#1605=CARTESIAN_POINT('',(2.21340035837681,12.1098110951433,-3.22323281996383));
#1606=CARTESIAN_POINT('',(2.19716332515337,12.0481437358649,-3.20063308404262));
#1607=CARTESIAN_POINT('',(2.19703984950627,12.0136668520087,-3.18829348290814));
#1608=CARTESIAN_POINT('',(2.21526006731977,11.9317988452049,-3.15979721843285));
#1609=CARTESIAN_POINT('',(2.23480552505626,11.8979525914042,-3.14836611635341));
#1610=CARTESIAN_POINT('',(2.27964463180645,11.8417245339855,-3.12950376432958));
#1611=CARTESIAN_POINT('',(2.3113905940753,11.8159011539662,-3.12105504315981));
#1612=CARTESIAN_POINT('',(2.37062377866103,11.7825280031805,-3.11009864302562));
#1613=CARTESIAN_POINT('',(2.40623544917996,11.7687180372111,-3.10565183019261));
#1614=CARTESIAN_POINT('',(2.47943434247135,11.7565641317135,-3.10172765355519));
#1615=CARTESIAN_POINT('',(2.51092094178688,11.7562402230198,-3.10162032198201));
#1616=CARTESIAN_POINT('',(2.58329393617341,11.7658924918357,-3.10474112235683));
#1617=CARTESIAN_POINT('',(2.61978821899917,11.7783259389749,-3.10873115417403));
#1618=CARTESIAN_POINT('',(2.68047973918834,11.8104106955807,-3.11924566568945));
#1619=CARTESIAN_POINT('',(2.71142149557345,11.8333227417924,-3.12673349203595));
#1620=CARTESIAN_POINT('',(2.76033598721021,11.8898889712638,-3.14561921415545));
#1621=CARTESIAN_POINT('',(2.77945156331166,11.9230251033241,-3.15682171393547));
#1622=CARTESIAN_POINT('',(2.79055210845409,11.9609199241002,-3.16994584265119));
#1623=CARTESIAN_POINT('',(2.64771353774618,11.8361568549962,-3.62577043699195));
#1624=CARTESIAN_POINT('',(2.65268172326068,11.8533452664061,-3.63202650711946));
#1625=CARTESIAN_POINT('',(2.65329885792779,11.8713709478833,-3.63858731862914));
#1626=CARTESIAN_POINT('',(2.64577821663221,11.906048309474,-3.6512088460511));
#1627=CARTESIAN_POINT('',(2.6373772066831,11.9223283011054,-3.65713427841892));
#1628=CARTESIAN_POINT('',(2.6144051250603,11.9504919409698,-3.66738500501761));
#1629=CARTESIAN_POINT('',(2.59973931556048,11.9620108921331,-3.67157756037128));
#1630=CARTESIAN_POINT('',(2.56700112012728,11.9797809211652,-3.67804532200053));
#1631=CARTESIAN_POINT('',(2.54920086890692,11.9860083618822,-3.68031192505713));
#1632=CARTESIAN_POINT('',(2.51196121589362,11.9919713231954,-3.68248226548352));
#1633=CARTESIAN_POINT('',(2.49302324144551,11.9921489526956,-3.68254691733466));
#1634=CARTESIAN_POINT('',(2.45576299121929,11.9873012980496,-3.68078251533667));
#1635=CARTESIAN_POINT('',(2.43791215254391,11.9817313245268,-3.67875521077059));
#1636=CARTESIAN_POINT('',(2.41297174037809,11.9691326285675,-3.67416966044875));
#1637=CARTESIAN_POINT('',(2.40512629888148,11.9643493748174,-3.67242869845974));
#1638=CARTESIAN_POINT('',(2.39044802214266,11.9535153858416,-3.66848544895784));
#1639=CARTESIAN_POINT('',(2.38356825549685,11.9472652927204,-3.66621060109768));
#1640=CARTESIAN_POINT('',(2.37149769885643,11.9336259047109,-3.66124626985052));
#1641=CARTESIAN_POINT('',(2.36624386722374,11.9263608292059,-3.65860199861646));
#1642=CARTESIAN_POINT('',(2.3573613119374,11.9108826205266,-3.65296839137753));
#1643=CARTESIAN_POINT('',(2.35376041704738,11.9024508071014,-3.64989946226971));
#1644=CARTESIAN_POINT('',(2.3469487087131,11.8768056920518,-3.64056540373724));
#1645=CARTESIAN_POINT('',(2.34682209349682,11.8584684734968,-3.6338912020044));
#1646=CARTESIAN_POINT('',(2.35465205450447,11.823887748369,-3.62130484737864));
#1647=CARTESIAN_POINT('',(2.36353024060984,11.8078252403287,-3.61545857256423));
#1648=CARTESIAN_POINT('',(2.38622461915975,11.7796452206997,-3.60520188421896));
#1649=CARTESIAN_POINT('',(2.40077689166265,11.7678807566799,-3.60091996949299));
#1650=CARTESIAN_POINT('',(2.43306929844075,11.7497874281612,-3.59433453647456));
#1651=CARTESIAN_POINT('',(2.45074532374382,11.743241622711,-3.59195205813076));
#1652=CARTESIAN_POINT('',(2.48784818207905,11.7370243228099,-3.58968914602956));
#1653=CARTESIAN_POINT('',(2.50675566128291,11.736783844367,-3.58960161903378));
#1654=CARTESIAN_POINT('',(2.54423730362321,11.7418713269367,-3.59145331125738));
#1655=CARTESIAN_POINT('',(2.56188131136147,11.7476611100358,-3.59356061996735));
#1656=CARTESIAN_POINT('',(2.5948701247354,11.7649182597224,-3.59984170878235));
#1657=CARTESIAN_POINT('',(2.60965067692327,11.7758337905043,-3.60381463707687));
#1658=CARTESIAN_POINT('',(2.6336146840474,11.8033915124872,-3.61384482760414));
#1659=CARTESIAN_POINT('',(2.64274535223168,11.8189684435863,-3.61951436686445));
#1660=CARTESIAN_POINT('',(2.64771353774618,11.8361568549962,-3.62577043699195));
#1661=EDGE_LOOP('',(#3141,#3142,#3143,#3144));
#1662=CARTESIAN_POINT('',(0.300000000000001,11.85,-0.800000000000051));
#1663=CARTESIAN_POINT('',(0.300000000000001,11.7309163068314,-1.02568910222287));
#1664=CARTESIAN_POINT('',(0.300000000000001,11.5425264340239,-1.52445333605898));
#1665=CARTESIAN_POINT('',(0.300000000000001,11.4687301690985,-2.35210962060678));
#1666=CARTESIAN_POINT('',(0.300000000000001,11.5848652704011,-2.95893413844322));
#1667=CARTESIAN_POINT('',(0.300000000000001,11.699364698695,-3.26847793720782));
#1668=CARTESIAN_POINT('',(0.300000000000001,11.7224595379613,-3.32548576810323));
#1669=CARTESIAN_POINT('',(0.300000000000001,11.8853553390593,-0.800000000000051));
#1670=CARTESIAN_POINT('',(0.300000000000001,11.7662716458908,-1.02568910222287));
#1671=CARTESIAN_POINT('',(0.300000000000001,11.5778817730833,-1.52445333605898));
#1672=CARTESIAN_POINT('',(0.300000000000001,11.504077562019,-2.35210275715059));
#1673=CARTESIAN_POINT('',(0.300000000000001,11.6202168170076,-2.95892556588338));
#1674=CARTESIAN_POINT('',(0.300000000000001,11.7347180202726,-3.26847247075098));
#1675=CARTESIAN_POINT('',(0.300000000000001,11.7578131637428,-3.32548093695468));
#1676=CARTESIAN_POINT('',(0.287162302518804,11.9617577999701,-0.80000000000005));
#1677=CARTESIAN_POINT('',(0.287162302518804,11.8426741068016,-1.02568910222287));
#1678=CARTESIAN_POINT('',(0.287162302518804,11.6542842339941,-1.52445333605898));
#1679=CARTESIAN_POINT('',(0.287162302518804,11.5804635712976,-2.35208854709723));
#1680=CARTESIAN_POINT('',(0.287162302518804,11.6966114260496,-2.95890781731335));
#1681=CARTESIAN_POINT('',(0.287162302518804,11.8111163042028,-3.26846115303565));
#1682=CARTESIAN_POINT('',(0.287162302518804,11.8342120774946,-3.32547093457732));
#1683=CARTESIAN_POINT('',(0.218468025911709,12.0684680259117,-0.800000000000051));
#1684=CARTESIAN_POINT('',(0.218468025911709,11.9493843327432,-1.02568910222287));
#1685=CARTESIAN_POINT('',(0.218468025911709,11.7609944599356,-1.52445333605898));
#1686=CARTESIAN_POINT('',(0.218468025911709,11.6871536660892,-2.35207115887024));
#1687=CARTESIAN_POINT('',(0.218468025911709,11.8033120439993,-2.95888609915673));
#1688=CARTESIAN_POINT('',(0.218468025911709,11.9178214189541,-3.26844730403747));
#1689=CARTESIAN_POINT('',(0.218468025911709,11.9409179629313,-3.32545869510127));
#1690=CARTESIAN_POINT('',(0.111757799970151,12.1371623025188,-0.800000000000051));
#1691=CARTESIAN_POINT('',(0.111757799970151,12.0180786093502,-1.02568910222287));
#1692=CARTESIAN_POINT('',(0.111757799970151,11.8296887365427,-1.52445333605898));
#1693=CARTESIAN_POINT('',(0.111757799970151,11.7558384874155,-2.35206299189672));
#1694=CARTESIAN_POINT('',(0.111757799970151,11.8720018078855,-2.95887589848416));
#1695=CARTESIAN_POINT('',(0.111757799970151,11.9865132949165,-3.2684407993834));
#1696=CARTESIAN_POINT('',(0.111757799970151,12.0096102008723,-3.32545294641413));
#1697=CARTESIAN_POINT('',(-1.53790301921352E-16,12.1564188487406,-0.800000000000051));
#1698=CARTESIAN_POINT('',(-1.53790301921352E-16,12.0373351555721,-1.02568910222287));
#1699=CARTESIAN_POINT('',(-1.53790301921352E-16,11.8489452827646,-1.52445333605898));
#1700=CARTESIAN_POINT('',(-1.53773749376335E-16,11.7750969725676,-2.35206466664256));
#1701=CARTESIAN_POINT('',(-1.53773749376335E-16,11.8912592795004,-2.95887799026687));
#1702=CARTESIAN_POINT('',(-1.53780016300838E-16,12.0057703334222,-3.26844213324867));
#1703=CARTESIAN_POINT('',(-1.53781258560017E-16,12.0288671651496,-3.3254541252584));
#1704=CARTESIAN_POINT('',(-0.11175779997015,12.1371623025188,-0.80000000000005));
#1705=CARTESIAN_POINT('',(-0.11175779997015,12.0180786093502,-1.02568910222287));
#1706=CARTESIAN_POINT('',(-0.11175779997015,11.8296887365427,-1.52445333605898));
#1707=CARTESIAN_POINT('',(-0.11175779997015,11.7558510211223,-2.35207381785249));
#1708=CARTESIAN_POINT('',(-0.11175779997015,11.8720077898465,-2.95888942026549));
#1709=CARTESIAN_POINT('',(-0.11175779997015,11.9865164771569,-3.26844942180602));
#1710=CARTESIAN_POINT('',(-0.11175779997015,12.009612903282,-3.32546056674405));
#1711=CARTESIAN_POINT('',(-0.218468025911708,12.0684680259117,-0.800000000000051));
#1712=CARTESIAN_POINT('',(-0.218468025911708,11.9493843327432,-1.02568910222287));
#1713=CARTESIAN_POINT('',(-0.218468025911708,11.7609944599356,-1.52445333605898));
#1714=CARTESIAN_POINT('',(-0.218468025911708,11.6871781674143,-2.35209232182429));
#1715=CARTESIAN_POINT('',(-0.218468025911708,11.8033237377442,-2.95891253200413));
#1716=CARTESIAN_POINT('',(-0.218468025911708,11.9178276397082,-3.26846415944845));
#1717=CARTESIAN_POINT('',(-0.218468025911708,11.9409232456956,-3.32547359158666));
#1718=CARTESIAN_POINT('',(-0.287162302518804,11.9617577999702,-0.800000000000051));
#1719=CARTESIAN_POINT('',(-0.287162302518804,11.8426741068016,-1.02568910222287));
#1720=CARTESIAN_POINT('',(-0.287162302518804,11.6542842339941,-1.52445333605898));
#1721=CARTESIAN_POINT('',(-0.287162302518804,11.5804957767286,-2.35211636445214));
#1722=CARTESIAN_POINT('',(-0.287162302518804,11.6966267967324,-2.95894256160735));
#1723=CARTESIAN_POINT('',(-0.287162302518804,11.8111244809878,-3.26848330839961));
#1724=CARTESIAN_POINT('',(-0.287162302518804,11.8342190213517,-3.32549051505839));
#1725=CARTESIAN_POINT('',(-0.306418848740599,11.85,-0.800000000000051));
#1726=CARTESIAN_POINT('',(-0.306418848740599,11.7309163068314,-1.02568910222287));
#1727=CARTESIAN_POINT('',(-0.306418848740599,11.5425264340239,-1.52445333605898));
#1728=CARTESIAN_POINT('',(-0.306418848740599,11.4687641742242,-2.35213899244317));
#1729=CARTESIAN_POINT('',(-0.306418848740599,11.584881500024,-2.95897082430794));
#1730=CARTESIAN_POINT('',(-0.306418848740599,11.6993733324128,-3.2685013306515));
#1731=CARTESIAN_POINT('',(-0.306418848740599,11.7224668698531,-3.32550644277515));
#1732=CARTESIAN_POINT('',(-0.287162302518804,11.7382422000298,-0.80000000000005));
#1733=CARTESIAN_POINT('',(-0.287162302518804,11.6191585068613,-1.02568910222287));
#1734=CARTESIAN_POINT('',(-0.287162302518804,11.4307686340538,-1.52445333605898));
#1735=CARTESIAN_POINT('',(-0.287162302518804,11.3570304120862,-2.35215975505642));
#1736=CARTESIAN_POINT('',(-0.287162302518804,11.4731351725875,-2.95899675712367));
#1737=CARTESIAN_POINT('',(-0.287162302518804,11.5876216355184,-3.26851786720772));
#1738=CARTESIAN_POINT('',(-0.287162302518804,11.6107142527129,-3.32552105746288));
#1739=CARTESIAN_POINT('',(-0.218468025911709,11.6315319740883,-0.800000000000051));
#1740=CARTESIAN_POINT('',(-0.218468025911709,11.5124482809197,-1.02568910222287));
#1741=CARTESIAN_POINT('',(-0.218468025911709,11.3240584081122,-1.52445333605898));
#1742=CARTESIAN_POINT('',(-0.218468025911709,11.2503403172946,-2.35217714328341));
#1743=CARTESIAN_POINT('',(-0.218468025911709,11.3664345546379,-2.95901847528029));
#1744=CARTESIAN_POINT('',(-0.218468025911709,11.4809165207671,-3.2685317162059));
#1745=CARTESIAN_POINT('',(-0.218468025911709,11.5040083672762,-3.32553329693894));
#1746=CARTESIAN_POINT('',(-0.111757799970151,11.5628376974812,-0.800000000000051));
#1747=CARTESIAN_POINT('',(-0.111757799970151,11.4437540043126,-1.02568910222287));
#1748=CARTESIAN_POINT('',(-0.111757799970151,11.2553641315051,-1.52445333605898));
#1749=CARTESIAN_POINT('',(-0.111757799970151,11.1816554959683,-2.35218531025693));
#1750=CARTESIAN_POINT('',(-0.111757799970151,11.2977447907517,-2.95902867595286));
#1751=CARTESIAN_POINT('',(-0.111757799970151,11.4122246448047,-3.26853822085998));
#1752=CARTESIAN_POINT('',(-0.111757799970151,11.4353161293352,-3.32553904562608));
#1753=CARTESIAN_POINT('',(2.3705702876825E-16,11.5435811512594,-0.800000000000051));
#1754=CARTESIAN_POINT('',(2.3705702876825E-16,11.4244974580909,-1.02568910222287));
#1755=CARTESIAN_POINT('',(2.3705702876825E-16,11.2361075852833,-1.52445333605898));
#1756=CARTESIAN_POINT('',(2.37074357541112E-16,11.1623970108162,-2.35218363551109));
#1757=CARTESIAN_POINT('',(2.37074357541112E-16,11.2784873191368,-2.95902658417015));
#1758=CARTESIAN_POINT('',(2.37067796730606E-16,11.392967606299,-3.2685368869947));
#1759=CARTESIAN_POINT('',(2.37066496215964E-16,11.416059165058,-3.32553786678181));
#1760=CARTESIAN_POINT('',(0.11175779997015,11.5628376974812,-0.80000000000005));
#1761=CARTESIAN_POINT('',(0.11175779997015,11.4437540043126,-1.02568910222287));
#1762=CARTESIAN_POINT('',(0.11175779997015,11.2553641315051,-1.52445333605898));
#1763=CARTESIAN_POINT('',(0.11175779997015,11.1816429622615,-2.35217448430116));
#1764=CARTESIAN_POINT('',(0.11175779997015,11.2977388087907,-2.95901515417153));
#1765=CARTESIAN_POINT('',(0.11175779997015,11.4122214625643,-3.26852959843735));
#1766=CARTESIAN_POINT('',(0.11175779997015,11.4353134269254,-3.32553142529616));
#1767=CARTESIAN_POINT('',(0.218468025911708,11.6315319740883,-0.800000000000051));
#1768=CARTESIAN_POINT('',(0.218468025911708,11.5124482809197,-1.02568910222287));
#1769=CARTESIAN_POINT('',(0.218468025911708,11.3240584081122,-1.52445333605898));
#1770=CARTESIAN_POINT('',(0.218468025911708,11.2503158159695,-2.35215598032936));
#1771=CARTESIAN_POINT('',(0.218468025911708,11.366422860893,-2.95899204243289));
#1772=CARTESIAN_POINT('',(0.218468025911708,11.480910300013,-3.26851486079492));
#1773=CARTESIAN_POINT('',(0.218468025911708,11.5040030845119,-3.32551840045355));
#1774=CARTESIAN_POINT('',(0.287162302518804,11.7382422000299,-0.800000000000051));
#1775=CARTESIAN_POINT('',(0.287162302518804,11.6191585068613,-1.02568910222287));
#1776=CARTESIAN_POINT('',(0.287162302518804,11.4307686340538,-1.52445333605898));
#1777=CARTESIAN_POINT('',(0.287162302518804,11.3569982066552,-2.35213193770151));
#1778=CARTESIAN_POINT('',(0.287162302518804,11.4731198019048,-2.95896201282967));
#1779=CARTESIAN_POINT('',(0.287162302518804,11.5876134587334,-3.26849571184376));
#1780=CARTESIAN_POINT('',(0.287162302518804,11.6107073088558,-3.32550147698182));
#1781=CARTESIAN_POINT('',(0.300000000000001,11.8146446609407,-0.800000000000051));
#1782=CARTESIAN_POINT('',(0.300000000000001,11.6955609677721,-1.02568910222287));
#1783=CARTESIAN_POINT('',(0.300000000000001,11.5071710949646,-1.52445333605898));
#1784=CARTESIAN_POINT('',(0.300000000000001,11.4333827761781,-2.35211648406296));
#1785=CARTESIAN_POINT('',(0.300000000000001,11.5495137237947,-2.95894271100306));
#1786=CARTESIAN_POINT('',(0.300000000000001,11.6640113771174,-3.26848340366465));
#1787=CARTESIAN_POINT('',(0.300000000000001,11.6871059121799,-3.32549059925178));
#1788=CARTESIAN_POINT('',(0.300000000000001,11.85,-0.800000000000051));
#1789=CARTESIAN_POINT('',(0.300000000000001,11.7309163068314,-1.02568910222287));
#1790=CARTESIAN_POINT('',(0.300000000000001,11.5425264340239,-1.52445333605898));
#1791=CARTESIAN_POINT('',(0.300000000000001,11.4687301690985,-2.35210962060678));
#1792=CARTESIAN_POINT('',(0.300000000000001,11.5848652704011,-2.95893413844322));
#1793=CARTESIAN_POINT('',(0.300000000000001,11.699364698695,-3.26847793720782));
#1794=CARTESIAN_POINT('',(0.300000000000001,11.7224595379613,-3.32548576810323));
#1795=EDGE_LOOP('',(#3145,#3146));
#1796=AXIS2_PLACEMENT_3D('',#3147,#3148,#3149);
#1797=EDGE_LOOP('',(#3150,#3151,#3152,#3153));
#1798=CARTESIAN_POINT('',(0.146891718461414,11.8721017174946,-3.64096307414369));
#1799=CARTESIAN_POINT('',(0.152248079881386,11.8552068664927,-3.64711229702148));
#1800=CARTESIAN_POINT('',(0.15344292661621,11.8371203362215,-3.65369525568029));
#1801=CARTESIAN_POINT('',(0.148409460992274,11.8111408284547,-3.66315102320874));
#1802=CARTESIAN_POINT('',(0.145616475398489,11.8025005686327,-3.66629582060042));
#1803=CARTESIAN_POINT('',(0.13800260011067,11.7865270421086,-3.67210970879171));
#1804=CARTESIAN_POINT('',(0.13326555820725,11.7789755796828,-3.67485821633966));
#1805=CARTESIAN_POINT('',(0.116430889058586,11.7575653537189,-3.68265090129844));
#1806=CARTESIAN_POINT('',(0.102333815160019,11.74597013453,-3.68687121594374));
#1807=CARTESIAN_POINT('',(0.06994995720623,11.7277110700712,-3.69351697191215));
#1808=CARTESIAN_POINT('',(0.0525884716395693,11.7212704320934,-3.69586117242597));
#1809=CARTESIAN_POINT('',(0.0158229773508054,11.7145650823088,-3.69830172015761));
#1810=CARTESIAN_POINT('',(-0.00311285885769707,11.714066100484,-3.69848333469035));
#1811=CARTESIAN_POINT('',(-0.0405920381845653,11.7181361270251,-3.69700196617488));
#1812=CARTESIAN_POINT('',(-0.0586464051149526,11.7232466719044,-3.69514187996099));
#1813=CARTESIAN_POINT('',(-0.0922776039138015,11.7393378355448,-3.68928517535687));
#1814=CARTESIAN_POINT('',(-0.107705696454681,11.7498023394353,-3.68547640742654));
#1815=CARTESIAN_POINT('',(-0.132605128697997,11.7763961678355,-3.67579704547364));
#1816=CARTESIAN_POINT('',(-0.142488977746189,11.7918983003902,-3.67015473065614));
#1817=CARTESIAN_POINT('',(-0.152745552615428,11.8258111929173,-3.65781144721837));
#1818=CARTESIAN_POINT('',(-0.153301700721009,11.8439629861601,-3.65120473477917));
#1819=CARTESIAN_POINT('',(-0.146508637861667,11.8788846694443,-3.63849428153381));
#1820=CARTESIAN_POINT('',(-0.137892107916799,11.8952408086712,-3.63254113370649));
#1821=CARTESIAN_POINT('',(-0.116012601848275,11.9234660618084,-3.62226798171175));
#1822=CARTESIAN_POINT('',(-0.101631357213296,11.9356537546533,-3.61783202429091));
#1823=CARTESIAN_POINT('',(-0.0699265124962753,11.9540940467146,-3.61112030686944));
#1824=CARTESIAN_POINT('',(-0.0521755114416003,11.9610315978704,-3.60859524474894));
#1825=CARTESIAN_POINT('',(-0.0157712777958886,11.9678960425741,-3.60609679120311));
#1826=CARTESIAN_POINT('',(0.00342792631849473,11.9684275281342,-3.60590334627912));
#1827=CARTESIAN_POINT('',(0.0405300760172423,11.9641867774984,-3.60744685328182));
#1828=CARTESIAN_POINT('',(0.0587964406624259,11.9587470147121,-3.60942676501626));
#1829=CARTESIAN_POINT('',(0.0919570939881034,11.9422067461063,-3.61544693045774));
#1830=CARTESIAN_POINT('',(0.10720176555195,11.931531772423,-3.61933230312768));
#1831=CARTESIAN_POINT('',(0.125706625047534,11.9113610872001,-3.62667383215546));
#1832=CARTESIAN_POINT('',(0.131156533186979,11.9041147213336,-3.62931129363553));
#1833=CARTESIAN_POINT('',(0.140408443012729,11.888804207542,-3.63488386492703));
#1834=CARTESIAN_POINT('',(0.144213537751428,11.8805491429955,-3.63788846270479));
#1835=CARTESIAN_POINT('',(0.146891718461414,11.8721017174946,-3.64096307414369));
#1836=CARTESIAN_POINT('',(0.288717481105014,11.7506601647294,-3.18375388427792));
#1837=CARTESIAN_POINT('',(0.300691660676431,11.7131484107824,-3.19684195302533));
#1838=CARTESIAN_POINT('',(0.303107362945724,11.6720382014971,-3.21155504153193));
#1839=CARTESIAN_POINT('',(0.291984948694789,11.6143463190862,-3.23276685008279));
#1840=CARTESIAN_POINT('',(0.285649403223607,11.5947852318787,-3.24005606000217));
#1841=CARTESIAN_POINT('',(0.268232908924534,11.5584384416449,-3.25378045972304));
#1842=CARTESIAN_POINT('',(0.258459479574746,11.5430728344749,-3.25964522943786));
#1843=CARTESIAN_POINT('',(0.223365384920035,11.4989784304412,-3.27665120810337));
#1844=CARTESIAN_POINT('',(0.192273173052082,11.4739475480978,-3.28652950374948));
#1845=CARTESIAN_POINT('',(0.132544238533192,11.4408182143304,-3.29964356740784));
#1846=CARTESIAN_POINT('',(0.0980289660610467,11.4280072086312,-3.30479924160623));
#1847=CARTESIAN_POINT('',(0.0271799305289534,11.4151649236721,-3.3099655683157));
#1848=CARTESIAN_POINT('',(-0.0045548447791635,11.4145996806529,-3.31019105057817));
#1849=CARTESIAN_POINT('',(-0.0740058239246561,11.4217943930702,-3.3073007069252));
#1850=CARTESIAN_POINT('',(-0.111126998041757,11.4322627354758,-3.3030651054958));
#1851=CARTESIAN_POINT('',(-0.173440250290976,11.4618251036701,-3.29131494326096));
#1852=CARTESIAN_POINT('',(-0.204817509764599,11.4824169797637,-3.28313657450462));
#1853=CARTESIAN_POINT('',(-0.257346279557535,11.53809153398,-3.26150958536478));
#1854=CARTESIAN_POINT('',(-0.277363648794083,11.5675665035809,-3.25018460908776));
#1855=CARTESIAN_POINT('',(-0.302387817130219,11.6508563249649,-3.21922352297777));
#1856=CARTESIAN_POINT('',(-0.303131980769204,11.6852168960572,-3.20679537879798));
#1857=CARTESIAN_POINT('',(-0.287493976231562,11.7668326820026,-3.17799619794169));
#1858=CARTESIAN_POINT('',(-0.267704132414971,11.803086213938,-3.16561814989851));
#1859=CARTESIAN_POINT('',(-0.22488573823029,11.8587877252971,-3.1467311685462));
#1860=CARTESIAN_POINT('',(-0.193116688864856,11.8859300268876,-3.13775247341302));
#1861=CARTESIAN_POINT('',(-0.134712204547957,11.9200248056175,-3.12646335626521));
#1862=CARTESIAN_POINT('',(-0.0996965406257567,11.9343478046633,-3.12179891136237));
#1863=CARTESIAN_POINT('',(-0.0272044723665451,11.947958259113,-3.11736979563292));
#1864=CARTESIAN_POINT('',(0.00516048877701964,11.9486760501571,-3.1171313181149));
#1865=CARTESIAN_POINT('',(0.0754954162319842,11.9408252828959,-3.11969344038493));
#1866=CARTESIAN_POINT('',(0.113598192212823,11.9291698716404,-3.12346421799768));
#1867=CARTESIAN_POINT('',(0.17501435570179,11.8981210231087,-3.13370554244002));
#1868=CARTESIAN_POINT('',(0.205991020497758,11.8765153998385,-3.14082872273108));
#1869=CARTESIAN_POINT('',(0.244167575470913,11.8346092701426,-3.15491192865907));
#1870=CARTESIAN_POINT('',(0.255006410362962,11.8199889762836,-3.1598695324709));
#1871=CARTESIAN_POINT('',(0.274093070758359,11.7883147689764,-3.1707000208458));
#1872=CARTESIAN_POINT('',(0.282730391319305,11.7694160417029,-3.17720984990422));
#1873=CARTESIAN_POINT('',(0.288717481105014,11.7506601647294,-3.18375388427792));
#1874=EDGE_LOOP('',(#3154,#3155,#3156,#3157));
#1875=CARTESIAN_POINT('',(-2.8,11.85,-0.800000000000008));
#1876=CARTESIAN_POINT('',(-2.8,11.9690836931685,-1.02568910222282));
#1877=CARTESIAN_POINT('',(-2.8,12.157473565976,-1.52445333605893));
#1878=CARTESIAN_POINT('',(-2.8,12.2312698309014,-2.35210962060671));
#1879=CARTESIAN_POINT('',(-2.8,12.1163083820174,-2.95280161644907));
#1880=CARTESIAN_POINT('',(-2.8,12.004813173264,-3.25712904361022));
#1881=CARTESIAN_POINT('',(-2.8,11.9842657147223,-3.30874024708453));
#1882=CARTESIAN_POINT('',(-2.8,11.8146446609407,-0.800000000000008));
#1883=CARTESIAN_POINT('',(-2.8,11.9337283541092,-1.02568910222282));
#1884=CARTESIAN_POINT('',(-2.8,12.1221182269167,-1.52445333605893));
#1885=CARTESIAN_POINT('',(-2.8,12.1959224379809,-2.35210275715053));
#1886=CARTESIAN_POINT('',(-2.8,12.0809568773878,-2.9527930611613));
#1887=CARTESIAN_POINT('',(-2.8,11.9694599168874,-3.25712346471705));
#1888=CARTESIAN_POINT('',(-2.8,11.9489121789506,-3.30873523124723));
#1889=CARTESIAN_POINT('',(-2.7871623025188,11.7382422000299,-0.800000000000008));
#1890=CARTESIAN_POINT('',(-2.7871623025188,11.8573258931984,-1.02568910222282));
#1891=CARTESIAN_POINT('',(-2.7871623025188,12.0457157660059,-1.52445333605893));
#1892=CARTESIAN_POINT('',(-2.7871623025188,12.1195364287023,-2.35208854709717));
#1893=CARTESIAN_POINT('',(-2.7871623025188,12.0045623552543,-2.95277534835124));
#1894=CARTESIAN_POINT('',(-2.7871623025188,11.893061767949,-3.25711191421428));
#1895=CARTESIAN_POINT('',(-2.7871623025188,11.8725134515544,-3.30872484649153));
#1896=CARTESIAN_POINT('',(-2.71846802591171,11.6315319740883,-0.800000000000008));
#1897=CARTESIAN_POINT('',(-2.71846802591171,11.7506156672569,-1.02568910222282));
#1898=CARTESIAN_POINT('',(-2.71846802591171,11.9390055400644,-1.52445333605893));
#1899=CARTESIAN_POINT('',(-2.71846802591171,12.0128463339108,-2.35207115887018));
#1900=CARTESIAN_POINT('',(-2.71846802591171,11.8978618436509,-2.95275367395256));
#1901=CARTESIAN_POINT('',(-2.71846802591171,11.7863568183814,-3.25709778036419));
#1902=CARTESIAN_POINT('',(-2.71846802591171,11.7658077941529,-3.30871213911565));
#1903=CARTESIAN_POINT('',(-2.61175779997015,11.5628376974812,-0.800000000000009));
#1904=CARTESIAN_POINT('',(-2.61175779997015,11.6819213906498,-1.02568910222282));
#1905=CARTESIAN_POINT('',(-2.61175779997015,11.8703112634573,-1.52445333605893));
#1906=CARTESIAN_POINT('',(-2.61175779997015,11.9441615125845,-2.35206299189666));
#1907=CARTESIAN_POINT('',(-2.61175779997015,11.8291721297138,-2.9527434938324));
#1908=CARTESIAN_POINT('',(-2.61175779997015,11.7176650200032,-3.25709114191971));
#1909=CARTESIAN_POINT('',(-2.61175779997015,11.6971156633164,-3.30870617066341));
#1910=CARTESIAN_POINT('',(-2.5,11.5435811512594,-0.800000000000009));
#1911=CARTESIAN_POINT('',(-2.5,11.662664844428,-1.02568910222282));
#1912=CARTESIAN_POINT('',(-2.5,11.8510547172355,-1.52445333605893));
#1913=CARTESIAN_POINT('',(-2.5,11.9249030274324,-2.3520646666425));
#1914=CARTESIAN_POINT('',(-2.5,11.8099146478563,-2.95274558140056));
#1915=CARTESIAN_POINT('',(-2.5,11.6984079655878,-3.25709250322048));
#1916=CARTESIAN_POINT('',(-2.5,11.677858677076,-3.30870739457341));
#1917=CARTESIAN_POINT('',(-2.38824220002985,11.5628376974812,-0.800000000000008));
#1918=CARTESIAN_POINT('',(-2.38824220002985,11.6819213906498,-1.02568910222282));
#1919=CARTESIAN_POINT('',(-2.38824220002985,11.8703112634573,-1.52445333605893));
#1920=CARTESIAN_POINT('',(-2.38824220002985,11.9441489788776,-2.35207381785243));
#1921=CARTESIAN_POINT('',(-2.38824220002985,11.8291660815414,-2.95275698836991));
#1922=CARTESIAN_POINT('',(-2.38824220002985,11.7176617349189,-3.25709994169188));
#1923=CARTESIAN_POINT('',(-2.38824220002985,11.6971128189313,-3.30871408230899));
#1924=CARTESIAN_POINT('',(-2.28153197408829,11.6315319740883,-0.800000000000009));
#1925=CARTESIAN_POINT('',(-2.28153197408829,11.7506156672569,-1.02568910222282));
#1926=CARTESIAN_POINT('',(-2.28153197408829,11.9390055400644,-1.52445333605893));
#1927=CARTESIAN_POINT('',(-2.28153197408829,12.0128218325857,-2.35209232182423));
#1928=CARTESIAN_POINT('',(-2.28153197408829,11.8978500204736,-2.95278005354282));
#1929=CARTESIAN_POINT('',(-2.28153197408829,11.7863503965847,-3.25711498246422));
#1930=CARTESIAN_POINT('',(-2.28153197408829,11.7658022338503,-3.308727605075));
#1931=CARTESIAN_POINT('',(-2.21283769748119,11.7382422000299,-0.800000000000009));
#1932=CARTESIAN_POINT('',(-2.21283769748119,11.8573258931984,-1.02568910222282));
#1933=CARTESIAN_POINT('',(-2.21283769748119,12.0457157660059,-1.52445333605893));
#1934=CARTESIAN_POINT('',(-2.21283769748119,12.1195042232714,-2.35211636445208));
#1935=CARTESIAN_POINT('',(-2.21283769748119,12.0045468144409,-2.95281002264212));
#1936=CARTESIAN_POINT('',(-2.21283769748119,11.8930533269063,-3.2571345252789));
#1937=CARTESIAN_POINT('',(-2.21283769748119,11.8725061428908,-3.30874517550984));
#1938=CARTESIAN_POINT('',(-2.1935811512594,11.85,-0.800000000000009));
#1939=CARTESIAN_POINT('',(-2.1935811512594,11.9690836931686,-1.02568910222282));
#1940=CARTESIAN_POINT('',(-2.1935811512594,12.1574735659761,-1.52445333605893));
#1941=CARTESIAN_POINT('',(-2.1935811512594,12.2312358257758,-2.35213899244311));
#1942=CARTESIAN_POINT('',(-2.1935811512594,12.1162919727567,-2.95283822839878));
#1943=CARTESIAN_POINT('',(-2.1935811512594,12.0048042605213,-3.2571529182199));
#1944=CARTESIAN_POINT('',(-2.1935811512594,11.9842579976381,-3.30876171212324));
#1945=CARTESIAN_POINT('',(-2.21283769748119,11.9617577999701,-0.800000000000008));
#1946=CARTESIAN_POINT('',(-2.21283769748119,12.0808414931387,-1.02568910222282));
#1947=CARTESIAN_POINT('',(-2.2128376974812,12.2692313659462,-1.52445333605893));
#1948=CARTESIAN_POINT('',(-2.21283769748119,12.3429695879138,-2.35215975505636));
#1949=CARTESIAN_POINT('',(-2.21283769748119,12.2280381732092,-2.95286410896484));
#1950=CARTESIAN_POINT('',(-2.21283769748119,12.1165557601762,-3.25716979490682));
#1951=CARTESIAN_POINT('',(-2.21283769748119,12.0960103424902,-3.30877688551217));
#1952=CARTESIAN_POINT('',(-2.28153197408829,12.0684680259117,-0.800000000000009));
#1953=CARTESIAN_POINT('',(-2.28153197408829,12.1875517190803,-1.02568910222282));
#1954=CARTESIAN_POINT('',(-2.28153197408829,12.3759415918878,-1.52445333605893));
#1955=CARTESIAN_POINT('',(-2.28153197408829,12.4496596827054,-2.35217714328335));
#1956=CARTESIAN_POINT('',(-2.28153197408829,12.3347386848127,-2.95288578336352));
#1957=CARTESIAN_POINT('',(-2.28153197408829,12.2232607097439,-3.25718392875691));
#1958=CARTESIAN_POINT('',(-2.28153197408829,12.2027159998916,-3.30878959288805));
#1959=CARTESIAN_POINT('',(-2.38824220002985,12.1371623025188,-0.800000000000009));
#1960=CARTESIAN_POINT('',(-2.38824220002985,12.2562459956874,-1.02568910222282));
#1961=CARTESIAN_POINT('',(-2.38824220002985,12.4446358684949,-1.52445333605893));
#1962=CARTESIAN_POINT('',(-2.38824220002985,12.5183445040317,-2.35218531025687));
#1963=CARTESIAN_POINT('',(-2.38824220002985,12.4034283987498,-2.95289596348368));
#1964=CARTESIAN_POINT('',(-2.38824220002985,12.2919525081221,-3.25719056720139));
#1965=CARTESIAN_POINT('',(-2.38824220002985,12.2714081307281,-3.30879556134029));
#1966=CARTESIAN_POINT('',(-2.5,12.1564188487406,-0.800000000000009));
#1967=CARTESIAN_POINT('',(-2.5,12.2755025419092,-1.02568910222282));
#1968=CARTESIAN_POINT('',(-2.5,12.4638924147167,-1.52445333605893));
#1969=CARTESIAN_POINT('',(-2.5,12.5376029891838,-2.35218363551103));
#1970=CARTESIAN_POINT('',(-2.5,12.4226858806073,-2.95289387591551));
#1971=CARTESIAN_POINT('',(-2.5,12.3112095625375,-3.25718920590062));
#1972=CARTESIAN_POINT('',(-2.5,12.2906651169686,-3.30879433743028));
#1973=CARTESIAN_POINT('',(-2.61175779997015,12.1371623025188,-0.800000000000008));
#1974=CARTESIAN_POINT('',(-2.61175779997015,12.2562459956874,-1.02568910222282));
#1975=CARTESIAN_POINT('',(-2.61175779997015,12.4446358684949,-1.52445333605893));
#1976=CARTESIAN_POINT('',(-2.61175779997015,12.5183570377385,-2.3521744843011));
#1977=CARTESIAN_POINT('',(-2.61175779997015,12.4034344469222,-2.95288246894616));
#1978=CARTESIAN_POINT('',(-2.61175779997015,12.2919557932063,-3.25718176742922));
#1979=CARTESIAN_POINT('',(-2.61175779997015,12.2714109751132,-3.30878764969471));
#1980=CARTESIAN_POINT('',(-2.71846802591171,12.0684680259117,-0.800000000000009));
#1981=CARTESIAN_POINT('',(-2.71846802591171,12.1875517190803,-1.02568910222282));
#1982=CARTESIAN_POINT('',(-2.71846802591171,12.3759415918878,-1.52445333605893));
#1983=CARTESIAN_POINT('',(-2.71846802591171,12.4496841840305,-2.3521559803293));
#1984=CARTESIAN_POINT('',(-2.71846802591171,12.33475050799,-2.95285940377325));
#1985=CARTESIAN_POINT('',(-2.71846802591171,12.2232671315406,-3.25716672665688));
#1986=CARTESIAN_POINT('',(-2.71846802591171,12.2027215601943,-3.30877412692869));
#1987=CARTESIAN_POINT('',(-2.7871623025188,11.9617577999702,-0.800000000000009));
#1988=CARTESIAN_POINT('',(-2.7871623025188,12.0808414931387,-1.02568910222282));
#1989=CARTESIAN_POINT('',(-2.7871623025188,12.2692313659462,-1.52445333605893));
#1990=CARTESIAN_POINT('',(-2.7871623025188,12.3430017933448,-2.35213193770145));
#1991=CARTESIAN_POINT('',(-2.7871623025188,12.2280537140226,-2.95282943467395));
#1992=CARTESIAN_POINT('',(-2.7871623025188,12.1165642012189,-3.2571471838422));
#1993=CARTESIAN_POINT('',(-2.7871623025188,12.0960176511538,-3.30875655649386));
#1994=CARTESIAN_POINT('',(-2.8,11.8853553390593,-0.800000000000009));
#1995=CARTESIAN_POINT('',(-2.8,12.0044390322279,-1.02568910222282));
#1996=CARTESIAN_POINT('',(-2.8,12.1928289050354,-1.52445333605893));
#1997=CARTESIAN_POINT('',(-2.8,12.2666172238219,-2.3521164840629));
#1998=CARTESIAN_POINT('',(-2.8,12.151659886647,-2.95281017173683));
#1999=CARTESIAN_POINT('',(-2.8,12.0401664296405,-3.25713462250339));
#2000=CARTESIAN_POINT('',(-2.8,12.019619250494,-3.30874526292184));
#2001=CARTESIAN_POINT('',(-2.8,11.85,-0.800000000000008));
#2002=CARTESIAN_POINT('',(-2.8,11.9690836931685,-1.02568910222282));
#2003=CARTESIAN_POINT('',(-2.8,12.157473565976,-1.52445333605893));
#2004=CARTESIAN_POINT('',(-2.8,12.2312698309014,-2.35210962060671));
#2005=CARTESIAN_POINT('',(-2.8,12.1163083820174,-2.95280161644907));
#2006=CARTESIAN_POINT('',(-2.8,12.004813173264,-3.25712904361022));
#2007=CARTESIAN_POINT('',(-2.8,11.9842657147223,-3.30874024708453));
#2008=EDGE_LOOP('',(#3158,#3159));
#2009=AXIS2_PLACEMENT_3D('',#3160,#3161,#3162);
#2010=EDGE_LOOP('',(#3163,#3164,#3165,#3166,#3167));
#2011=CARTESIAN_POINT('',(-2.64771353774608,11.8361568549959,-3.62577043699154));
#2012=CARTESIAN_POINT('',(-2.65260228088287,11.8531792068838,-3.63196606639533));
#2013=CARTESIAN_POINT('',(-2.65337418883457,11.8712309493378,-3.63853636332581));
#2014=CARTESIAN_POINT('',(-2.64574652956859,11.9059885866672,-3.65118710872706));
#2015=CARTESIAN_POINT('',(-2.63750024759654,11.9221035023444,-3.65705245836116));
#2016=CARTESIAN_POINT('',(-2.61449309999717,11.9504579896497,-3.66737264774775));
#2017=CARTESIAN_POINT('',(-2.60013480603888,11.9617389360415,-3.67147857644727));
#2018=CARTESIAN_POINT('',(-2.56738455216142,11.9796285424375,-3.67798986068097));
#2019=CARTESIAN_POINT('',(-2.55005017043193,11.9857812746004,-3.68022927204716));
#2020=CARTESIAN_POINT('',(-2.51271953396522,11.991933229405,-3.68246840047653));
#2021=CARTESIAN_POINT('',(-2.49390425762946,11.9921829153231,-3.68255927872038));
#2022=CARTESIAN_POINT('',(-2.45634494461926,11.9874592266643,-3.68083999665119));
#2023=CARTESIAN_POINT('',(-2.4384132955329,11.9819173040649,-3.67882290178686));
#2024=CARTESIAN_POINT('',(-2.40506568978102,11.9652032005575,-3.67273946561448));
#2025=CARTESIAN_POINT('',(-2.38984985847521,11.9543242273411,-3.66877984318589));
#2026=CARTESIAN_POINT('',(-2.36568481708194,11.9270932281967,-3.65886857004859));
#2027=CARTESIAN_POINT('',(-2.35614785455942,11.9113863848948,-3.6531517466124));
#2028=CARTESIAN_POINT('',(-2.34698887993739,11.8770010043477,-3.64063649159948));
#2029=CARTESIAN_POINT('',(-2.34678124807933,11.8588699552315,-3.63403732940524));
#2030=CARTESIAN_POINT('',(-2.35458731641648,11.8239440218683,-3.62132532925755));
#2031=CARTESIAN_POINT('',(-2.36347839700917,11.8079144295544,-3.61549103478739));
#2032=CARTESIAN_POINT('',(-2.38603292276495,11.7798565801997,-3.60527881278591));
#2033=CARTESIAN_POINT('',(-2.40055730357764,11.7680429403117,-3.60097899950782));
#2034=CARTESIAN_POINT('',(-2.43276943660676,11.7499177988687,-3.5943819875311));
#2035=CARTESIAN_POINT('',(-2.45044999763472,11.7433503478995,-3.59199163086309));
#2036=CARTESIAN_POINT('',(-2.48726819420033,11.737066440555,-3.58970447563492));
#2037=CARTESIAN_POINT('',(-2.50632785926958,11.7367820320463,-3.58960095940315));
#2038=CARTESIAN_POINT('',(-2.54361576834239,11.7417290972488,-3.59140154388439));
#2039=CARTESIAN_POINT('',(-2.56159172904196,11.7475346780737,-3.5935146024968));
#2040=CARTESIAN_POINT('',(-2.59460911971625,11.7647582268673,-3.59978346158626));
#2041=CARTESIAN_POINT('',(-2.60956130448675,11.7758130261559,-3.6038070794717));
#2042=CARTESIAN_POINT('',(-2.62756240923367,11.7963915521429,-3.61129705039767));
#2043=CARTESIAN_POINT('',(-2.63280406849126,11.8037049174479,-3.61395889767983));
#2044=CARTESIAN_POINT('',(-2.6417249957468,11.8193303224696,-3.61964608000703));
#2045=CARTESIAN_POINT('',(-2.64526916617769,11.827645679052,-3.62267262228964));
#2046=CARTESIAN_POINT('',(-2.64771353774608,11.8361568549959,-3.62577043699154));
#2047=CARTESIAN_POINT('',(-2.79055210845388,11.9609199240995,-3.16994584265072));
#2048=CARTESIAN_POINT('',(-2.8013347071966,11.9983028080406,-3.18290135599347));
#2049=CARTESIAN_POINT('',(-2.80299916768408,12.0394360178069,-3.19750153173346));
#2050=CARTESIAN_POINT('',(-2.78605966364015,12.1164200655733,-3.22560843753878));
#2051=CARTESIAN_POINT('',(-2.76705410514921,12.1531860971304,-3.23942426532738));
#2052=CARTESIAN_POINT('',(-2.71996255367554,12.2105699515515,-3.26136907314855));
#2053=CARTESIAN_POINT('',(-2.68823283243342,12.2352155265303,-3.27101675931475));
#2054=CARTESIAN_POINT('',(-2.62805099114697,12.2676287956891,-3.28374963109714));
#2055=CARTESIAN_POINT('',(-2.59342071233152,12.2801525108836,-3.28874897579853));
#2056=CARTESIAN_POINT('',(-2.52123416131607,12.2916712188703,-3.29334381041274));
#2057=CARTESIAN_POINT('',(-2.49035054707182,12.2919773566579,-3.29346476633402));
#2058=CARTESIAN_POINT('',(-2.41963791466993,12.2834533266715,-3.29006640852686));
#2059=CARTESIAN_POINT('',(-2.3828959384279,12.2720000783375,-3.28548230071971));
#2060=CARTESIAN_POINT('',(-2.32154451622216,12.241578056171,-3.27350620795567));
#2061=CARTESIAN_POINT('',(-2.28947974481049,12.2191751045412,-3.26470415593143));
#2062=CARTESIAN_POINT('',(-2.23934937589849,12.1630715164128,-3.24317128117527));
#2063=CARTESIAN_POINT('',(-2.21922228542795,12.1317874961235,-3.23128741981654));
#2064=CARTESIAN_POINT('',(-2.19712262339251,12.0480902331314,-3.20061310966858));
#2065=CARTESIAN_POINT('',(-2.19695310359406,12.0145546370071,-3.18860690910033));
#2066=CARTESIAN_POINT('',(-2.21510485471688,11.9319651639741,-3.1598507473133));
#2067=CARTESIAN_POINT('',(-2.23472009017814,11.898112333402,-3.14842089201918));
#2068=CARTESIAN_POINT('',(-2.27924221868636,11.8421719738046,-3.12965251580062));
#2069=CARTESIAN_POINT('',(-2.3109637705623,11.8162134939188,-3.12115784017115));
#2070=CARTESIAN_POINT('',(-2.37007050722183,11.7827734549385,-3.11017863014163));
#2071=CARTESIAN_POINT('',(-2.40560468210158,11.7689447066645,-3.10572480572255));
#2072=CARTESIAN_POINT('',(-2.47836269321928,11.7566342980237,-3.1017504991779));
#2073=CARTESIAN_POINT('',(-2.51018245866437,11.7562491131565,-3.10162298144484));
#2074=CARTESIAN_POINT('',(-2.58201924115707,11.7656040017647,-3.1046481919316));
#2075=CARTESIAN_POINT('',(-2.61923707474701,11.7780752485586,-3.10864966715922));
#2076=CARTESIAN_POINT('',(-2.67999346781326,11.8101158772022,-3.11914870222153));
#2077=CARTESIAN_POINT('',(-2.71126267353259,11.8332684374264,-3.12671692975284));
#2078=CARTESIAN_POINT('',(-2.74797129141043,11.8755264845886,-3.14082323687749));
#2079=CARTESIAN_POINT('',(-2.75842938504601,11.890285834896,-3.14579249813769));
#2080=CARTESIAN_POINT('',(-2.7770552942425,11.9230378933249,-3.15690773898382));
#2081=CARTESIAN_POINT('',(-2.78516080908252,11.942228482129,-3.16346808597935));
#2082=CARTESIAN_POINT('',(-2.79055210845388,11.9609199240995,-3.16994584265072));
#2083=EDGE_LOOP('',(#3168,#3169,#3170,#3171,#3172,#3173,#3174));
#2084=AXIS2_PLACEMENT_3D('',#3175,#3176,#3177);
#2085=EDGE_LOOP('',(#3178,#3179,#3180,#3181));
#2086=AXIS2_PLACEMENT_3D('',#3182,#3183,#3184);
#2087=EDGE_LOOP('',(#3185,#3186,#3187,#3188,#3189));
#2088=AXIS2_PLACEMENT_3D('',#3190,#3191,#3192);
#2089=EDGE_LOOP('',(#3193,#3194,#3195,#3196,#3197));
#2090=AXIS2_PLACEMENT_3D('',#3198,#3199,#3200);
#2091=EDGE_LOOP('',(#3201,#3202,#3203,#3204,#3205,#3206,#3207));
#2092=AXIS2_PLACEMENT_3D('',#3208,#3209,#3210);
#2093=EDGE_LOOP('',(#3211,#3212,#3213,#3214));
#2094=AXIS2_PLACEMENT_3D('',#3215,#3216,#3217);
#2095=EDGE_LOOP('',(#3218,#3219,#3220,#3221,#3222));
#2096=AXIS2_PLACEMENT_3D('',#3223,#3224,#3225);
#2097=EDGE_LOOP('',(#3226,#3227,#3228,#3229,#3230));
#2098=AXIS2_PLACEMENT_3D('',#3231,#3232,#3233);
#2099=FILL_AREA_STYLE_COLOUR('',#3234);
#2100=ORIENTED_EDGE('',*,*,#3235,.F.);
#2101=ORIENTED_EDGE('',*,*,#3236,.T.);
#2102=ORIENTED_EDGE('',*,*,#3237,.T.);
#2103=ORIENTED_EDGE('',*,*,#3238,.T.);
#2104=ORIENTED_EDGE('',*,*,#3239,.T.);
#2105=ORIENTED_EDGE('',*,*,#3240,.F.);
#2106=ORIENTED_EDGE('',*,*,#3241,.F.);
#2107=ORIENTED_EDGE('',*,*,#3242,.F.);
#2108=ORIENTED_EDGE('',*,*,#3243,.F.);
#2109=ORIENTED_EDGE('',*,*,#3244,.T.);
#2110=ORIENTED_EDGE('',*,*,#3245,.F.);
#2111=ORIENTED_EDGE('',*,*,#3246,.F.);
#2112=ORIENTED_EDGE('',*,*,#3247,.F.);
#2113=ORIENTED_EDGE('',*,*,#3248,.T.);
#2114=ORIENTED_EDGE('',*,*,#3249,.F.);
#2115=ORIENTED_EDGE('',*,*,#3250,.F.);
#2116=ORIENTED_EDGE('',*,*,#3251,.F.);
#2117=ORIENTED_EDGE('',*,*,#3252,.F.);
#2118=ORIENTED_EDGE('',*,*,#3253,.F.);
#2119=ORIENTED_EDGE('',*,*,#3254,.T.);
#2120=ORIENTED_EDGE('',*,*,#3236,.F.);
#2121=ORIENTED_EDGE('',*,*,#3255,.F.);
#2122=ORIENTED_EDGE('',*,*,#3254,.F.);
#2123=ORIENTED_EDGE('',*,*,#3256,.F.);
#2124=ORIENTED_EDGE('',*,*,#3257,.T.);
#2125=ORIENTED_EDGE('',*,*,#3237,.F.);
#2126=ORIENTED_EDGE('',*,*,#3258,.F.);
#2127=ORIENTED_EDGE('',*,*,#3259,.F.);
#2128=ORIENTED_EDGE('',*,*,#3260,.F.);
#2129=ORIENTED_EDGE('',*,*,#3261,.T.);
#2130=ORIENTED_EDGE('',*,*,#3241,.T.);
#2131=ORIENTED_EDGE('',*,*,#3262,.T.);
#2132=ORIENTED_EDGE('',*,*,#3243,.T.);
#2133=ORIENTED_EDGE('',*,*,#3263,.F.);
#2134=ORIENTED_EDGE('',*,*,#3249,.T.);
#2135=ORIENTED_EDGE('',*,*,#3264,.T.);
#2136=ORIENTED_EDGE('',*,*,#3251,.T.);
#2137=ORIENTED_EDGE('',*,*,#3265,.T.);
#2138=ORIENTED_EDGE('',*,*,#3266,.F.);
#2139=ORIENTED_EDGE('',*,*,#3267,.F.);
#2140=ORIENTED_EDGE('',*,*,#3268,.F.);
#2141=ORIENTED_EDGE('',*,*,#3269,.F.);
#2142=ORIENTED_EDGE('',*,*,#3270,.F.);
#2143=ORIENTED_EDGE('',*,*,#3271,.F.);
#2144=ORIENTED_EDGE('',*,*,#3272,.F.);
#2145=ORIENTED_EDGE('',*,*,#3273,.F.);
#2146=ORIENTED_EDGE('',*,*,#3274,.T.);
#2147=ORIENTED_EDGE('',*,*,#3275,.T.);
#2148=CARTESIAN_POINT('',(2.5,11.15,2.7));
#2149=DIRECTION('',(-1.0,0.0,0.0));
#2150=DIRECTION('',(0.0,0.0,1.0));
#2151=ORIENTED_EDGE('',*,*,#3276,.F.);
#2152=ORIENTED_EDGE('',*,*,#3277,.T.);
#2153=ORIENTED_EDGE('',*,*,#3278,.F.);
#2154=ORIENTED_EDGE('',*,*,#3279,.F.);
#2155=ORIENTED_EDGE('',*,*,#3280,.F.);
#2156=ORIENTED_EDGE('',*,*,#3281,.F.);
#2157=ORIENTED_EDGE('',*,*,#3282,.T.);
#2158=ORIENTED_EDGE('',*,*,#3283,.T.);
#2159=CARTESIAN_POINT('',(0.0,11.15,2.7));
#2160=DIRECTION('',(-1.0,0.0,0.0));
#2161=DIRECTION('',(0.0,0.0,1.0));
#2162=ORIENTED_EDGE('',*,*,#3284,.F.);
#2163=ORIENTED_EDGE('',*,*,#3285,.T.);
#2164=ORIENTED_EDGE('',*,*,#3286,.F.);
#2165=ORIENTED_EDGE('',*,*,#3287,.F.);
#2166=ORIENTED_EDGE('',*,*,#3288,.F.);
#2167=ORIENTED_EDGE('',*,*,#3289,.F.);
#2168=ORIENTED_EDGE('',*,*,#3290,.T.);
#2169=ORIENTED_EDGE('',*,*,#3291,.T.);
#2170=CARTESIAN_POINT('',(-2.5,11.15,2.7));
#2171=DIRECTION('',(-1.0,0.0,0.0));
#2172=DIRECTION('',(0.0,0.0,1.0));
#2173=ORIENTED_EDGE('',*,*,#3292,.F.);
#2174=ORIENTED_EDGE('',*,*,#3293,.F.);
#2175=ORIENTED_EDGE('',*,*,#3294,.T.);
#2176=ORIENTED_EDGE('',*,*,#3287,.T.);
#2177=ORIENTED_EDGE('',*,*,#3295,.T.);
#2178=ORIENTED_EDGE('',*,*,#3296,.T.);
#2179=ORIENTED_EDGE('',*,*,#3297,.T.);
#2180=CARTESIAN_POINT('',(-2.175,11.2,2.71000000000006));
#2181=DIRECTION('',(1.0,-0.0,0.0));
#2182=DIRECTION('',(0.0,0.0,1.0));
#2183=ORIENTED_EDGE('',*,*,#3298,.F.);
#2184=ORIENTED_EDGE('',*,*,#3299,.F.);
#2185=ORIENTED_EDGE('',*,*,#3300,.T.);
#2186=ORIENTED_EDGE('',*,*,#3279,.T.);
#2187=ORIENTED_EDGE('',*,*,#3301,.T.);
#2188=ORIENTED_EDGE('',*,*,#3302,.T.);
#2189=ORIENTED_EDGE('',*,*,#3303,.T.);
#2190=CARTESIAN_POINT('',(0.325,11.2,2.71000000000006));
#2191=DIRECTION('',(1.0,-0.0,0.0));
#2192=DIRECTION('',(0.0,0.0,1.0));
#2193=ORIENTED_EDGE('',*,*,#3304,.F.);
#2194=ORIENTED_EDGE('',*,*,#3305,.F.);
#2195=ORIENTED_EDGE('',*,*,#3306,.F.);
#2196=ORIENTED_EDGE('',*,*,#3253,.T.);
#2197=CARTESIAN_POINT('',(-2.5,11.85,2.7));
#2198=DIRECTION('',(0.0,0.0,1.0));
#2199=DIRECTION('',(-1.0,0.0,0.0));
#2200=ORIENTED_EDGE('',*,*,#3307,.F.);
#2201=ORIENTED_EDGE('',*,*,#3308,.F.);
#2202=ORIENTED_EDGE('',*,*,#3291,.F.);
#2203=ORIENTED_EDGE('',*,*,#3309,.F.);
#2204=ORIENTED_EDGE('',*,*,#3310,.F.);
#2205=CARTESIAN_POINT('',(-2.5,11.85,2.7));
#2206=DIRECTION('',(0.0,0.0,1.0));
#2207=DIRECTION('',(-1.0,0.0,0.0));
#2208=ORIENTED_EDGE('',*,*,#3311,.F.);
#2209=ORIENTED_EDGE('',*,*,#3312,.T.);
#2210=ORIENTED_EDGE('',*,*,#3313,.F.);
#2211=ORIENTED_EDGE('',*,*,#3314,.F.);
#2212=ORIENTED_EDGE('',*,*,#3315,.F.);
#2213=CARTESIAN_POINT('',(-2.5,11.15,3.4));
#2214=DIRECTION('',(0.0,1.0,0.0));
#2215=DIRECTION('',(0.0,0.0,-1.0));
#2216=ORIENTED_EDGE('',*,*,#3316,.F.);
#2217=ORIENTED_EDGE('',*,*,#3317,.F.);
#2218=ORIENTED_EDGE('',*,*,#3318,.F.);
#2219=ORIENTED_EDGE('',*,*,#3259,.T.);
#2220=CARTESIAN_POINT('',(0.0,11.85,2.7));
#2221=DIRECTION('',(0.0,0.0,1.0));
#2222=DIRECTION('',(-1.0,0.0,0.0));
#2223=ORIENTED_EDGE('',*,*,#3319,.F.);
#2224=ORIENTED_EDGE('',*,*,#3320,.F.);
#2225=ORIENTED_EDGE('',*,*,#3283,.F.);
#2226=ORIENTED_EDGE('',*,*,#3321,.F.);
#2227=ORIENTED_EDGE('',*,*,#3322,.F.);
#2228=CARTESIAN_POINT('',(0.0,11.85,2.7));
#2229=DIRECTION('',(0.0,0.0,1.0));
#2230=DIRECTION('',(-1.0,0.0,0.0));
#2231=ORIENTED_EDGE('',*,*,#3323,.F.);
#2232=ORIENTED_EDGE('',*,*,#3324,.T.);
#2233=ORIENTED_EDGE('',*,*,#3325,.F.);
#2234=ORIENTED_EDGE('',*,*,#3326,.F.);
#2235=ORIENTED_EDGE('',*,*,#3327,.F.);
#2236=CARTESIAN_POINT('',(0.0,11.15,3.4));
#2237=DIRECTION('',(0.0,1.0,0.0));
#2238=DIRECTION('',(0.0,0.0,-1.0));
#2239=ORIENTED_EDGE('',*,*,#3328,.F.);
#2240=ORIENTED_EDGE('',*,*,#3329,.F.);
#2241=ORIENTED_EDGE('',*,*,#3330,.F.);
#2242=ORIENTED_EDGE('',*,*,#3331,.F.);
#2243=ORIENTED_EDGE('',*,*,#3332,.F.);
#2244=CARTESIAN_POINT('',(2.5,11.15,3.4));
#2245=DIRECTION('',(0.0,1.0,0.0));
#2246=DIRECTION('',(0.0,0.0,-1.0));
#2247=ORIENTED_EDGE('',*,*,#3333,.F.);
#2248=ORIENTED_EDGE('',*,*,#3334,.F.);
#2249=ORIENTED_EDGE('',*,*,#3335,.F.);
#2250=ORIENTED_EDGE('',*,*,#3266,.T.);
#2251=ORIENTED_EDGE('',*,*,#3336,.T.);
#2252=CARTESIAN_POINT('',(2.5,11.85,2.7));
#2253=DIRECTION('',(0.0,0.0,1.0));
#2254=DIRECTION('',(-1.0,0.0,0.0));
#2255=ORIENTED_EDGE('',*,*,#3337,.F.);
#2256=ORIENTED_EDGE('',*,*,#3338,.F.);
#2257=ORIENTED_EDGE('',*,*,#3275,.F.);
#2258=ORIENTED_EDGE('',*,*,#3339,.F.);
#2259=ORIENTED_EDGE('',*,*,#3340,.T.);
#2260=CARTESIAN_POINT('',(2.5,11.85,2.7));
#2261=DIRECTION('',(0.0,0.0,1.0));
#2262=DIRECTION('',(-1.0,0.0,0.0));
#2263=ORIENTED_EDGE('',*,*,#3341,.F.);
#2264=ORIENTED_EDGE('',*,*,#3342,.F.);
#2265=ORIENTED_EDGE('',*,*,#3343,.T.);
#2266=ORIENTED_EDGE('',*,*,#3271,.T.);
#2267=ORIENTED_EDGE('',*,*,#3344,.T.);
#2268=ORIENTED_EDGE('',*,*,#3345,.T.);
#2269=ORIENTED_EDGE('',*,*,#3346,.T.);
#2270=CARTESIAN_POINT('',(2.825,11.2,2.71000000000006));
#2271=DIRECTION('',(1.0,-0.0,0.0));
#2272=DIRECTION('',(0.0,0.0,1.0));
#2273=ORIENTED_EDGE('',*,*,#3347,.T.);
#2274=ORIENTED_EDGE('',*,*,#3322,.T.);
#2275=ORIENTED_EDGE('',*,*,#3348,.T.);
#2276=ORIENTED_EDGE('',*,*,#3349,.F.);
#2277=ORIENTED_EDGE('',*,*,#3350,.F.);
#2278=ORIENTED_EDGE('',*,*,#3340,.F.);
#2279=ORIENTED_EDGE('',*,*,#3351,.T.);
#2280=ORIENTED_EDGE('',*,*,#3310,.T.);
#2281=ORIENTED_EDGE('',*,*,#3352,.T.);
#2282=ORIENTED_EDGE('',*,*,#3353,.T.);
#2283=ORIENTED_EDGE('',*,*,#3354,.T.);
#2284=ORIENTED_EDGE('',*,*,#3355,.F.);
#2285=ORIENTED_EDGE('',*,*,#3356,.F.);
#2286=ORIENTED_EDGE('',*,*,#3357,.T.);
#2287=ORIENTED_EDGE('',*,*,#3358,.T.);
#2288=ORIENTED_EDGE('',*,*,#3359,.F.);
#2289=ORIENTED_EDGE('',*,*,#3360,.F.);
#2290=ORIENTED_EDGE('',*,*,#3361,.T.);
#2291=ORIENTED_EDGE('',*,*,#3362,.T.);
#2292=ORIENTED_EDGE('',*,*,#3363,.F.);
#2293=ORIENTED_EDGE('',*,*,#3364,.F.);
#2294=ORIENTED_EDGE('',*,*,#3365,.T.);
#2295=ORIENTED_EDGE('',*,*,#3366,.T.);
#2296=ORIENTED_EDGE('',*,*,#3367,.F.);
#2297=ORIENTED_EDGE('',*,*,#3368,.F.);
#2298=CARTESIAN_POINT('',(4.95,11.15,1.50000000000005));
#2299=DIRECTION('',(0.0,-8.39382327085551E-16,1.0));
#2300=DIRECTION('',(0.0,-1.0,-8.39382327085551E-16));
#2301=ORIENTED_EDGE('',*,*,#3285,.F.);
#2302=ORIENTED_EDGE('',*,*,#3369,.F.);
#2303=ORIENTED_EDGE('',*,*,#3277,.F.);
#2304=ORIENTED_EDGE('',*,*,#3370,.F.);
#2305=ORIENTED_EDGE('',*,*,#3371,.T.);
#2306=ORIENTED_EDGE('',*,*,#3269,.T.);
#2307=ORIENTED_EDGE('',*,*,#3372,.T.);
#2308=ORIENTED_EDGE('',*,*,#3373,.T.);
#2309=ORIENTED_EDGE('',*,*,#3353,.F.);
#2310=ORIENTED_EDGE('',*,*,#3374,.F.);
#2311=ORIENTED_EDGE('',*,*,#3375,.T.);
#2312=ORIENTED_EDGE('',*,*,#3376,.T.);
#2313=ORIENTED_EDGE('',*,*,#3365,.F.);
#2314=ORIENTED_EDGE('',*,*,#3377,.F.);
#2315=ORIENTED_EDGE('',*,*,#3378,.T.);
#2316=ORIENTED_EDGE('',*,*,#3379,.T.);
#2317=ORIENTED_EDGE('',*,*,#3361,.F.);
#2318=ORIENTED_EDGE('',*,*,#3380,.F.);
#2319=ORIENTED_EDGE('',*,*,#3381,.T.);
#2320=ORIENTED_EDGE('',*,*,#3382,.T.);
#2321=ORIENTED_EDGE('',*,*,#3357,.F.);
#2322=ORIENTED_EDGE('',*,*,#3383,.F.);
#2323=CARTESIAN_POINT('',(4.95,11.15,4.15000000000006));
#2324=DIRECTION('',(-0.0,1.0,0.0));
#2325=DIRECTION('',(1.0,0.0,0.0));
#2326=ORIENTED_EDGE('',*,*,#3284,.T.);
#2327=ORIENTED_EDGE('',*,*,#3308,.T.);
#2328=ORIENTED_EDGE('',*,*,#3384,.T.);
#2329=ORIENTED_EDGE('',*,*,#3289,.T.);
#2330=ORIENTED_EDGE('',*,*,#3385,.F.);
#2331=ORIENTED_EDGE('',*,*,#3295,.F.);
#2332=ORIENTED_EDGE('',*,*,#3286,.T.);
#2333=ORIENTED_EDGE('',*,*,#3369,.T.);
#2334=CARTESIAN_POINT('',(-2.5,11.15,2.7));
#2335=DIRECTION('',(-1.0,0.0,0.0));
#2336=DIRECTION('',(0.0,0.0,1.0));
#2337=ORIENTED_EDGE('',*,*,#3276,.T.);
#2338=ORIENTED_EDGE('',*,*,#3320,.T.);
#2339=ORIENTED_EDGE('',*,*,#3386,.T.);
#2340=ORIENTED_EDGE('',*,*,#3281,.T.);
#2341=ORIENTED_EDGE('',*,*,#3387,.F.);
#2342=ORIENTED_EDGE('',*,*,#3301,.F.);
#2343=ORIENTED_EDGE('',*,*,#3278,.T.);
#2344=ORIENTED_EDGE('',*,*,#3370,.T.);
#2345=CARTESIAN_POINT('',(0.0,11.15,2.7));
#2346=DIRECTION('',(-1.0,0.0,0.0));
#2347=DIRECTION('',(0.0,0.0,1.0));
#2348=ORIENTED_EDGE('',*,*,#3388,.T.);
#2349=ORIENTED_EDGE('',*,*,#3317,.T.);
#2350=ORIENTED_EDGE('',*,*,#3389,.F.);
#2351=ORIENTED_EDGE('',*,*,#3390,.F.);
#2352=ORIENTED_EDGE('',*,*,#3391,.F.);
#2353=ORIENTED_EDGE('',*,*,#3392,.F.);
#2354=ORIENTED_EDGE('',*,*,#3393,.F.);
#2355=ORIENTED_EDGE('',*,*,#3394,.F.);
#2356=ORIENTED_EDGE('',*,*,#3395,.F.);
#2357=ORIENTED_EDGE('',*,*,#3396,.F.);
#2358=ORIENTED_EDGE('',*,*,#3397,.F.);
#2359=ORIENTED_EDGE('',*,*,#3398,.F.);
#2360=ORIENTED_EDGE('',*,*,#3399,.F.);
#2361=ORIENTED_EDGE('',*,*,#3400,.F.);
#2362=ORIENTED_EDGE('',*,*,#3401,.F.);
#2363=ORIENTED_EDGE('',*,*,#3402,.F.);
#2364=ORIENTED_EDGE('',*,*,#3403,.T.);
#2365=ORIENTED_EDGE('',*,*,#3404,.F.);
#2366=ORIENTED_EDGE('',*,*,#3405,.F.);
#2367=ORIENTED_EDGE('',*,*,#3406,.F.);
#2368=ORIENTED_EDGE('',*,*,#3407,.F.);
#2369=ORIENTED_EDGE('',*,*,#3408,.F.);
#2370=ORIENTED_EDGE('',*,*,#3409,.F.);
#2371=ORIENTED_EDGE('',*,*,#3410,.F.);
#2372=ORIENTED_EDGE('',*,*,#3411,.F.);
#2373=ORIENTED_EDGE('',*,*,#3412,.F.);
#2374=ORIENTED_EDGE('',*,*,#3413,.T.);
#2375=ORIENTED_EDGE('',*,*,#3334,.T.);
#2376=ORIENTED_EDGE('',*,*,#3414,.T.);
#2377=ORIENTED_EDGE('',*,*,#3305,.T.);
#2378=CARTESIAN_POINT('',(4.95,14.4,5.6621374255883E-14));
#2379=DIRECTION('',(0.0,0.0,-1.0));
#2380=DIRECTION('',(0.0,-1.0,0.0));
#2381=ORIENTED_EDGE('',*,*,#3415,.T.);
#2382=ORIENTED_EDGE('',*,*,#3272,.T.);
#2383=ORIENTED_EDGE('',*,*,#3343,.F.);
#2384=ORIENTED_EDGE('',*,*,#3416,.F.);
#2385=ORIENTED_EDGE('',*,*,#3363,.T.);
#2386=ORIENTED_EDGE('',*,*,#3417,.T.);
#2387=ORIENTED_EDGE('',*,*,#3345,.F.);
#2388=CARTESIAN_POINT('',(2.825,11.3311963564735,1.50000000000005));
#2389=DIRECTION('',(0.0,-0.984040697646291,0.177943545473843));
#2390=DIRECTION('',(-1.0,0.0,0.0));
#2391=ORIENTED_EDGE('',*,*,#3341,.T.);
#2392=ORIENTED_EDGE('',*,*,#3418,.T.);
#2393=ORIENTED_EDGE('',*,*,#3378,.F.);
#2394=ORIENTED_EDGE('',*,*,#3419,.F.);
#2395=CARTESIAN_POINT('',(2.825,11.2,2.71000000000006));
#2396=DIRECTION('',(1.0,-0.0,0.0));
#2397=DIRECTION('',(0.0,0.0,1.0));
#2398=ORIENTED_EDGE('',*,*,#3405,.T.);
#2399=ORIENTED_EDGE('',*,*,#3420,.T.);
#2400=ORIENTED_EDGE('',*,*,#3421,.T.);
#2401=ORIENTED_EDGE('',*,*,#3422,.F.);
#2402=ORIENTED_EDGE('',*,*,#3423,.F.);
#2403=ORIENTED_EDGE('',*,*,#3424,.T.);
#2404=ORIENTED_EDGE('',*,*,#3425,.T.);
#2405=ORIENTED_EDGE('',*,*,#3426,.T.);
#2406=ORIENTED_EDGE('',*,*,#3427,.T.);
#2407=ORIENTED_EDGE('',*,*,#3374,.T.);
#2408=ORIENTED_EDGE('',*,*,#3368,.T.);
#2409=ORIENTED_EDGE('',*,*,#3428,.T.);
#2410=ORIENTED_EDGE('',*,*,#3429,.T.);
#2411=CARTESIAN_POINT('',(-4.95,14.4,6.4));
#2412=DIRECTION('',(-1.0,0.0,0.0));
#2413=DIRECTION('',(0.0,0.0,1.0));
#2414=ORIENTED_EDGE('',*,*,#3430,.F.);
#2415=ORIENTED_EDGE('',*,*,#3431,.T.);
#2416=ORIENTED_EDGE('',*,*,#3432,.T.);
#2417=ORIENTED_EDGE('',*,*,#3433,.T.);
#2418=ORIENTED_EDGE('',*,*,#3434,.T.);
#2419=ORIENTED_EDGE('',*,*,#3435,.T.);
#2420=ORIENTED_EDGE('',*,*,#3436,.F.);
#2421=CARTESIAN_POINT('',(-0.750000000000004,11.55,0.255000000000007));
#2422=DIRECTION('',(-1.0,-1.22320245100929E-15,0.0));
#2423=DIRECTION('',(-1.22320245100929E-15,1.0,0.0));
#2424=ORIENTED_EDGE('',*,*,#3437,.F.);
#2425=ORIENTED_EDGE('',*,*,#3438,.T.);
#2426=ORIENTED_EDGE('',*,*,#3439,.T.);
#2427=ORIENTED_EDGE('',*,*,#3440,.F.);
#2428=ORIENTED_EDGE('',*,*,#3441,.T.);
#2429=ORIENTED_EDGE('',*,*,#3442,.T.);
#2430=ORIENTED_EDGE('',*,*,#3443,.F.);
#2431=CARTESIAN_POINT('',(0.749999999999996,5.7,0.255000000000014));
#2432=DIRECTION('',(1.0,-6.11601225504643E-16,0.0));
#2433=DIRECTION('',(-6.11601225504643E-16,-1.0,0.0));
#2434=ORIENTED_EDGE('',*,*,#3444,.F.);
#2435=ORIENTED_EDGE('',*,*,#3445,.F.);
#2436=ORIENTED_EDGE('',*,*,#3435,.F.);
#2437=ORIENTED_EDGE('',*,*,#3446,.F.);
#2438=ORIENTED_EDGE('',*,*,#3447,.F.);
#2439=ORIENTED_EDGE('',*,*,#3448,.T.);
#2440=ORIENTED_EDGE('',*,*,#3449,.F.);
#2441=ORIENTED_EDGE('',*,*,#3450,.F.);
#2442=ORIENTED_EDGE('',*,*,#3451,.T.);
#2443=ORIENTED_EDGE('',*,*,#3452,.F.);
#2444=ORIENTED_EDGE('',*,*,#3453,.F.);
#2445=CARTESIAN_POINT('',(-2.7,116.75,5.69999999999999));
#2446=DIRECTION('',(0.0,0.0,-1.0));
#2447=DIRECTION('',(0.0,-1.0,0.0));
#2448=ORIENTED_EDGE('',*,*,#3454,.F.);
#2449=ORIENTED_EDGE('',*,*,#3455,.F.);
#2450=ORIENTED_EDGE('',*,*,#3456,.T.);
#2451=ORIENTED_EDGE('',*,*,#3457,.T.);
#2452=ORIENTED_EDGE('',*,*,#3458,.F.);
#2453=ORIENTED_EDGE('',*,*,#3459,.T.);
#2454=ORIENTED_EDGE('',*,*,#3460,.T.);
#2455=ORIENTED_EDGE('',*,*,#3461,.F.);
#2456=ORIENTED_EDGE('',*,*,#3462,.T.);
#2457=ORIENTED_EDGE('',*,*,#3463,.F.);
#2458=ORIENTED_EDGE('',*,*,#3439,.F.);
#2459=CARTESIAN_POINT('',(-2.7,116.75,5.69999999999999));
#2460=DIRECTION('',(0.0,0.0,-1.0));
#2461=DIRECTION('',(0.0,-1.0,0.0));
#2462=ORIENTED_EDGE('',*,*,#3464,.F.);
#2463=ORIENTED_EDGE('',*,*,#3443,.T.);
#2464=ORIENTED_EDGE('',*,*,#3465,.T.);
#2465=ORIENTED_EDGE('',*,*,#3431,.F.);
#2466=ORIENTED_EDGE('',*,*,#3466,.F.);
#2467=ORIENTED_EDGE('',*,*,#3467,.T.);
#2468=ORIENTED_EDGE('',*,*,#3468,.F.);
#2469=ORIENTED_EDGE('',*,*,#3469,.F.);
#2470=CARTESIAN_POINT('',(-0.749999999999996,5.7,0.254999999999971));
#2471=DIRECTION('',(5.78241158658938E-16,-1.0,0.0));
#2472=DIRECTION('',(0.0,0.0,-1.0));
#2473=ORIENTED_EDGE('',*,*,#3470,.F.);
#2474=ORIENTED_EDGE('',*,*,#3440,.T.);
#2475=ORIENTED_EDGE('',*,*,#3463,.T.);
#2476=ORIENTED_EDGE('',*,*,#3471,.T.);
#2477=ORIENTED_EDGE('',*,*,#3472,.F.);
#2478=ORIENTED_EDGE('',*,*,#3473,.T.);
#2479=CARTESIAN_POINT('',(4.95,11.55,6.40000000000001));
#2480=DIRECTION('',(-0.0,1.0,0.0));
#2481=DIRECTION('',(1.0,0.0,0.0));
#2482=ORIENTED_EDGE('',*,*,#3432,.F.);
#2483=ORIENTED_EDGE('',*,*,#3465,.F.);
#2484=ORIENTED_EDGE('',*,*,#3442,.F.);
#2485=ORIENTED_EDGE('',*,*,#3474,.T.);
#2486=ORIENTED_EDGE('',*,*,#3475,.F.);
#2487=ORIENTED_EDGE('',*,*,#3476,.T.);
#2488=ORIENTED_EDGE('',*,*,#3477,.F.);
#2489=ORIENTED_EDGE('',*,*,#3478,.F.);
#2490=ORIENTED_EDGE('',*,*,#3479,.F.);
#2491=ORIENTED_EDGE('',*,*,#3480,.T.);
#2492=ORIENTED_EDGE('',*,*,#3481,.T.);
#2493=ORIENTED_EDGE('',*,*,#3482,.T.);
#2494=CARTESIAN_POINT('',(3.2,9.55,5.15));
#2495=DIRECTION('',(0.0,0.0,1.0));
#2496=DIRECTION('',(1.0,0.0,0.0));
#2497=ORIENTED_EDGE('',*,*,#3452,.T.);
#2498=ORIENTED_EDGE('',*,*,#3483,.T.);
#2499=ORIENTED_EDGE('',*,*,#3484,.F.);
#2500=ORIENTED_EDGE('',*,*,#3485,.T.);
#2501=CARTESIAN_POINT('',(-2.7,7.20000000000001,6.40000000000002));
#2502=DIRECTION('',(0.0,-0.5,0.866025403784439));
#2503=DIRECTION('',(-1.0,0.0,0.0));
#2504=ORIENTED_EDGE('',*,*,#3486,.T.);
#2505=ORIENTED_EDGE('',*,*,#3487,.T.);
#2506=ORIENTED_EDGE('',*,*,#3488,.F.);
#2507=ORIENTED_EDGE('',*,*,#3489,.F.);
#2508=ORIENTED_EDGE('',*,*,#3490,.F.);
#2509=ORIENTED_EDGE('',*,*,#3491,.T.);
#2510=ORIENTED_EDGE('',*,*,#3423,.T.);
#2511=ORIENTED_EDGE('',*,*,#3492,.F.);
#2512=ORIENTED_EDGE('',*,*,#3493,.F.);
#2513=ORIENTED_EDGE('',*,*,#3484,.T.);
#2514=CARTESIAN_POINT('',(4.95,14.4,6.4));
#2515=DIRECTION('',(0.0,0.0,1.0));
#2516=DIRECTION('',(1.0,0.0,0.0));
#2517=ORIENTED_EDGE('',*,*,#3485,.F.);
#2518=ORIENTED_EDGE('',*,*,#3493,.T.);
#2519=ORIENTED_EDGE('',*,*,#3494,.T.);
#2520=ORIENTED_EDGE('',*,*,#3479,.T.);
#2521=ORIENTED_EDGE('',*,*,#3495,.T.);
#2522=ORIENTED_EDGE('',*,*,#3453,.T.);
#2523=CARTESIAN_POINT('',(-2.7,116.75,6.4));
#2524=DIRECTION('',(-1.0,0.0,0.0));
#2525=DIRECTION('',(0.0,0.0,1.0));
#2526=ORIENTED_EDGE('',*,*,#3496,.F.);
#2527=ORIENTED_EDGE('',*,*,#3447,.T.);
#2528=ORIENTED_EDGE('',*,*,#3497,.F.);
#2529=ORIENTED_EDGE('',*,*,#3490,.T.);
#2530=CARTESIAN_POINT('',(-2.7,116.75,6.4));
#2531=DIRECTION('',(-1.0,0.0,0.0));
#2532=DIRECTION('',(0.0,0.0,1.0));
#2533=ORIENTED_EDGE('',*,*,#3498,.F.);
#2534=ORIENTED_EDGE('',*,*,#3457,.F.);
#2535=ORIENTED_EDGE('',*,*,#3499,.F.);
#2536=ORIENTED_EDGE('',*,*,#3500,.T.);
#2537=CARTESIAN_POINT('',(2.7,7.20000000000001,6.40000000000002));
#2538=DIRECTION('',(0.0,0.5,-0.866025403784439));
#2539=DIRECTION('',(-1.0,0.0,0.0));
#2540=ORIENTED_EDGE('',*,*,#3501,.F.);
#2541=ORIENTED_EDGE('',*,*,#3499,.T.);
#2542=ORIENTED_EDGE('',*,*,#3456,.F.);
#2543=ORIENTED_EDGE('',*,*,#3502,.F.);
#2544=ORIENTED_EDGE('',*,*,#3477,.T.);
#2545=ORIENTED_EDGE('',*,*,#3503,.T.);
#2546=CARTESIAN_POINT('',(2.7,116.75,5.69999999999999));
#2547=DIRECTION('',(1.0,0.0,0.0));
#2548=DIRECTION('',(0.0,1.0,0.0));
#2549=ORIENTED_EDGE('',*,*,#3504,.F.);
#2550=ORIENTED_EDGE('',*,*,#3500,.F.);
#2551=ORIENTED_EDGE('',*,*,#3501,.T.);
#2552=ORIENTED_EDGE('',*,*,#3505,.F.);
#2553=ORIENTED_EDGE('',*,*,#3506,.F.);
#2554=ORIENTED_EDGE('',*,*,#3472,.T.);
#2555=ORIENTED_EDGE('',*,*,#3507,.T.);
#2556=ORIENTED_EDGE('',*,*,#3508,.T.);
#2557=ORIENTED_EDGE('',*,*,#3509,.T.);
#2558=ORIENTED_EDGE('',*,*,#3510,.F.);
#2559=CARTESIAN_POINT('',(4.95,14.4,6.4));
#2560=DIRECTION('',(0.0,0.0,1.0));
#2561=DIRECTION('',(1.0,0.0,0.0));
#2562=ORIENTED_EDGE('',*,*,#3511,.F.);
#2563=ORIENTED_EDGE('',*,*,#3402,.T.);
#2564=ORIENTED_EDGE('',*,*,#3512,.T.);
#2565=ORIENTED_EDGE('',*,*,#3513,.F.);
#2566=ORIENTED_EDGE('',*,*,#3514,.F.);
#2567=ORIENTED_EDGE('',*,*,#3396,.T.);
#2568=ORIENTED_EDGE('',*,*,#3515,.F.);
#2569=ORIENTED_EDGE('',*,*,#3516,.F.);
#2570=ORIENTED_EDGE('',*,*,#3517,.T.);
#2571=ORIENTED_EDGE('',*,*,#3392,.T.);
#2572=ORIENTED_EDGE('',*,*,#3518,.F.);
#2573=ORIENTED_EDGE('',*,*,#3519,.F.);
#2574=ORIENTED_EDGE('',*,*,#3520,.T.);
#2575=ORIENTED_EDGE('',*,*,#3412,.T.);
#2576=ORIENTED_EDGE('',*,*,#3521,.T.);
#2577=ORIENTED_EDGE('',*,*,#3522,.F.);
#2578=ORIENTED_EDGE('',*,*,#3523,.F.);
#2579=ORIENTED_EDGE('',*,*,#3406,.T.);
#2580=ORIENTED_EDGE('',*,*,#3429,.F.);
#2581=ORIENTED_EDGE('',*,*,#3524,.F.);
#2582=CARTESIAN_POINT('',(0.0,14.4,0.0));
#2583=DIRECTION('',(0.0,-1.0,0.0));
#2584=DIRECTION('',(0.0,0.0,-1.0));
#2585=ORIENTED_EDGE('',*,*,#3462,.F.);
#2586=ORIENTED_EDGE('',*,*,#3525,.T.);
#2587=ORIENTED_EDGE('',*,*,#3507,.F.);
#2588=ORIENTED_EDGE('',*,*,#3471,.F.);
#2589=CARTESIAN_POINT('',(2.7,116.75,5.69999999999999));
#2590=DIRECTION('',(1.0,0.0,0.0));
#2591=DIRECTION('',(0.0,1.0,0.0));
#2592=ORIENTED_EDGE('',*,*,#3526,.F.);
#2593=ORIENTED_EDGE('',*,*,#3527,.T.);
#2594=ORIENTED_EDGE('',*,*,#3528,.F.);
#2595=ORIENTED_EDGE('',*,*,#3421,.F.);
#2596=CARTESIAN_POINT('',(-4.95,14.4,-0.3));
#2597=DIRECTION('',(0.0,0.0,-1.0));
#2598=DIRECTION('',(0.0,-1.0,0.0));
#2599=ORIENTED_EDGE('',*,*,#3529,.F.);
#2600=ORIENTED_EDGE('',*,*,#3403,.F.);
#2601=ORIENTED_EDGE('',*,*,#3511,.T.);
#2602=ORIENTED_EDGE('',*,*,#3530,.F.);
#2603=ORIENTED_EDGE('',*,*,#3366,.F.);
#2604=ORIENTED_EDGE('',*,*,#3376,.F.);
#2605=ORIENTED_EDGE('',*,*,#3531,.F.);
#2606=ORIENTED_EDGE('',*,*,#3532,.F.);
#2607=ORIENTED_EDGE('',*,*,#3533,.F.);
#2608=ORIENTED_EDGE('',*,*,#3473,.F.);
#2609=ORIENTED_EDGE('',*,*,#3506,.T.);
#2610=ORIENTED_EDGE('',*,*,#3534,.F.);
#2611=ORIENTED_EDGE('',*,*,#3527,.F.);
#2612=CARTESIAN_POINT('',(4.95,14.4,-0.3));
#2613=DIRECTION('',(1.0,0.0,0.0));
#2614=DIRECTION('',(0.0,1.0,0.0));
#2615=ORIENTED_EDGE('',*,*,#3503,.F.);
#2616=ORIENTED_EDGE('',*,*,#3476,.F.);
#2617=ORIENTED_EDGE('',*,*,#3535,.F.);
#2618=ORIENTED_EDGE('',*,*,#3536,.F.);
#2619=ORIENTED_EDGE('',*,*,#3537,.F.);
#2620=ORIENTED_EDGE('',*,*,#3538,.F.);
#2621=ORIENTED_EDGE('',*,*,#3539,.F.);
#2622=ORIENTED_EDGE('',*,*,#3540,.F.);
#2623=ORIENTED_EDGE('',*,*,#3541,.F.);
#2624=ORIENTED_EDGE('',*,*,#3480,.F.);
#2625=ORIENTED_EDGE('',*,*,#3494,.F.);
#2626=ORIENTED_EDGE('',*,*,#3492,.T.);
#2627=ORIENTED_EDGE('',*,*,#3422,.T.);
#2628=ORIENTED_EDGE('',*,*,#3528,.T.);
#2629=ORIENTED_EDGE('',*,*,#3534,.T.);
#2630=ORIENTED_EDGE('',*,*,#3505,.T.);
#2631=CARTESIAN_POINT('',(0.0,2.9,0.0));
#2632=DIRECTION('',(0.0,-1.0,0.0));
#2633=DIRECTION('',(0.0,0.0,-1.0));
#2634=ORIENTED_EDGE('',*,*,#3539,.T.);
#2635=ORIENTED_EDGE('',*,*,#3542,.T.);
#2636=ORIENTED_EDGE('',*,*,#3543,.T.);
#2637=ORIENTED_EDGE('',*,*,#3544,.F.);
#2638=CARTESIAN_POINT('',(-4.1,9.55,5.9));
#2639=DIRECTION('',(-1.0,0.0,-6.67201336914156E-16));
#2640=DIRECTION('',(-6.67201336914156E-16,0.0,1.0));
#2641=ORIENTED_EDGE('',*,*,#3538,.T.);
#2642=ORIENTED_EDGE('',*,*,#3545,.T.);
#2643=ORIENTED_EDGE('',*,*,#3546,.T.);
#2644=ORIENTED_EDGE('',*,*,#3542,.F.);
#2645=CARTESIAN_POINT('',(-4.1,9.55,0.699999999999999));
#2646=DIRECTION('',(-5.42101086242752E-16,0.0,-1.0));
#2647=DIRECTION('',(-1.0,0.0,5.42101086242752E-16));
#2648=ORIENTED_EDGE('',*,*,#3537,.T.);
#2649=ORIENTED_EDGE('',*,*,#3547,.T.);
#2650=ORIENTED_EDGE('',*,*,#3548,.T.);
#2651=ORIENTED_EDGE('',*,*,#3545,.F.);
#2652=CARTESIAN_POINT('',(4.1,9.55,0.699999999999995));
#2653=DIRECTION('',(1.0,0.0,-6.67201336914156E-16));
#2654=DIRECTION('',(-6.67201336914156E-16,0.0,-1.0));
#2655=ORIENTED_EDGE('',*,*,#3536,.T.);
#2656=ORIENTED_EDGE('',*,*,#3549,.T.);
#2657=ORIENTED_EDGE('',*,*,#3550,.T.);
#2658=ORIENTED_EDGE('',*,*,#3547,.F.);
#2659=CARTESIAN_POINT('',(4.1,9.55,5.9));
#2660=DIRECTION('',(0.0,0.0,1.0));
#2661=DIRECTION('',(1.0,0.0,0.0));
#2662=ORIENTED_EDGE('',*,*,#3535,.T.);
#2663=ORIENTED_EDGE('',*,*,#3475,.T.);
#2664=ORIENTED_EDGE('',*,*,#3551,.T.);
#2665=ORIENTED_EDGE('',*,*,#3549,.F.);
#2666=CARTESIAN_POINT('',(3.2,9.55,5.9));
#2667=DIRECTION('',(-1.0,0.0,4.62592926927144E-15));
#2668=DIRECTION('',(0.0,1.0,0.0));
#2669=ORIENTED_EDGE('',*,*,#3541,.T.);
#2670=ORIENTED_EDGE('',*,*,#3552,.T.);
#2671=ORIENTED_EDGE('',*,*,#3553,.T.);
#2672=ORIENTED_EDGE('',*,*,#3481,.F.);
#2673=CARTESIAN_POINT('',(-3.2,9.55,5.15));
#2674=DIRECTION('',(1.0,0.0,4.62592926927144E-15));
#2675=DIRECTION('',(-4.62592926927144E-15,0.0,1.0));
#2676=ORIENTED_EDGE('',*,*,#3540,.T.);
#2677=ORIENTED_EDGE('',*,*,#3544,.T.);
#2678=ORIENTED_EDGE('',*,*,#3554,.T.);
#2679=ORIENTED_EDGE('',*,*,#3552,.F.);
#2680=CARTESIAN_POINT('',(-3.2,9.55,5.9));
#2681=DIRECTION('',(0.0,0.0,1.0));
#2682=DIRECTION('',(1.0,0.0,0.0));
#2683=ORIENTED_EDGE('',*,*,#3312,.F.);
#2684=ORIENTED_EDGE('',*,*,#3555,.F.);
#2685=ORIENTED_EDGE('',*,*,#3324,.F.);
#2686=ORIENTED_EDGE('',*,*,#3556,.F.);
#2687=ORIENTED_EDGE('',*,*,#3557,.T.);
#2688=ORIENTED_EDGE('',*,*,#3329,.T.);
#2689=ORIENTED_EDGE('',*,*,#3543,.F.);
#2690=ORIENTED_EDGE('',*,*,#3546,.F.);
#2691=ORIENTED_EDGE('',*,*,#3548,.F.);
#2692=ORIENTED_EDGE('',*,*,#3550,.F.);
#2693=ORIENTED_EDGE('',*,*,#3551,.F.);
#2694=ORIENTED_EDGE('',*,*,#3474,.F.);
#2695=ORIENTED_EDGE('',*,*,#3558,.F.);
#2696=ORIENTED_EDGE('',*,*,#3482,.F.);
#2697=ORIENTED_EDGE('',*,*,#3553,.F.);
#2698=ORIENTED_EDGE('',*,*,#3554,.F.);
#2699=CARTESIAN_POINT('',(0.0,9.55,0.0));
#2700=DIRECTION('',(0.0,-1.0,0.0));
#2701=DIRECTION('',(0.0,0.0,-1.0));
#2702=ORIENTED_EDGE('',*,*,#3455,.T.);
#2703=ORIENTED_EDGE('',*,*,#3559,.T.);
#2704=ORIENTED_EDGE('',*,*,#3560,.T.);
#2705=ORIENTED_EDGE('',*,*,#3561,.F.);
#2706=ORIENTED_EDGE('',*,*,#3444,.T.);
#2707=ORIENTED_EDGE('',*,*,#3495,.F.);
#2708=ORIENTED_EDGE('',*,*,#3478,.T.);
#2709=ORIENTED_EDGE('',*,*,#3502,.T.);
#2710=CARTESIAN_POINT('',(2.7,4.2,0.254999999999971));
#2711=DIRECTION('',(-0.0,1.0,0.0));
#2712=DIRECTION('',(1.0,0.0,0.0));
#2713=ORIENTED_EDGE('',*,*,#3434,.F.);
#2714=ORIENTED_EDGE('',*,*,#3562,.F.);
#2715=ORIENTED_EDGE('',*,*,#3424,.F.);
#2716=ORIENTED_EDGE('',*,*,#3491,.F.);
#2717=ORIENTED_EDGE('',*,*,#3497,.T.);
#2718=ORIENTED_EDGE('',*,*,#3446,.T.);
#2719=CARTESIAN_POINT('',(4.95,11.55,6.40000000000001));
#2720=DIRECTION('',(-0.0,1.0,0.0));
#2721=DIRECTION('',(1.0,0.0,0.0));
#2722=ORIENTED_EDGE('',*,*,#3428,.F.);
#2723=ORIENTED_EDGE('',*,*,#3367,.T.);
#2724=ORIENTED_EDGE('',*,*,#3530,.T.);
#2725=ORIENTED_EDGE('',*,*,#3524,.T.);
#2726=CARTESIAN_POINT('',(4.95,12.7,1.50000000000005));
#2727=DIRECTION('',(0.0,0.543251278157274,0.839570157152151));
#2728=DIRECTION('',(1.0,-0.0,0.0));
#2729=ORIENTED_EDGE('',*,*,#3425,.F.);
#2730=ORIENTED_EDGE('',*,*,#3562,.T.);
#2731=ORIENTED_EDGE('',*,*,#3433,.F.);
#2732=ORIENTED_EDGE('',*,*,#3558,.T.);
#2733=ORIENTED_EDGE('',*,*,#3441,.F.);
#2734=ORIENTED_EDGE('',*,*,#3470,.T.);
#2735=ORIENTED_EDGE('',*,*,#3533,.T.);
#2736=ORIENTED_EDGE('',*,*,#3563,.F.);
#2737=CARTESIAN_POINT('',(4.95,11.55,5.15000000000005));
#2738=DIRECTION('',(0.0,-7.54227598250782E-16,1.0));
#2739=DIRECTION('',(0.0,-1.0,-7.54227598250782E-16));
#2740=ORIENTED_EDGE('',*,*,#3426,.F.);
#2741=ORIENTED_EDGE('',*,*,#3563,.T.);
#2742=ORIENTED_EDGE('',*,*,#3532,.T.);
#2743=ORIENTED_EDGE('',*,*,#3564,.F.);
#2744=CARTESIAN_POINT('',(4.95,12.7,5.15000000000005));
#2745=DIRECTION('',(-0.0,1.0,0.0));
#2746=DIRECTION('',(1.0,0.0,0.0));
#2747=ORIENTED_EDGE('',*,*,#3427,.F.);
#2748=ORIENTED_EDGE('',*,*,#3564,.T.);
#2749=ORIENTED_EDGE('',*,*,#3531,.T.);
#2750=ORIENTED_EDGE('',*,*,#3375,.F.);
#2751=CARTESIAN_POINT('',(4.95,12.7,4.15000000000006));
#2752=DIRECTION('',(0.0,5.59588218057035E-16,-1.0));
#2753=DIRECTION('',(-1.0,0.0,0.0));
#2754=ORIENTED_EDGE('',*,*,#3565,.T.);
#2755=ORIENTED_EDGE('',*,*,#3508,.F.);
#2756=ORIENTED_EDGE('',*,*,#3525,.F.);
#2757=ORIENTED_EDGE('',*,*,#3461,.T.);
#2758=CARTESIAN_POINT('',(2.7,7.9,5.70000000000002));
#2759=DIRECTION('',(0.0,-1.0,4.95635278850516E-15));
#2760=DIRECTION('',(-1.0,0.0,0.0));
#2761=ORIENTED_EDGE('',*,*,#3566,.F.);
#2762=ORIENTED_EDGE('',*,*,#3509,.F.);
#2763=ORIENTED_EDGE('',*,*,#3565,.F.);
#2764=ORIENTED_EDGE('',*,*,#3460,.F.);
#2765=CARTESIAN_POINT('',(1.7,0.0,0.0));
#2766=DIRECTION('',(-1.0,0.0,0.0));
#2767=DIRECTION('',(0.0,0.0,1.0));
#2768=ORIENTED_EDGE('',*,*,#3566,.T.);
#2769=ORIENTED_EDGE('',*,*,#3459,.F.);
#2770=ORIENTED_EDGE('',*,*,#3567,.T.);
#2771=ORIENTED_EDGE('',*,*,#3510,.T.);
#2772=CARTESIAN_POINT('',(2.3,7.70000000000001,6.40000000000002));
#2773=DIRECTION('',(0.0,0.707106781186547,-0.707106781186548));
#2774=DIRECTION('',(-1.0,0.0,0.0));
#2775=ORIENTED_EDGE('',*,*,#3458,.T.);
#2776=ORIENTED_EDGE('',*,*,#3498,.T.);
#2777=ORIENTED_EDGE('',*,*,#3504,.T.);
#2778=ORIENTED_EDGE('',*,*,#3567,.F.);
#2779=CARTESIAN_POINT('',(2.3,0.0,0.0));
#2780=DIRECTION('',(1.0,0.0,0.0));
#2781=DIRECTION('',(0.0,1.0,0.0));
#2782=ORIENTED_EDGE('',*,*,#3568,.F.);
#2783=ORIENTED_EDGE('',*,*,#3448,.F.);
#2784=ORIENTED_EDGE('',*,*,#3496,.T.);
#2785=ORIENTED_EDGE('',*,*,#3489,.T.);
#2786=CARTESIAN_POINT('',(-2.7,7.9,5.70000000000002));
#2787=DIRECTION('',(0.0,1.0,-4.95635278850516E-15));
#2788=DIRECTION('',(0.0,-4.95635278850516E-15,-1.0));
#2789=ORIENTED_EDGE('',*,*,#3488,.T.);
#2790=ORIENTED_EDGE('',*,*,#3569,.T.);
#2791=ORIENTED_EDGE('',*,*,#3449,.T.);
#2792=ORIENTED_EDGE('',*,*,#3568,.T.);
#2793=CARTESIAN_POINT('',(-1.7,0.0,0.0));
#2794=DIRECTION('',(-1.0,0.0,0.0));
#2795=DIRECTION('',(0.0,0.0,1.0));
#2796=ORIENTED_EDGE('',*,*,#3569,.F.);
#2797=ORIENTED_EDGE('',*,*,#3487,.F.);
#2798=ORIENTED_EDGE('',*,*,#3570,.F.);
#2799=ORIENTED_EDGE('',*,*,#3450,.T.);
#2800=CARTESIAN_POINT('',(-2.3,7.70000000000001,6.40000000000002));
#2801=DIRECTION('',(0.0,-0.707106781186547,0.707106781186548));
#2802=DIRECTION('',(-1.0,0.0,0.0));
#2803=ORIENTED_EDGE('',*,*,#3451,.F.);
#2804=ORIENTED_EDGE('',*,*,#3570,.T.);
#2805=ORIENTED_EDGE('',*,*,#3486,.F.);
#2806=ORIENTED_EDGE('',*,*,#3483,.F.);
#2807=CARTESIAN_POINT('',(-2.3,0.0,0.0));
#2808=DIRECTION('',(1.0,0.0,0.0));
#2809=DIRECTION('',(0.0,1.0,0.0));
#2810=ORIENTED_EDGE('',*,*,#3571,.F.);
#2811=ORIENTED_EDGE('',*,*,#3445,.T.);
#2812=ORIENTED_EDGE('',*,*,#3561,.T.);
#2813=ORIENTED_EDGE('',*,*,#3572,.T.);
#2814=CARTESIAN_POINT('',(-0.75,5.85,5.8));
#2815=DIRECTION('',(1.0,0.0,0.0));
#2816=DIRECTION('',(0.0,1.0,0.0));
#2817=ORIENTED_EDGE('',*,*,#3559,.F.);
#2818=ORIENTED_EDGE('',*,*,#3454,.T.);
#2819=ORIENTED_EDGE('',*,*,#3573,.T.);
#2820=ORIENTED_EDGE('',*,*,#3574,.T.);
#2821=CARTESIAN_POINT('',(0.75,4.2,5.8));
#2822=DIRECTION('',(-1.0,0.0,0.0));
#2823=DIRECTION('',(0.0,0.0,1.0));
#2824=ORIENTED_EDGE('',*,*,#3437,.T.);
#2825=ORIENTED_EDGE('',*,*,#3464,.T.);
#2826=ORIENTED_EDGE('',*,*,#3575,.T.);
#2827=CARTESIAN_POINT('',(0.0,0.0,5.61));
#2828=DIRECTION('',(0.0,0.0,1.0));
#2829=DIRECTION('',(1.0,0.0,0.0));
#2830=ORIENTED_EDGE('',*,*,#3576,.T.);
#2831=ORIENTED_EDGE('',*,*,#3466,.T.);
#2832=ORIENTED_EDGE('',*,*,#3430,.T.);
#2833=CARTESIAN_POINT('',(0.0,0.0,5.61));
#2834=DIRECTION('',(0.0,0.0,1.0));
#2835=DIRECTION('',(1.0,0.0,0.0));
#2836=ORIENTED_EDGE('',*,*,#3575,.F.);
#2837=ORIENTED_EDGE('',*,*,#3469,.T.);
#2838=ORIENTED_EDGE('',*,*,#3577,.T.);
#2839=ORIENTED_EDGE('',*,*,#3573,.F.);
#2840=ORIENTED_EDGE('',*,*,#3438,.F.);
#2841=CARTESIAN_POINT('',(0.75,5.85,5.8));
#2842=DIRECTION('',(0.707106781186553,-0.707106781186542,0.0));
#2843=DIRECTION('',(0.0,0.0,-1.0));
#2844=ORIENTED_EDGE('',*,*,#3576,.F.);
#2845=ORIENTED_EDGE('',*,*,#3436,.T.);
#2846=ORIENTED_EDGE('',*,*,#3571,.T.);
#2847=ORIENTED_EDGE('',*,*,#3578,.T.);
#2848=ORIENTED_EDGE('',*,*,#3467,.F.);
#2849=CARTESIAN_POINT('',(-0.600000000000001,5.7,5.8));
#2850=DIRECTION('',(-0.707106781186555,-0.70710678118654,0.0));
#2851=DIRECTION('',(-0.70710678118654,0.707106781186555,0.0));
#2852=ORIENTED_EDGE('',*,*,#3572,.F.);
#2853=ORIENTED_EDGE('',*,*,#3560,.F.);
#2854=ORIENTED_EDGE('',*,*,#3574,.F.);
#2855=ORIENTED_EDGE('',*,*,#3577,.F.);
#2856=ORIENTED_EDGE('',*,*,#3468,.T.);
#2857=ORIENTED_EDGE('',*,*,#3578,.F.);
#2858=CARTESIAN_POINT('',(0.0,0.0,5.8));
#2859=DIRECTION('',(0.0,0.0,1.0));
#2860=DIRECTION('',(1.0,0.0,0.0));
#2861=ORIENTED_EDGE('',*,*,#3420,.F.);
#2862=ORIENTED_EDGE('',*,*,#3404,.T.);
#2863=ORIENTED_EDGE('',*,*,#3529,.T.);
#2864=ORIENTED_EDGE('',*,*,#3526,.T.);
#2865=CARTESIAN_POINT('',(4.95,7.0,5.6621374255883E-14));
#2866=DIRECTION('',(-0.0,1.0,0.0));
#2867=DIRECTION('',(1.0,0.0,0.0));
#2868=ORIENTED_EDGE('',*,*,#3579,.F.);
#2869=ORIENTED_EDGE('',*,*,#3580,.F.);
#2870=ORIENTED_EDGE('',*,*,#3407,.T.);
#2871=ORIENTED_EDGE('',*,*,#3523,.T.);
#2872=CARTESIAN_POINT('',(-4.25,10.5,-5.44811591673966E-14));
#2873=DIRECTION('',(-1.0,4.44800891276104E-16,0.0));
#2874=DIRECTION('',(0.0,0.0,1.0));
#2875=ORIENTED_EDGE('',*,*,#3581,.F.);
#2876=ORIENTED_EDGE('',*,*,#3521,.F.);
#2877=ORIENTED_EDGE('',*,*,#3411,.T.);
#2878=ORIENTED_EDGE('',*,*,#3582,.T.);
#2879=CARTESIAN_POINT('',(-3.025,14.4,-4.81927865669807E-14));
#2880=DIRECTION('',(1.0,0.0,0.0));
#2881=DIRECTION('',(0.0,1.0,0.0));
#2882=ORIENTED_EDGE('',*,*,#3583,.F.);
#2883=ORIENTED_EDGE('',*,*,#3582,.F.);
#2884=ORIENTED_EDGE('',*,*,#3410,.T.);
#2885=ORIENTED_EDGE('',*,*,#3584,.T.);
#2886=CARTESIAN_POINT('',(-3.025,12.7,-4.81927865669807E-14));
#2887=DIRECTION('',(0.0,-1.0,0.0));
#2888=DIRECTION('',(0.0,0.0,-1.0));
#2889=ORIENTED_EDGE('',*,*,#3585,.F.);
#2890=ORIENTED_EDGE('',*,*,#3584,.F.);
#2891=ORIENTED_EDGE('',*,*,#3409,.T.);
#2892=ORIENTED_EDGE('',*,*,#3586,.T.);
#2893=CARTESIAN_POINT('',(-3.25,12.7,-4.93854089567147E-14));
#2894=DIRECTION('',(1.0,0.0,0.0));
#2895=DIRECTION('',(0.0,1.0,0.0));
#2896=ORIENTED_EDGE('',*,*,#3587,.F.);
#2897=ORIENTED_EDGE('',*,*,#3586,.F.);
#2898=ORIENTED_EDGE('',*,*,#3408,.T.);
#2899=ORIENTED_EDGE('',*,*,#3580,.T.);
#2900=CARTESIAN_POINT('',(-3.25,10.5,-4.86806775445991E-14));
#2901=DIRECTION('',(0.0,-1.0,0.0));
#2902=DIRECTION('',(0.0,0.0,-1.0));
#2903=ORIENTED_EDGE('',*,*,#3579,.T.);
#2904=ORIENTED_EDGE('',*,*,#3522,.T.);
#2905=ORIENTED_EDGE('',*,*,#3581,.T.);
#2906=ORIENTED_EDGE('',*,*,#3583,.T.);
#2907=ORIENTED_EDGE('',*,*,#3585,.T.);
#2908=ORIENTED_EDGE('',*,*,#3587,.T.);
#2909=CARTESIAN_POINT('',(1.50018178152093E-15,-6.67282193496682E-31,-0.300000000000034));
#2910=DIRECTION('',(5.00060593840252E-15,-2.22427397832202E-30,-1.0));
#2911=DIRECTION('',(0.0,-1.0,2.22427397832202E-30));
#2912=ORIENTED_EDGE('',*,*,#3588,.F.);
#2913=ORIENTED_EDGE('',*,*,#3589,.F.);
#2914=ORIENTED_EDGE('',*,*,#3397,.T.);
#2915=ORIENTED_EDGE('',*,*,#3514,.T.);
#2916=CARTESIAN_POINT('',(3.025,12.7,6.50521303491303E-16));
#2917=DIRECTION('',(-1.0,0.0,0.0));
#2918=DIRECTION('',(0.0,0.0,1.0));
#2919=ORIENTED_EDGE('',*,*,#3590,.F.);
#2920=ORIENTED_EDGE('',*,*,#3512,.F.);
#2921=ORIENTED_EDGE('',*,*,#3401,.T.);
#2922=ORIENTED_EDGE('',*,*,#3591,.T.);
#2923=CARTESIAN_POINT('',(4.25,14.4,6.50521303491303E-16));
#2924=DIRECTION('',(1.0,4.44800891276104E-16,0.0));
#2925=DIRECTION('',(-4.44800891276104E-16,1.0,0.0));
#2926=ORIENTED_EDGE('',*,*,#3592,.F.);
#2927=ORIENTED_EDGE('',*,*,#3591,.F.);
#2928=ORIENTED_EDGE('',*,*,#3400,.T.);
#2929=ORIENTED_EDGE('',*,*,#3593,.T.);
#2930=CARTESIAN_POINT('',(4.25,10.5,6.50521303491303E-16));
#2931=DIRECTION('',(0.0,-1.0,0.0));
#2932=DIRECTION('',(0.0,0.0,-1.0));
#2933=ORIENTED_EDGE('',*,*,#3594,.F.);
#2934=ORIENTED_EDGE('',*,*,#3593,.F.);
#2935=ORIENTED_EDGE('',*,*,#3399,.T.);
#2936=ORIENTED_EDGE('',*,*,#3595,.T.);
#2937=CARTESIAN_POINT('',(3.25,10.5,6.50521303491303E-16));
#2938=DIRECTION('',(-1.0,0.0,0.0));
#2939=DIRECTION('',(0.0,0.0,1.0));
#2940=ORIENTED_EDGE('',*,*,#3596,.F.);
#2941=ORIENTED_EDGE('',*,*,#3595,.F.);
#2942=ORIENTED_EDGE('',*,*,#3398,.T.);
#2943=ORIENTED_EDGE('',*,*,#3589,.T.);
#2944=CARTESIAN_POINT('',(3.25,12.7,6.50521303491303E-16));
#2945=DIRECTION('',(0.0,-1.0,0.0));
#2946=DIRECTION('',(0.0,0.0,-1.0));
#2947=ORIENTED_EDGE('',*,*,#3588,.T.);
#2948=ORIENTED_EDGE('',*,*,#3513,.T.);
#2949=ORIENTED_EDGE('',*,*,#3590,.T.);
#2950=ORIENTED_EDGE('',*,*,#3592,.T.);
#2951=ORIENTED_EDGE('',*,*,#3594,.T.);
#2952=ORIENTED_EDGE('',*,*,#3596,.T.);
#2953=CARTESIAN_POINT('',(0.0,0.0,-0.299999999999999));
#2954=DIRECTION('',(0.0,0.0,-1.0));
#2955=DIRECTION('',(0.0,-1.0,0.0));
#2956=ORIENTED_EDGE('',*,*,#3393,.T.);
#2957=ORIENTED_EDGE('',*,*,#3517,.F.);
#2958=ORIENTED_EDGE('',*,*,#3597,.F.);
#2959=ORIENTED_EDGE('',*,*,#3598,.T.);
#2960=CARTESIAN_POINT('',(0.525,12.7,-0.299999999999943));
#2961=DIRECTION('',(1.0,-2.04085114820801E-15,0.0));
#2962=DIRECTION('',(-2.04085114820801E-15,-1.0,0.0));
#2963=ORIENTED_EDGE('',*,*,#3395,.T.);
#2964=ORIENTED_EDGE('',*,*,#3599,.F.);
#2965=ORIENTED_EDGE('',*,*,#3600,.F.);
#2966=ORIENTED_EDGE('',*,*,#3515,.T.);
#2967=CARTESIAN_POINT('',(1.975,14.4,-0.299999999999943));
#2968=DIRECTION('',(-1.0,-1.02042557410401E-15,0.0));
#2969=DIRECTION('',(-1.02042557410401E-15,1.0,0.0));
#2970=ORIENTED_EDGE('',*,*,#3394,.T.);
#2971=ORIENTED_EDGE('',*,*,#3598,.F.);
#2972=ORIENTED_EDGE('',*,*,#3601,.F.);
#2973=ORIENTED_EDGE('',*,*,#3599,.T.);
#2974=CARTESIAN_POINT('',(1.975,12.7,-0.300000000000035));
#2975=DIRECTION('',(-0.0,1.0,0.0));
#2976=DIRECTION('',(1.0,0.0,0.0));
#2977=ORIENTED_EDGE('',*,*,#3597,.T.);
#2978=ORIENTED_EDGE('',*,*,#3516,.T.);
#2979=ORIENTED_EDGE('',*,*,#3600,.T.);
#2980=ORIENTED_EDGE('',*,*,#3601,.T.);
#2981=CARTESIAN_POINT('',(0.0,0.0,-0.299999999999943));
#2982=DIRECTION('',(0.0,0.0,-1.0));
#2983=DIRECTION('',(0.0,-1.0,0.0));
#2984=ORIENTED_EDGE('',*,*,#3377,.T.);
#2985=ORIENTED_EDGE('',*,*,#3364,.T.);
#2986=ORIENTED_EDGE('',*,*,#3416,.T.);
#2987=ORIENTED_EDGE('',*,*,#3342,.T.);
#2988=ORIENTED_EDGE('',*,*,#3419,.T.);
#2989=CARTESIAN_POINT('',(2.825,11.2,2.71000000000006));
#2990=DIRECTION('',(1.0,0.0,0.0));
#2991=DIRECTION('',(0.0,1.0,0.0));
#2992=ORIENTED_EDGE('',*,*,#3379,.F.);
#2993=ORIENTED_EDGE('',*,*,#3418,.F.);
#2994=ORIENTED_EDGE('',*,*,#3346,.F.);
#2995=ORIENTED_EDGE('',*,*,#3417,.F.);
#2996=ORIENTED_EDGE('',*,*,#3362,.F.);
#2997=CARTESIAN_POINT('',(2.175,11.2,2.71000000000006));
#2998=DIRECTION('',(1.0,0.0,0.0));
#2999=DIRECTION('',(0.0,1.0,0.0));
#3000=ORIENTED_EDGE('',*,*,#3389,.T.);
#3001=ORIENTED_EDGE('',*,*,#3520,.F.);
#3002=ORIENTED_EDGE('',*,*,#3602,.F.);
#3003=ORIENTED_EDGE('',*,*,#3603,.T.);
#3004=CARTESIAN_POINT('',(-1.975,12.7,-0.299999999999943));
#3005=DIRECTION('',(1.0,-2.04085114820801E-15,0.0));
#3006=DIRECTION('',(-2.04085114820801E-15,-1.0,0.0));
#3007=ORIENTED_EDGE('',*,*,#3391,.T.);
#3008=ORIENTED_EDGE('',*,*,#3604,.F.);
#3009=ORIENTED_EDGE('',*,*,#3605,.F.);
#3010=ORIENTED_EDGE('',*,*,#3518,.T.);
#3011=CARTESIAN_POINT('',(-0.525000000000002,14.4,-0.299999999999943));
#3012=DIRECTION('',(-1.0,-1.02042557410401E-15,0.0));
#3013=DIRECTION('',(-1.02042557410401E-15,1.0,0.0));
#3014=ORIENTED_EDGE('',*,*,#3390,.T.);
#3015=ORIENTED_EDGE('',*,*,#3603,.F.);
#3016=ORIENTED_EDGE('',*,*,#3606,.F.);
#3017=ORIENTED_EDGE('',*,*,#3604,.T.);
#3018=CARTESIAN_POINT('',(-0.525,12.7,-0.300000000000035));
#3019=DIRECTION('',(-0.0,1.0,0.0));
#3020=DIRECTION('',(1.0,0.0,0.0));
#3021=ORIENTED_EDGE('',*,*,#3602,.T.);
#3022=ORIENTED_EDGE('',*,*,#3519,.T.);
#3023=ORIENTED_EDGE('',*,*,#3605,.T.);
#3024=ORIENTED_EDGE('',*,*,#3606,.T.);
#3025=CARTESIAN_POINT('',(0.0,0.0,-0.299999999999943));
#3026=DIRECTION('',(0.0,0.0,-1.0));
#3027=DIRECTION('',(0.0,-1.0,0.0));
#3028=ORIENTED_EDGE('',*,*,#3268,.T.);
#3029=ORIENTED_EDGE('',*,*,#3338,.T.);
#3030=ORIENTED_EDGE('',*,*,#3607,.T.);
#3031=ORIENTED_EDGE('',*,*,#3273,.T.);
#3032=ORIENTED_EDGE('',*,*,#3415,.F.);
#3033=ORIENTED_EDGE('',*,*,#3344,.F.);
#3034=ORIENTED_EDGE('',*,*,#3270,.T.);
#3035=ORIENTED_EDGE('',*,*,#3371,.F.);
#3036=CARTESIAN_POINT('',(2.5,11.15,2.7));
#3037=DIRECTION('',(-1.0,0.0,0.0));
#3038=DIRECTION('',(0.0,0.0,1.0));
#3039=ORIENTED_EDGE('',*,*,#3337,.T.);
#3040=ORIENTED_EDGE('',*,*,#3350,.T.);
#3041=ORIENTED_EDGE('',*,*,#3349,.T.);
#3042=ORIENTED_EDGE('',*,*,#3339,.T.);
#3043=ORIENTED_EDGE('',*,*,#3274,.F.);
#3044=ORIENTED_EDGE('',*,*,#3607,.F.);
#3045=CARTESIAN_POINT('',(2.5,11.85,2.7));
#3046=DIRECTION('',(0.0,0.0,1.0));
#3047=DIRECTION('',(-1.0,0.0,0.0));
#3048=ORIENTED_EDGE('',*,*,#3333,.T.);
#3049=ORIENTED_EDGE('',*,*,#3267,.T.);
#3050=ORIENTED_EDGE('',*,*,#3335,.T.);
#3051=ORIENTED_EDGE('',*,*,#3413,.F.);
#3052=CARTESIAN_POINT('',(2.5,11.85,2.7));
#3053=DIRECTION('',(0.0,0.0,1.0));
#3054=DIRECTION('',(-1.0,0.0,0.0));
#3055=ORIENTED_EDGE('',*,*,#3328,.T.);
#3056=ORIENTED_EDGE('',*,*,#3608,.F.);
#3057=ORIENTED_EDGE('',*,*,#3330,.T.);
#3058=ORIENTED_EDGE('',*,*,#3557,.F.);
#3059=CARTESIAN_POINT('',(2.5,11.15,3.4));
#3060=DIRECTION('',(0.0,1.0,0.0));
#3061=DIRECTION('',(0.0,0.0,-1.0));
#3062=ORIENTED_EDGE('',*,*,#3331,.T.);
#3063=ORIENTED_EDGE('',*,*,#3608,.T.);
#3064=ORIENTED_EDGE('',*,*,#3332,.T.);
#3065=CARTESIAN_POINT('',(2.5,5.55,3.4));
#3066=DIRECTION('',(0.0,-1.0,0.0));
#3067=DIRECTION('',(0.0,0.0,-1.0));
#3068=ORIENTED_EDGE('',*,*,#3326,.T.);
#3069=ORIENTED_EDGE('',*,*,#3609,.T.);
#3070=ORIENTED_EDGE('',*,*,#3327,.T.);
#3071=CARTESIAN_POINT('',(0.0,5.55,3.4));
#3072=DIRECTION('',(0.0,-1.0,0.0));
#3073=DIRECTION('',(0.0,0.0,-1.0));
#3074=ORIENTED_EDGE('',*,*,#3323,.T.);
#3075=ORIENTED_EDGE('',*,*,#3609,.F.);
#3076=ORIENTED_EDGE('',*,*,#3325,.T.);
#3077=ORIENTED_EDGE('',*,*,#3556,.T.);
#3078=CARTESIAN_POINT('',(0.0,11.15,3.4));
#3079=DIRECTION('',(0.0,1.0,0.0));
#3080=DIRECTION('',(0.0,0.0,-1.0));
#3081=ORIENTED_EDGE('',*,*,#3319,.T.);
#3082=ORIENTED_EDGE('',*,*,#3347,.F.);
#3083=ORIENTED_EDGE('',*,*,#3348,.F.);
#3084=ORIENTED_EDGE('',*,*,#3321,.T.);
#3085=ORIENTED_EDGE('',*,*,#3282,.F.);
#3086=ORIENTED_EDGE('',*,*,#3386,.F.);
#3087=CARTESIAN_POINT('',(0.0,11.85,2.7));
#3088=DIRECTION('',(0.0,0.0,1.0));
#3089=DIRECTION('',(-1.0,0.0,0.0));
#3090=ORIENTED_EDGE('',*,*,#3316,.T.);
#3091=ORIENTED_EDGE('',*,*,#3610,.T.);
#3092=ORIENTED_EDGE('',*,*,#3260,.T.);
#3093=ORIENTED_EDGE('',*,*,#3318,.T.);
#3094=ORIENTED_EDGE('',*,*,#3388,.F.);
#3095=CARTESIAN_POINT('',(0.0,11.85,2.7));
#3096=DIRECTION('',(0.0,0.0,1.0));
#3097=DIRECTION('',(-1.0,0.0,0.0));
#3098=ORIENTED_EDGE('',*,*,#3314,.T.);
#3099=ORIENTED_EDGE('',*,*,#3611,.T.);
#3100=ORIENTED_EDGE('',*,*,#3315,.T.);
#3101=CARTESIAN_POINT('',(-2.5,5.55,3.4));
#3102=DIRECTION('',(0.0,-1.0,0.0));
#3103=DIRECTION('',(0.0,0.0,-1.0));
#3104=ORIENTED_EDGE('',*,*,#3311,.T.);
#3105=ORIENTED_EDGE('',*,*,#3611,.F.);
#3106=ORIENTED_EDGE('',*,*,#3313,.T.);
#3107=ORIENTED_EDGE('',*,*,#3555,.T.);
#3108=CARTESIAN_POINT('',(-2.5,11.15,3.4));
#3109=DIRECTION('',(0.0,1.0,0.0));
#3110=DIRECTION('',(0.0,0.0,-1.0));
#3111=ORIENTED_EDGE('',*,*,#3307,.T.);
#3112=ORIENTED_EDGE('',*,*,#3351,.F.);
#3113=ORIENTED_EDGE('',*,*,#3352,.F.);
#3114=ORIENTED_EDGE('',*,*,#3309,.T.);
#3115=ORIENTED_EDGE('',*,*,#3290,.F.);
#3116=ORIENTED_EDGE('',*,*,#3384,.F.);
#3117=CARTESIAN_POINT('',(-2.5,11.85,2.7));
#3118=DIRECTION('',(0.0,0.0,1.0));
#3119=DIRECTION('',(-1.0,0.0,0.0));
#3120=ORIENTED_EDGE('',*,*,#3304,.T.);
#3121=ORIENTED_EDGE('',*,*,#3612,.T.);
#3122=ORIENTED_EDGE('',*,*,#3256,.T.);
#3123=ORIENTED_EDGE('',*,*,#3306,.T.);
#3124=ORIENTED_EDGE('',*,*,#3414,.F.);
#3125=CARTESIAN_POINT('',(-2.5,11.85,2.7));
#3126=DIRECTION('',(0.0,0.0,1.0));
#3127=DIRECTION('',(-1.0,0.0,0.0));
#3128=ORIENTED_EDGE('',*,*,#3263,.T.);
#3129=ORIENTED_EDGE('',*,*,#3336,.F.);
#3130=ORIENTED_EDGE('',*,*,#3265,.F.);
#3131=ORIENTED_EDGE('',*,*,#3250,.T.);
#3132=ORIENTED_EDGE('',*,*,#3247,.T.);
#3133=ORIENTED_EDGE('',*,*,#3613,.T.);
#3134=CARTESIAN_POINT('',(2.8,12.1967001677157,-3.75699747098294));
#3135=DIRECTION('',(0.0,-0.342020143319601,-0.939692620788117));
#3136=DIRECTION('',(0.0,-0.939692620788117,0.342020143319601));
#3137=ORIENTED_EDGE('',*,*,#3246,.T.);
#3138=ORIENTED_EDGE('',*,*,#3264,.F.);
#3139=ORIENTED_EDGE('',*,*,#3248,.F.);
#3140=ORIENTED_EDGE('',*,*,#3613,.F.);
#3141=ORIENTED_EDGE('',*,*,#3258,.T.);
#3142=ORIENTED_EDGE('',*,*,#3242,.T.);
#3143=ORIENTED_EDGE('',*,*,#3261,.F.);
#3144=ORIENTED_EDGE('',*,*,#3610,.F.);
#3145=ORIENTED_EDGE('',*,*,#3614,.T.);
#3146=ORIENTED_EDGE('',*,*,#3245,.T.);
#3147=CARTESIAN_POINT('',(0.3,12.5032998322843,-3.41122574843528));
#3148=DIRECTION('',(0.0,0.342020143325668,-0.939692620785909));
#3149=DIRECTION('',(-1.0,0.0,0.0));
#3150=ORIENTED_EDGE('',*,*,#3240,.T.);
#3151=ORIENTED_EDGE('',*,*,#3614,.F.);
#3152=ORIENTED_EDGE('',*,*,#3244,.F.);
#3153=ORIENTED_EDGE('',*,*,#3262,.F.);
#3154=ORIENTED_EDGE('',*,*,#3252,.T.);
#3155=ORIENTED_EDGE('',*,*,#3615,.F.);
#3156=ORIENTED_EDGE('',*,*,#3257,.F.);
#3157=ORIENTED_EDGE('',*,*,#3612,.F.);
#3158=ORIENTED_EDGE('',*,*,#3239,.F.);
#3159=ORIENTED_EDGE('',*,*,#3616,.F.);
#3160=CARTESIAN_POINT('',(-2.8,12.1967001677157,-3.75699747098294));
#3161=DIRECTION('',(0.0,0.342020143319601,0.939692620788117));
#3162=DIRECTION('',(1.0,-0.0,0.0));
#3163=ORIENTED_EDGE('',*,*,#3235,.T.);
#3164=ORIENTED_EDGE('',*,*,#3616,.T.);
#3165=ORIENTED_EDGE('',*,*,#3238,.F.);
#3166=ORIENTED_EDGE('',*,*,#3615,.T.);
#3167=ORIENTED_EDGE('',*,*,#3255,.T.);
#3168=ORIENTED_EDGE('',*,*,#3302,.F.);
#3169=ORIENTED_EDGE('',*,*,#3387,.T.);
#3170=ORIENTED_EDGE('',*,*,#3280,.T.);
#3171=ORIENTED_EDGE('',*,*,#3300,.F.);
#3172=ORIENTED_EDGE('',*,*,#3617,.F.);
#3173=ORIENTED_EDGE('',*,*,#3359,.T.);
#3174=ORIENTED_EDGE('',*,*,#3618,.T.);
#3175=CARTESIAN_POINT('',(0.325,11.3311963564735,1.50000000000005));
#3176=DIRECTION('',(0.0,-0.984040697646291,0.177943545473843));
#3177=DIRECTION('',(-1.0,0.0,0.0));
#3178=ORIENTED_EDGE('',*,*,#3298,.T.);
#3179=ORIENTED_EDGE('',*,*,#3619,.T.);
#3180=ORIENTED_EDGE('',*,*,#3381,.F.);
#3181=ORIENTED_EDGE('',*,*,#3620,.F.);
#3182=CARTESIAN_POINT('',(0.325,11.2,2.71000000000006));
#3183=DIRECTION('',(1.0,-0.0,0.0));
#3184=DIRECTION('',(0.0,0.0,1.0));
#3185=ORIENTED_EDGE('',*,*,#3380,.T.);
#3186=ORIENTED_EDGE('',*,*,#3360,.T.);
#3187=ORIENTED_EDGE('',*,*,#3617,.T.);
#3188=ORIENTED_EDGE('',*,*,#3299,.T.);
#3189=ORIENTED_EDGE('',*,*,#3620,.T.);
#3190=CARTESIAN_POINT('',(0.325,11.2,2.71000000000006));
#3191=DIRECTION('',(1.0,0.0,0.0));
#3192=DIRECTION('',(0.0,1.0,0.0));
#3193=ORIENTED_EDGE('',*,*,#3382,.F.);
#3194=ORIENTED_EDGE('',*,*,#3619,.F.);
#3195=ORIENTED_EDGE('',*,*,#3303,.F.);
#3196=ORIENTED_EDGE('',*,*,#3618,.F.);
#3197=ORIENTED_EDGE('',*,*,#3358,.F.);
#3198=CARTESIAN_POINT('',(-0.325,11.2,2.71000000000006));
#3199=DIRECTION('',(1.0,0.0,0.0));
#3200=DIRECTION('',(0.0,1.0,0.0));
#3201=ORIENTED_EDGE('',*,*,#3296,.F.);
#3202=ORIENTED_EDGE('',*,*,#3385,.T.);
#3203=ORIENTED_EDGE('',*,*,#3288,.T.);
#3204=ORIENTED_EDGE('',*,*,#3294,.F.);
#3205=ORIENTED_EDGE('',*,*,#3621,.F.);
#3206=ORIENTED_EDGE('',*,*,#3355,.T.);
#3207=ORIENTED_EDGE('',*,*,#3622,.T.);
#3208=CARTESIAN_POINT('',(-2.175,11.3311963564735,1.50000000000005));
#3209=DIRECTION('',(0.0,-0.984040697646291,0.177943545473843));
#3210=DIRECTION('',(-1.0,0.0,0.0));
#3211=ORIENTED_EDGE('',*,*,#3292,.T.);
#3212=ORIENTED_EDGE('',*,*,#3623,.T.);
#3213=ORIENTED_EDGE('',*,*,#3372,.F.);
#3214=ORIENTED_EDGE('',*,*,#3624,.F.);
#3215=CARTESIAN_POINT('',(-2.175,11.2,2.71000000000006));
#3216=DIRECTION('',(1.0,-0.0,0.0));
#3217=DIRECTION('',(0.0,0.0,1.0));
#3218=ORIENTED_EDGE('',*,*,#3383,.T.);
#3219=ORIENTED_EDGE('',*,*,#3356,.T.);
#3220=ORIENTED_EDGE('',*,*,#3621,.T.);
#3221=ORIENTED_EDGE('',*,*,#3293,.T.);
#3222=ORIENTED_EDGE('',*,*,#3624,.T.);
#3223=CARTESIAN_POINT('',(-2.175,11.2,2.71000000000006));
#3224=DIRECTION('',(1.0,0.0,0.0));
#3225=DIRECTION('',(0.0,1.0,0.0));
#3226=ORIENTED_EDGE('',*,*,#3373,.F.);
#3227=ORIENTED_EDGE('',*,*,#3623,.F.);
#3228=ORIENTED_EDGE('',*,*,#3297,.F.);
#3229=ORIENTED_EDGE('',*,*,#3622,.F.);
#3230=ORIENTED_EDGE('',*,*,#3354,.F.);
#3231=CARTESIAN_POINT('',(-2.825,11.2,2.71000000000006));
#3232=DIRECTION('',(1.0,0.0,0.0));
#3233=DIRECTION('',(0.0,1.0,0.0));
#3234=COLOUR_RGB('',0.596063196659088,0.666666686534882,0.686259269714355);
#3235=EDGE_CURVE('',#3625,#3626,#3627,.T.);
#3236=EDGE_CURVE('',#3625,#3628,#3629,.T.);
#3237=EDGE_CURVE('',#3628,#3630,#3631,.T.);
#3238=EDGE_CURVE('',#3630,#3632,#3633,.T.);
#3239=EDGE_CURVE('',#3632,#3626,#3634,.T.);
#3240=EDGE_CURVE('',#3635,#3636,#3637,.T.);
#3241=EDGE_CURVE('',#3638,#3635,#3639,.T.);
#3242=EDGE_CURVE('',#3640,#3638,#3641,.T.);
#3243=EDGE_CURVE('',#3642,#3640,#3643,.T.);
#3244=EDGE_CURVE('',#3642,#3644,#3645,.T.);
#3245=EDGE_CURVE('',#3636,#3644,#3646,.T.);
#3246=EDGE_CURVE('',#3647,#3648,#3649,.T.);
#3247=EDGE_CURVE('',#3650,#3647,#3651,.T.);
#3248=EDGE_CURVE('',#3650,#3652,#3653,.T.);
#3249=EDGE_CURVE('',#3654,#3652,#3655,.T.);
#3250=EDGE_CURVE('',#3656,#3654,#3657,.T.);
#3251=EDGE_CURVE('',#3648,#3656,#3658,.T.);
#3252=EDGE_CURVE('',#3659,#3660,#3661,.T.);
#3253=EDGE_CURVE('',#3662,#3659,#3663,.T.);
#3254=EDGE_CURVE('',#3662,#3628,#3664,.T.);
#3255=EDGE_CURVE('',#3660,#3625,#3665,.T.);
#3256=EDGE_CURVE('',#3666,#3662,#3667,.T.);
#3257=EDGE_CURVE('',#3666,#3630,#3668,.T.);
#3258=EDGE_CURVE('',#3669,#3640,#3670,.T.);
#3259=EDGE_CURVE('',#3671,#3669,#3672,.T.);
#3260=EDGE_CURVE('',#3673,#3671,#3674,.T.);
#3261=EDGE_CURVE('',#3673,#3638,#3675,.T.);
#3262=EDGE_CURVE('',#3635,#3642,#3676,.T.);
#3263=EDGE_CURVE('',#3654,#3677,#3678,.T.);
#3264=EDGE_CURVE('',#3652,#3648,#3679,.T.);
#3265=EDGE_CURVE('',#3656,#3680,#3681,.T.);
#3266=EDGE_CURVE('',#3682,#3680,#3683,.T.);
#3267=EDGE_CURVE('',#3677,#3682,#3684,.T.);
#3268=EDGE_CURVE('',#3685,#3686,#3687,.T.);
#3269=EDGE_CURVE('',#3688,#3685,#3689,.T.);
#3270=EDGE_CURVE('',#3690,#3688,#3691,.T.);
#3271=EDGE_CURVE('',#3692,#3690,#3693,.T.);
#3272=EDGE_CURVE('',#3694,#3692,#3695,.T.);
#3273=EDGE_CURVE('',#3696,#3694,#3697,.T.);
#3274=EDGE_CURVE('',#3696,#3698,#3699,.T.);
#3275=EDGE_CURVE('',#3698,#3686,#3700,.T.);
#3276=EDGE_CURVE('',#3701,#3702,#3703,.T.);
#3277=EDGE_CURVE('',#3701,#3704,#3705,.T.);
#3278=EDGE_CURVE('',#3706,#3704,#3707,.T.);
#3279=EDGE_CURVE('',#3708,#3706,#3709,.T.);
#3280=EDGE_CURVE('',#3710,#3708,#3711,.T.);
#3281=EDGE_CURVE('',#3712,#3710,#3713,.T.);
#3282=EDGE_CURVE('',#3712,#3714,#3715,.T.);
#3283=EDGE_CURVE('',#3714,#3702,#3716,.T.);
#3284=EDGE_CURVE('',#3717,#3718,#3719,.T.);
#3285=EDGE_CURVE('',#3717,#3720,#3721,.T.);
#3286=EDGE_CURVE('',#3722,#3720,#3723,.T.);
#3287=EDGE_CURVE('',#3724,#3722,#3725,.T.);
#3288=EDGE_CURVE('',#3726,#3724,#3727,.T.);
#3289=EDGE_CURVE('',#3728,#3726,#3729,.T.);
#3290=EDGE_CURVE('',#3728,#3730,#3731,.T.);
#3291=EDGE_CURVE('',#3730,#3718,#3732,.T.);
#3292=EDGE_CURVE('',#3733,#3734,#3735,.T.);
#3293=EDGE_CURVE('',#3736,#3733,#3737,.T.);
#3294=EDGE_CURVE('',#3736,#3724,#3738,.T.);
#3295=EDGE_CURVE('',#3722,#3739,#3740,.T.);
#3296=EDGE_CURVE('',#3739,#3741,#3742,.T.);
#3297=EDGE_CURVE('',#3741,#3734,#3743,.T.);
#3298=EDGE_CURVE('',#3744,#3745,#3746,.T.);
#3299=EDGE_CURVE('',#3747,#3744,#3748,.T.);
#3300=EDGE_CURVE('',#3747,#3708,#3749,.T.);
#3301=EDGE_CURVE('',#3706,#3750,#3751,.T.);
#3302=EDGE_CURVE('',#3750,#3752,#3753,.T.);
#3303=EDGE_CURVE('',#3752,#3745,#3754,.T.);
#3304=EDGE_CURVE('',#3755,#3659,#3756,.T.);
#3305=EDGE_CURVE('',#3757,#3755,#3758,.T.);
#3306=EDGE_CURVE('',#3662,#3757,#3759,.T.);
#3307=EDGE_CURVE('',#3760,#3761,#3762,.T.);
#3308=EDGE_CURVE('',#3718,#3760,#3763,.T.);
#3309=EDGE_CURVE('',#3764,#3730,#3765,.T.);
#3310=EDGE_CURVE('',#3761,#3764,#3766,.T.);
#3311=EDGE_CURVE('',#3767,#3768,#3769,.T.);
#3312=EDGE_CURVE('',#3767,#3770,#3771,.T.);
#3313=EDGE_CURVE('',#3772,#3770,#3773,.T.);
#3314=EDGE_CURVE('',#3774,#3772,#3775,.T.);
#3315=EDGE_CURVE('',#3768,#3774,#3776,.T.);
#3316=EDGE_CURVE('',#3777,#3669,#3778,.T.);
#3317=EDGE_CURVE('',#3779,#3777,#3780,.T.);
#3318=EDGE_CURVE('',#3671,#3779,#3781,.T.);
#3319=EDGE_CURVE('',#3782,#3783,#3784,.T.);
#3320=EDGE_CURVE('',#3702,#3782,#3785,.T.);
#3321=EDGE_CURVE('',#3786,#3714,#3787,.T.);
#3322=EDGE_CURVE('',#3783,#3786,#3788,.T.);
#3323=EDGE_CURVE('',#3789,#3790,#3791,.T.);
#3324=EDGE_CURVE('',#3789,#3792,#3793,.T.);
#3325=EDGE_CURVE('',#3794,#3792,#3795,.T.);
#3326=EDGE_CURVE('',#3796,#3794,#3797,.T.);
#3327=EDGE_CURVE('',#3790,#3796,#3798,.T.);
#3328=EDGE_CURVE('',#3799,#3800,#3801,.T.);
#3329=EDGE_CURVE('',#3802,#3799,#3803,.T.);
#3330=EDGE_CURVE('',#3804,#3802,#3805,.T.);
#3331=EDGE_CURVE('',#3806,#3804,#3807,.T.);
#3332=EDGE_CURVE('',#3800,#3806,#3808,.T.);
#3333=EDGE_CURVE('',#3809,#3677,#3810,.T.);
#3334=EDGE_CURVE('',#3811,#3809,#3812,.T.);
#3335=EDGE_CURVE('',#3682,#3811,#3813,.T.);
#3336=EDGE_CURVE('',#3680,#3677,#3814,.T.);
#3337=EDGE_CURVE('',#3815,#3816,#3817,.T.);
#3338=EDGE_CURVE('',#3686,#3815,#3818,.T.);
#3339=EDGE_CURVE('',#3819,#3698,#3820,.T.);
#3340=EDGE_CURVE('',#3819,#3816,#3821,.T.);
#3341=EDGE_CURVE('',#3822,#3823,#3824,.T.);
#3342=EDGE_CURVE('',#3825,#3822,#3826,.T.);
#3343=EDGE_CURVE('',#3825,#3692,#3827,.T.);
#3344=EDGE_CURVE('',#3690,#3828,#3829,.T.);
#3345=EDGE_CURVE('',#3828,#3830,#3831,.T.);
#3346=EDGE_CURVE('',#3830,#3823,#3832,.T.);
#3347=EDGE_CURVE('',#3833,#3783,#3834,.T.);
#3348=EDGE_CURVE('',#3786,#3833,#3835,.T.);
#3349=EDGE_CURVE('',#3836,#3819,#3837,.T.);
#3350=EDGE_CURVE('',#3816,#3836,#3838,.T.);
#3351=EDGE_CURVE('',#3839,#3761,#3840,.T.);
#3352=EDGE_CURVE('',#3764,#3839,#3841,.T.);
#3353=EDGE_CURVE('',#3842,#3843,#3844,.T.);
#3354=EDGE_CURVE('',#3843,#3845,#3846,.T.);
#3355=EDGE_CURVE('',#3847,#3845,#3848,.T.);
#3356=EDGE_CURVE('',#3849,#3847,#3850,.T.);
#3357=EDGE_CURVE('',#3849,#3851,#3852,.T.);
#3358=EDGE_CURVE('',#3851,#3853,#3854,.T.);
#3359=EDGE_CURVE('',#3855,#3853,#3856,.T.);
#3360=EDGE_CURVE('',#3857,#3855,#3858,.T.);
#3361=EDGE_CURVE('',#3857,#3859,#3860,.T.);
#3362=EDGE_CURVE('',#3859,#3861,#3862,.T.);
#3363=EDGE_CURVE('',#3863,#3861,#3864,.T.);
#3364=EDGE_CURVE('',#3865,#3863,#3866,.T.);
#3365=EDGE_CURVE('',#3865,#3867,#3868,.T.);
#3366=EDGE_CURVE('',#3867,#3869,#3870,.T.);
#3367=EDGE_CURVE('',#3871,#3869,#3872,.T.);
#3368=EDGE_CURVE('',#3842,#3871,#3873,.T.);
#3369=EDGE_CURVE('',#3720,#3717,#3874,.T.);
#3370=EDGE_CURVE('',#3704,#3701,#3875,.T.);
#3371=EDGE_CURVE('',#3685,#3688,#3876,.T.);
#3372=EDGE_CURVE('',#3877,#3878,#3879,.T.);
#3373=EDGE_CURVE('',#3878,#3843,#3880,.T.);
#3374=EDGE_CURVE('',#3881,#3842,#3882,.T.);
#3375=EDGE_CURVE('',#3881,#3883,#3884,.T.);
#3376=EDGE_CURVE('',#3883,#3867,#3885,.T.);
#3377=EDGE_CURVE('',#3886,#3865,#3887,.T.);
#3378=EDGE_CURVE('',#3886,#3888,#3889,.T.);
#3379=EDGE_CURVE('',#3888,#3859,#3890,.T.);
#3380=EDGE_CURVE('',#3891,#3857,#3892,.T.);
#3381=EDGE_CURVE('',#3891,#3893,#3894,.T.);
#3382=EDGE_CURVE('',#3893,#3851,#3895,.T.);
#3383=EDGE_CURVE('',#3877,#3849,#3896,.T.);
#3384=EDGE_CURVE('',#3760,#3728,#3897,.T.);
#3385=EDGE_CURVE('',#3739,#3726,#3898,.T.);
#3386=EDGE_CURVE('',#3782,#3712,#3899,.T.);
#3387=EDGE_CURVE('',#3750,#3710,#3900,.T.);
#3388=EDGE_CURVE('',#3777,#3779,#3901,.T.);
#3389=EDGE_CURVE('',#3902,#3903,#3904,.T.);
#3390=EDGE_CURVE('',#3905,#3902,#3906,.T.);
#3391=EDGE_CURVE('',#3907,#3905,#3908,.T.);
#3392=EDGE_CURVE('',#3909,#3907,#3910,.T.);
#3393=EDGE_CURVE('',#3911,#3909,#3912,.T.);
#3394=EDGE_CURVE('',#3913,#3911,#3914,.T.);
#3395=EDGE_CURVE('',#3915,#3913,#3916,.T.);
#3396=EDGE_CURVE('',#3917,#3915,#3918,.T.);
#3397=EDGE_CURVE('',#3919,#3917,#3920,.T.);
#3398=EDGE_CURVE('',#3921,#3919,#3922,.T.);
#3399=EDGE_CURVE('',#3923,#3921,#3924,.T.);
#3400=EDGE_CURVE('',#3925,#3923,#3926,.T.);
#3401=EDGE_CURVE('',#3927,#3925,#3928,.T.);
#3402=EDGE_CURVE('',#3929,#3927,#3930,.T.);
#3403=EDGE_CURVE('',#3929,#3931,#3932,.T.);
#3404=EDGE_CURVE('',#3933,#3931,#3934,.T.);
#3405=EDGE_CURVE('',#3935,#3933,#3936,.T.);
#3406=EDGE_CURVE('',#3937,#3935,#3938,.T.);
#3407=EDGE_CURVE('',#3939,#3937,#3940,.T.);
#3408=EDGE_CURVE('',#3941,#3939,#3942,.T.);
#3409=EDGE_CURVE('',#3943,#3941,#3944,.T.);
#3410=EDGE_CURVE('',#3945,#3943,#3946,.T.);
#3411=EDGE_CURVE('',#3947,#3945,#3948,.T.);
#3412=EDGE_CURVE('',#3903,#3947,#3949,.T.);
#3413=EDGE_CURVE('',#3809,#3811,#3950,.T.);
#3414=EDGE_CURVE('',#3755,#3757,#3951,.T.);
#3415=EDGE_CURVE('',#3828,#3694,#3952,.T.);
#3416=EDGE_CURVE('',#3863,#3825,#3953,.T.);
#3417=EDGE_CURVE('',#3861,#3830,#3954,.T.);
#3418=EDGE_CURVE('',#3823,#3888,#3955,.T.);
#3419=EDGE_CURVE('',#3822,#3886,#3956,.T.);
#3420=EDGE_CURVE('',#3933,#3957,#3958,.T.);
#3421=EDGE_CURVE('',#3957,#3959,#3960,.T.);
#3422=EDGE_CURVE('',#3961,#3959,#3962,.T.);
#3423=EDGE_CURVE('',#3963,#3961,#3964,.T.);
#3424=EDGE_CURVE('',#3963,#3965,#3966,.T.);
#3425=EDGE_CURVE('',#3965,#3967,#3968,.T.);
#3426=EDGE_CURVE('',#3967,#3969,#3970,.T.);
#3427=EDGE_CURVE('',#3969,#3881,#3971,.T.);
#3428=EDGE_CURVE('',#3871,#3972,#3973,.T.);
#3429=EDGE_CURVE('',#3972,#3935,#3974,.T.);
#3430=EDGE_CURVE('',#3975,#3976,#3977,.T.);
#3431=EDGE_CURVE('',#3975,#3978,#3979,.T.);
#3432=EDGE_CURVE('',#3978,#3980,#3981,.T.);
#3433=EDGE_CURVE('',#3980,#3982,#3983,.T.);
#3434=EDGE_CURVE('',#3982,#3984,#3985,.T.);
#3435=EDGE_CURVE('',#3984,#3986,#3987,.T.);
#3436=EDGE_CURVE('',#3976,#3986,#3988,.T.);
#3437=EDGE_CURVE('',#3989,#3990,#3991,.T.);
#3438=EDGE_CURVE('',#3989,#3992,#3993,.T.);
#3439=EDGE_CURVE('',#3992,#3994,#3995,.T.);
#3440=EDGE_CURVE('',#3996,#3994,#3997,.T.);
#3441=EDGE_CURVE('',#3996,#3998,#3999,.T.);
#3442=EDGE_CURVE('',#3998,#4000,#4001,.T.);
#3443=EDGE_CURVE('',#3990,#4000,#4002,.T.);
#3444=EDGE_CURVE('',#4003,#4004,#4005,.T.);
#3445=EDGE_CURVE('',#3986,#4003,#4006,.T.);
#3446=EDGE_CURVE('',#4007,#3984,#4008,.T.);
#3447=EDGE_CURVE('',#4009,#4007,#4010,.T.);
#3448=EDGE_CURVE('',#4009,#4011,#4012,.T.);
#3449=EDGE_CURVE('',#4013,#4011,#4014,.T.);
#3450=EDGE_CURVE('',#4015,#4013,#4016,.T.);
#3451=EDGE_CURVE('',#4015,#4017,#4018,.T.);
#3452=EDGE_CURVE('',#4019,#4017,#4020,.T.);
#3453=EDGE_CURVE('',#4004,#4019,#4021,.T.);
#3454=EDGE_CURVE('',#4022,#3992,#4023,.T.);
#3455=EDGE_CURVE('',#4024,#4022,#4025,.T.);
#3456=EDGE_CURVE('',#4024,#4026,#4027,.T.);
#3457=EDGE_CURVE('',#4026,#4028,#4029,.T.);
#3458=EDGE_CURVE('',#4030,#4028,#4031,.T.);
#3459=EDGE_CURVE('',#4030,#4032,#4033,.T.);
#3460=EDGE_CURVE('',#4032,#4034,#4035,.T.);
#3461=EDGE_CURVE('',#4036,#4034,#4037,.T.);
#3462=EDGE_CURVE('',#4036,#4038,#4039,.T.);
#3463=EDGE_CURVE('',#3994,#4038,#4040,.T.);
#3464=EDGE_CURVE('',#3990,#4041,#4042,.T.);
#3465=EDGE_CURVE('',#4000,#3978,#4043,.T.);
#3466=EDGE_CURVE('',#4044,#3975,#4045,.T.);
#3467=EDGE_CURVE('',#4044,#4046,#4047,.T.);
#3468=EDGE_CURVE('',#4048,#4046,#4049,.T.);
#3469=EDGE_CURVE('',#4041,#4048,#4050,.T.);
#3470=EDGE_CURVE('',#3996,#4051,#4052,.T.);
#3471=EDGE_CURVE('',#4038,#4053,#4054,.T.);
#3472=EDGE_CURVE('',#4055,#4053,#4056,.T.);
#3473=EDGE_CURVE('',#4055,#4051,#4057,.T.);
#3474=EDGE_CURVE('',#3998,#4058,#4059,.T.);
#3475=EDGE_CURVE('',#4060,#4058,#4061,.T.);
#3476=EDGE_CURVE('',#4060,#4062,#4063,.T.);
#3477=EDGE_CURVE('',#4064,#4062,#4065,.T.);
#3478=EDGE_CURVE('',#4066,#4064,#4067,.T.);
#3479=EDGE_CURVE('',#4068,#4066,#4069,.T.);
#3480=EDGE_CURVE('',#4068,#4070,#4071,.T.);
#3481=EDGE_CURVE('',#4070,#4072,#4073,.T.);
#3482=EDGE_CURVE('',#4072,#3980,#4074,.T.);
#3483=EDGE_CURVE('',#4017,#4075,#4076,.T.);
#3484=EDGE_CURVE('',#4077,#4075,#4078,.T.);
#3485=EDGE_CURVE('',#4077,#4019,#4079,.T.);
#3486=EDGE_CURVE('',#4075,#4080,#4081,.T.);
#3487=EDGE_CURVE('',#4080,#4082,#4083,.T.);
#3488=EDGE_CURVE('',#4084,#4082,#4085,.T.);
#3489=EDGE_CURVE('',#4086,#4084,#4087,.T.);
#3490=EDGE_CURVE('',#4088,#4086,#4089,.T.);
#3491=EDGE_CURVE('',#4088,#3963,#4090,.T.);
#3492=EDGE_CURVE('',#4091,#3961,#4092,.T.);
#3493=EDGE_CURVE('',#4077,#4091,#4093,.T.);
#3494=EDGE_CURVE('',#4091,#4068,#4094,.T.);
#3495=EDGE_CURVE('',#4066,#4004,#4095,.T.);
#3496=EDGE_CURVE('',#4009,#4086,#4096,.T.);
#3497=EDGE_CURVE('',#4088,#4007,#4097,.T.);
#3498=EDGE_CURVE('',#4028,#4098,#4099,.T.);
#3499=EDGE_CURVE('',#4100,#4026,#4101,.T.);
#3500=EDGE_CURVE('',#4100,#4098,#4102,.T.);
#3501=EDGE_CURVE('',#4100,#4103,#4104,.T.);
#3502=EDGE_CURVE('',#4064,#4024,#4105,.T.);
#3503=EDGE_CURVE('',#4062,#4103,#4106,.T.);
#3504=EDGE_CURVE('',#4098,#4107,#4108,.T.);
#3505=EDGE_CURVE('',#4109,#4103,#4110,.T.);
#3506=EDGE_CURVE('',#4055,#4109,#4111,.T.);
#3507=EDGE_CURVE('',#4053,#4112,#4113,.T.);
#3508=EDGE_CURVE('',#4112,#4114,#4115,.T.);
#3509=EDGE_CURVE('',#4114,#4116,#4117,.T.);
#3510=EDGE_CURVE('',#4107,#4116,#4118,.T.);
#3511=EDGE_CURVE('',#3929,#4119,#4120,.T.);
#3512=EDGE_CURVE('',#3927,#4121,#4122,.T.);
#3513=EDGE_CURVE('',#4123,#4121,#4124,.T.);
#3514=EDGE_CURVE('',#3917,#4123,#4125,.T.);
#3515=EDGE_CURVE('',#4126,#3915,#4127,.T.);
#3516=EDGE_CURVE('',#4128,#4126,#4129,.T.);
#3517=EDGE_CURVE('',#4128,#3909,#4130,.T.);
#3518=EDGE_CURVE('',#4131,#3907,#4132,.T.);
#3519=EDGE_CURVE('',#4133,#4131,#4134,.T.);
#3520=EDGE_CURVE('',#4133,#3903,#4135,.T.);
#3521=EDGE_CURVE('',#3947,#4136,#4137,.T.);
#3522=EDGE_CURVE('',#4138,#4136,#4139,.T.);
#3523=EDGE_CURVE('',#3937,#4138,#4140,.T.);
#3524=EDGE_CURVE('',#4119,#3972,#4141,.T.);
#3525=EDGE_CURVE('',#4036,#4112,#4142,.T.);
#3526=EDGE_CURVE('',#4143,#3957,#4144,.T.);
#3527=EDGE_CURVE('',#4143,#4145,#4146,.T.);
#3528=EDGE_CURVE('',#3959,#4145,#4147,.T.);
#3529=EDGE_CURVE('',#3931,#4143,#4148,.T.);
#3530=EDGE_CURVE('',#3869,#4119,#4149,.T.);
#3531=EDGE_CURVE('',#4150,#3883,#4151,.T.);
#3532=EDGE_CURVE('',#4152,#4150,#4153,.T.);
#3533=EDGE_CURVE('',#4051,#4152,#4154,.T.);
#3534=EDGE_CURVE('',#4145,#4109,#4155,.T.);
#3535=EDGE_CURVE('',#4156,#4060,#4157,.T.);
#3536=EDGE_CURVE('',#4158,#4156,#4159,.T.);
#3537=EDGE_CURVE('',#4160,#4158,#4161,.T.);
#3538=EDGE_CURVE('',#4162,#4160,#4163,.T.);
#3539=EDGE_CURVE('',#4164,#4162,#4165,.T.);
#3540=EDGE_CURVE('',#4166,#4164,#4167,.T.);
#3541=EDGE_CURVE('',#4070,#4166,#4168,.T.);
#3542=EDGE_CURVE('',#4162,#4169,#4170,.T.);
#3543=EDGE_CURVE('',#4169,#4171,#4172,.T.);
#3544=EDGE_CURVE('',#4164,#4171,#4173,.T.);
#3545=EDGE_CURVE('',#4160,#4174,#4175,.T.);
#3546=EDGE_CURVE('',#4174,#4169,#4176,.T.);
#3547=EDGE_CURVE('',#4158,#4177,#4178,.T.);
#3548=EDGE_CURVE('',#4177,#4174,#4179,.T.);
#3549=EDGE_CURVE('',#4156,#4180,#4181,.T.);
#3550=EDGE_CURVE('',#4180,#4177,#4182,.T.);
#3551=EDGE_CURVE('',#4058,#4180,#4183,.T.);
#3552=EDGE_CURVE('',#4166,#4184,#4185,.T.);
#3553=EDGE_CURVE('',#4184,#4072,#4186,.T.);
#3554=EDGE_CURVE('',#4171,#4184,#4187,.T.);
#3555=EDGE_CURVE('',#3770,#3767,#4188,.T.);
#3556=EDGE_CURVE('',#3792,#3789,#4189,.T.);
#3557=EDGE_CURVE('',#3799,#3802,#4190,.T.);
#3558=EDGE_CURVE('',#3980,#3998,#4191,.T.);
#3559=EDGE_CURVE('',#4022,#4192,#4193,.T.);
#3560=EDGE_CURVE('',#4192,#4194,#4195,.T.);
#3561=EDGE_CURVE('',#4003,#4194,#4196,.T.);
#3562=EDGE_CURVE('',#3965,#3982,#4197,.T.);
#3563=EDGE_CURVE('',#3967,#4152,#4198,.T.);
#3564=EDGE_CURVE('',#3969,#4150,#4199,.T.);
#3565=EDGE_CURVE('',#4034,#4114,#4200,.T.);
#3566=EDGE_CURVE('',#4116,#4032,#4201,.T.);
#3567=EDGE_CURVE('',#4030,#4107,#4202,.T.);
#3568=EDGE_CURVE('',#4011,#4084,#4203,.T.);
#3569=EDGE_CURVE('',#4082,#4013,#4204,.T.);
#3570=EDGE_CURVE('',#4015,#4080,#4205,.T.);
#3571=EDGE_CURVE('',#3986,#4206,#4207,.T.);
#3572=EDGE_CURVE('',#4194,#4206,#4208,.T.);
#3573=EDGE_CURVE('',#3992,#4209,#4210,.T.);
#3574=EDGE_CURVE('',#4209,#4192,#4211,.T.);
#3575=EDGE_CURVE('',#4041,#3989,#4212,.T.);
#3576=EDGE_CURVE('',#3976,#4044,#4213,.T.);
#3577=EDGE_CURVE('',#4048,#4209,#4214,.T.);
#3578=EDGE_CURVE('',#4206,#4046,#4215,.T.);
#3579=EDGE_CURVE('',#4216,#4138,#4217,.T.);
#3580=EDGE_CURVE('',#3939,#4216,#4218,.T.);
#3581=EDGE_CURVE('',#4136,#4219,#4220,.T.);
#3582=EDGE_CURVE('',#3945,#4219,#4221,.T.);
#3583=EDGE_CURVE('',#4219,#4222,#4223,.T.);
#3584=EDGE_CURVE('',#3943,#4222,#4224,.T.);
#3585=EDGE_CURVE('',#4222,#4225,#4226,.T.);
#3586=EDGE_CURVE('',#3941,#4225,#4227,.T.);
#3587=EDGE_CURVE('',#4225,#4216,#4228,.T.);
#3588=EDGE_CURVE('',#4229,#4123,#4230,.T.);
#3589=EDGE_CURVE('',#3919,#4229,#4231,.T.);
#3590=EDGE_CURVE('',#4121,#4232,#4233,.T.);
#3591=EDGE_CURVE('',#3925,#4232,#4234,.T.);
#3592=EDGE_CURVE('',#4232,#4235,#4236,.T.);
#3593=EDGE_CURVE('',#3923,#4235,#4237,.T.);
#3594=EDGE_CURVE('',#4235,#4238,#4239,.T.);
#3595=EDGE_CURVE('',#3921,#4238,#4240,.T.);
#3596=EDGE_CURVE('',#4238,#4229,#4241,.T.);
#3597=EDGE_CURVE('',#4242,#4128,#4243,.T.);
#3598=EDGE_CURVE('',#4242,#3911,#4244,.T.);
#3599=EDGE_CURVE('',#4245,#3913,#4246,.T.);
#3600=EDGE_CURVE('',#4126,#4245,#4247,.T.);
#3601=EDGE_CURVE('',#4245,#4242,#4248,.T.);
#3602=EDGE_CURVE('',#4249,#4133,#4250,.T.);
#3603=EDGE_CURVE('',#4249,#3902,#4251,.T.);
#3604=EDGE_CURVE('',#4252,#3905,#4253,.T.);
#3605=EDGE_CURVE('',#4131,#4252,#4254,.T.);
#3606=EDGE_CURVE('',#4252,#4249,#4255,.T.);
#3607=EDGE_CURVE('',#3815,#3696,#4256,.T.);
#3608=EDGE_CURVE('',#3804,#3800,#4257,.T.);
#3609=EDGE_CURVE('',#3794,#3790,#4258,.T.);
#3610=EDGE_CURVE('',#3669,#3673,#4259,.T.);
#3611=EDGE_CURVE('',#3772,#3768,#4260,.T.);
#3612=EDGE_CURVE('',#3659,#3666,#4261,.T.);
#3613=EDGE_CURVE('',#3647,#3650,#4262,.T.);
#3614=EDGE_CURVE('',#3644,#3636,#4263,.T.);
#3615=EDGE_CURVE('',#3630,#3660,#4264,.T.);
#3616=EDGE_CURVE('',#3626,#3632,#4265,.T.);
#3617=EDGE_CURVE('',#3855,#3747,#4266,.T.);
#3618=EDGE_CURVE('',#3853,#3752,#4267,.T.);
#3619=EDGE_CURVE('',#3745,#3893,#4268,.T.);
#3620=EDGE_CURVE('',#3744,#3891,#4269,.T.);
#3621=EDGE_CURVE('',#3847,#3736,#4270,.T.);
#3622=EDGE_CURVE('',#3845,#3741,#4271,.T.);
#3623=EDGE_CURVE('',#3734,#3878,#4272,.T.);
#3624=EDGE_CURVE('',#3733,#3877,#4273,.T.);
#3625=VERTEX_POINT('',#4274);
#3626=VERTEX_POINT('',#4275);
#3627=B_SPLINE_CURVE_WITH_KNOTS('',1,(#4276,#4277),.UNSPECIFIED.,.F.,.F.,(2,2),(-1.0,-0.0),.UNSPECIFIED.);
#3628=VERTEX_POINT('',#4278);
#3629=B_SPLINE_CURVE_WITH_KNOTS('',3,(#4279,#4280,#4281,#4282),.UNSPECIFIED.,.F.,.F.,(4,4),(0.5,0.533424966680614),.UNSPECIFIED.);
#3630=VERTEX_POINT('',#4283);
#3631=B_SPLINE_CURVE_WITH_KNOTS('',3,(#4284,#4285,#4286,#4287,#4288,#4289,#4290,#4291,#4292,#4293,#4294,#4295,#4296,#4297,#4298,#4299,#4300,#4301,#4302,#4303),.UNSPECIFIED.,.F.,.F.,(4,2,2,2,2,2,2,2,2,4),(0.533424966680614,0.5625,0.625,0.6875,0.75,0.8125,0.875,0.9375,0.96875,0.999999999999993),.UNSPECIFIED.);
#3632=VERTEX_POINT('',#4304);
#3633=B_SPLINE_CURVE_WITH_KNOTS('',1,(#4305,#4306),.UNSPECIFIED.,.F.,.F.,(2,2),(-1.0,-0.0),.UNSPECIFIED.);
#3634=B_SPLINE_CURVE_WITH_KNOTS('',3,(#4307,#4308,#4309,#4310,#4311,#4312,#4313,#4314,#4315,#4316,#4317,#4318,#4319,#4320,#4321,#4322,#4323,#4324,#4325,#4326),.UNSPECIFIED.,.F.,.F.,(4,2,2,2,2,2,2,2,2,4),(0.0,0.03125,0.0625,0.125,0.1875,0.25,0.3125,0.375,0.4375,0.5),.UNSPECIFIED.);
#3635=VERTEX_POINT('',#4327);
#3636=VERTEX_POINT('',#4328);
#3637=B_SPLINE_CURVE_WITH_KNOTS('',1,(#4329,#4330),.UNSPECIFIED.,.F.,.F.,(2,2),(-1.0,-0.0),.UNSPECIFIED.);
#3638=VERTEX_POINT('',#4331);
#3639=B_SPLINE_CURVE_WITH_KNOTS('',3,(#4332,#4333,#4334,#4335,#4336,#4337,#4338,#4339,#4340,#4341),.UNSPECIFIED.,.F.,.F.,(4,3,3,4),(0.403597000960641,0.414285714285714,0.428571428571429,0.442857142857143),.UNSPECIFIED.);
#3640=VERTEX_POINT('',#4342);
#3641=B_SPLINE_CURVE_WITH_KNOTS('',3,(#4343,#4344,#4345,#4346,#4347,#4348,#4349,#4350,#4351,#4352,#4353,#4354,#4355,#4356,#4357,#4358,#4359,#4360,#4361,#4362,#4363,#4364,#4365,#4366,#4367,#4368,#4369,#4370,#4371,#4372,#4373,#4374,#4375,#4376,#4377,#4378,#4379,#4380,#4381,#4382,#4383,#4384,#4385,#4386,#4387,#4388,#4389,#4390,#4391,#4392,#4393,#4394,#4395,#4396,#4397,#4398,#4399,#4400,#4401,#4402,#4403,#4404,#4405,#4406,#4407,#4408,#4409,#4410,#4411,#4412,#4413,#4414,#4415,#4416,#4417,#4418,#4419,#4420,#4421,#4422,#4423,#4424,#4425,#4426,#4427,#4428,#4429,#4430,#4431,#4432,#4433,#4434,#4435,#4436,#4437,#4438,#4439,#4440,#4441,#4442,#4443,#4444,#4445,#4446,#4447,#4448,#4449,#4450,#4451,#4452,#4453,#4454,#4455,#4456,#4457,#4458,#4459,#4460,#4461,#4462,#4463,#4464,#4465,#4466,#4467,#4468,#4469,#4470,#4471,#4472,#4473,#4474,#4475,#4476,#4477,#4478,#4479,#4480,#4481,#4482,#4483,#4484,#4485,#4486,#4487,#4488,#4489,#4490,#4491,#4492,#4493,#4494,#4495,#4496,#4497,#4498,#4499,#4500,#4501,#4502,#4503,#4504,#4505,#4506,#4507,#4508,#4509,#4510,#4511,#4512,#4513,#4514,#4515,#4516,#4517,#4518,#4519,#4520,#4521,#4522,#4523,#4524,#4525,#4526,#4527,#4528,#4529,#4530,#4531,#4532,#4533,#4534,#4535,#4536,#4537,#4538,#4539,#4540,#4541,#4542,#4543,#4544,#4545,#4546,#4547,#4548,#4549,#4550,#4551,#4552,#4553),.UNSPECIFIED.,.T.,.F.,(4,3,3,3,3,3,3,3,3,3,3,3,3,3,3,3,3,3,3,3,3,3,3,3,3,3,3,3,3,3,3,3,3,3,3,3,3,3,3,3,3,3,3,3,3,3,3,3,3,3,3,3,3,3,3,3,3,3,3,3,3,3,3,3,3,3,3,3,3,3,4),(0.0,0.0142857142857143,0.0285714285714286,0.0428571428571429,0.0571428571428571,0.0714285714285714,0.0857142857142857,0.1,0.114285714285714,0.128571428571429,0.142857142857143,0.157142857142857,0.171428571428571,0.185714285714286,0.2,0.214285714285714,0.228571428571429,0.242857142857143,0.257142857142857,0.271428571428571,0.285714285714286,0.3,0.314285714285714,0.328571428571429,0.342857142857143,0.357142857142857,0.371428571428571,0.385714285714286,0.4,0.414285714285714,0.428571428571429,0.442857142857143,0.457142857142857,0.471428571428571,0.485714285714286,0.5,0.514285714285714,0.528571428571429,0.542857142857143,0.557142857142857,0.571428571428571,0.585714285714286,0.6,0.614285714285714,0.628571428571429,0.642857142857143,0.657142857142857,0.671428571428571,0.685714285714286,0.7,0.714285714285714,0.728571428571429,0.742857142857143,0.757142857142857,0.771428571428571,0.785714285714286,0.8,0.814285714285714,0.828571428571429,0.842857142857143,0.857142857142857,0.871428571428571,0.885714285714286,0.9,0.914285714285714,0.928571428571429,0.942857142857143,0.957142857142857,0.971428571428571,0.985714285714286,1.0),.UNSPECIFIED.);
#3642=VERTEX_POINT('',#4554);
#3643=B_SPLINE_CURVE_WITH_KNOTS('',3,(#4555,#4556,#4557,#4558,#4559,#4560,#4561,#4562,#4563,#4564,#4565,#4566,#4567,#4568,#4569,#4570,#4571,#4572,#4573,#4574,#4575,#4576,#4577,#4578,#4579,#4580,#4581,#4582,#4583,#4584,#4585,#4586,#4587,#4588,#4589,#4590,#4591,#4592,#4593,#4594,#4595,#4596,#4597,#4598,#4599,#4600,#4601,#4602,#4603,#4604,#4605,#4606,#4607,#4608,#4609,#4610,#4611,#4612,#4613,#4614,#4615,#4616,#4617,#4618,#4619,#4620,#4621,#4622,#4623,#4624,#4625,#4626,#4627,#4628,#4629,#4630,#4631,#4632,#4633,#4634,#4635,#4636,#4637,#4638,#4639),.UNSPECIFIED.,.F.,.F.,(4,3,3,3,3,3,3,3,3,3,3,3,3,3,3,3,3,3,3,3,3,3,3,3,3,3,3,3,4),(0.0,0.0142857142857143,0.0285714285714286,0.0428571428571429,0.0571428571428571,0.0714285714285714,0.0857142857142857,0.1,0.114285714285714,0.128571428571429,0.142857142857143,0.157142857142857,0.171428571428571,0.185714285714286,0.2,0.214285714285714,0.228571428571429,0.242857142857143,0.257142857142857,0.271428571428571,0.285714285714286,0.3,0.314285714285714,0.328571428571429,0.342857142857143,0.357142857142857,0.371428571428571,0.385714285714286,0.386871364609129),.UNSPECIFIED.);
#3644=VERTEX_POINT('',#4640);
#3645=B_SPLINE_CURVE_WITH_KNOTS('',1,(#4641,#4642),.UNSPECIFIED.,.F.,.F.,(2,2),(-1.0,-0.0),.UNSPECIFIED.);
#3646=B_SPLINE_CURVE_WITH_KNOTS('',3,(#4643,#4644,#4645,#4646,#4647,#4648,#4649,#4650,#4651,#4652,#4653,#4654,#4655,#4656,#4657,#4658,#4659,#4660,#4661,#4662,#4663,#4664,#4665,#4666,#4667,#4668,#4669,#4670,#4671,#4672,#4673,#4674,#4675,#4676,#4677,#4678,#4679,#4680,#4681,#4682,#4683,#4684,#4685,#4686,#4687,#4688),.UNSPECIFIED.,.F.,.F.,(4,3,3,3,3,3,3,3,3,3,3,3,3,3,3,4),(0.558823529411765,0.588235294117647,0.617647058823529,0.647058823529412,0.676470588235294,0.705882352941177,0.735294117647059,0.764705882352941,0.794117647058823,0.823529411764706,0.852941176470588,0.882352941176471,0.911764705882353,0.941176470588235,0.970588235294118,1.0),.UNSPECIFIED.);
#3647=VERTEX_POINT('',#4689);
#3648=VERTEX_POINT('',#4690);
#3649=B_SPLINE_CURVE_WITH_KNOTS('',1,(#4691,#4692),.UNSPECIFIED.,.F.,.F.,(2,2),(-1.0,-0.0),.UNSPECIFIED.);
#3650=VERTEX_POINT('',#4693);
#3651=B_SPLINE_CURVE_WITH_KNOTS('',3,(#4694,#4695,#4696,#4697,#4698,#4699,#4700,#4701,#4702,#4703,#4704,#4705,#4706,#4707,#4708,#4709,#4710,#4711,#4712,#4713,#4714,#4715,#4716,#4717,#4718,#4719,#4720,#4721,#4722,#4723,#4724,#4725,#4726,#4727,#4728,#4729,#4730,#4731,#4732,#4733,#4734,#4735,#4736,#4737,#4738,#4739,#4740,#4741,#4742,#4743,#4744,#4745,#4746,#4747,#4748),.UNSPECIFIED.,.F.,.F.,(4,3,3,3,3,3,3,3,3,3,3,3,3,3,3,3,3,3,4),(6.78384015628808E-11,0.0333333333333333,0.0666666666666667,0.1,0.133333333333333,0.166666666666667,0.2,0.233333333333333,0.266666666666667,0.3,0.333333333333333,0.366666666666667,0.4,0.433333333333333,0.466666666666667,0.5,0.533333333333333,0.566666666666667,0.577276181942573),.UNSPECIFIED.);
#3652=VERTEX_POINT('',#4749);
#3653=B_SPLINE_CURVE_WITH_KNOTS('',1,(#4750,#4751),.UNSPECIFIED.,.F.,.F.,(2,2),(-1.0,-0.0),.UNSPECIFIED.);
#3654=VERTEX_POINT('',#4752);
#3655=B_SPLINE_CURVE_WITH_KNOTS('',3,(#4753,#4754,#4755,#4756,#4757,#4758,#4759,#4760,#4761,#4762,#4763,#4764,#4765,#4766,#4767,#4768,#4769,#4770,#4771,#4772,#4773,#4774,#4775,#4776,#4777,#4778,#4779,#4780,#4781,#4782,#4783,#4784,#4785,#4786,#4787,#4788,#4789,#4790,#4791,#4792,#4793,#4794,#4795,#4796,#4797,#4798,#4799,#4800,#4801,#4802,#4803,#4804,#4805,#4806,#4807,#4808,#4809,#4810,#4811,#4812,#4813,#4814,#4815,#4816,#4817,#4818,#4819,#4820,#4821,#4822,#4823,#4824,#4825,#4826,#4827,#4828,#4829,#4830,#4831,#4832,#4833,#4834,#4835,#4836,#4837,#4838,#4839,#4840,#4841,#4842,#4843,#4844,#4845,#4846),.UNSPECIFIED.,.F.,.F.,(4,3,3,3,3,3,3,3,3,3,3,3,3,3,3,3,3,3,3,3,3,3,3,3,3,3,3,3,3,3,3,4),(0.501094141087059,0.508196721311475,0.524590163934426,0.540983606557377,0.557377049180328,0.573770491803279,0.590163934426229,0.60655737704918,0.622950819672131,0.639344262295082,0.655737704918033,0.672131147540984,0.688524590163934,0.704918032786885,0.721311475409836,0.737704918032787,0.754098360655738,0.770491803278688,0.786885245901639,0.80327868852459,0.819672131147541,0.836065573770492,0.852459016393443,0.868852459016393,0.885245901639344,0.901639344262295,0.918032786885246,0.934426229508197,0.950819672131147,0.967213114754098,0.983606557377049,1.00000001351169),.UNSPECIFIED.);
#3656=VERTEX_POINT('',#4847);
#3657=B_SPLINE_CURVE_WITH_KNOTS('',3,(#4848,#4849,#4850,#4851,#4852,#4853,#4854,#4855,#4856,#4857,#4858,#4859,#4860,#4861,#4862,#4863,#4864,#4865,#4866,#4867,#4868,#4869,#4870,#4871,#4872,#4873,#4874,#4875,#4876,#4877,#4878,#4879,#4880,#4881,#4882,#4883,#4884,#4885,#4886,#4887,#4888,#4889,#4890,#4891,#4892,#4893,#4894,#4895,#4896,#4897,#4898,#4899,#4900,#4901,#4902,#4903,#4904,#4905,#4906,#4907,#4908,#4909,#4910,#4911,#4912,#4913,#4914,#4915,#4916,#4917,#4918,#4919,#4920,#4921,#4922,#4923,#4924,#4925,#4926,#4927,#4928,#4929,#4930,#4931,#4932,#4933,#4934,#4935,#4936,#4937,#4938,#4939,#4940,#4941,#4942,#4943,#4944,#4945,#4946,#4947,#4948,#4949,#4950,#4951,#4952,#4953,#4954,#4955,#4956,#4957,#4958,#4959,#4960,#4961,#4962,#4963,#4964,#4965,#4966,#4967,#4968,#4969,#4970,#4971,#4972,#4973,#4974,#4975,#4976,#4977,#4978,#4979,#4980,#4981,#4982,#4983,#4984,#4985,#4986,#4987,#4988,#4989,#4990,#4991,#4992,#4993,#4994,#4995,#4996,#4997,#4998,#4999,#5000,#5001,#5002,#5003,#5004,#5005,#5006,#5007,#5008,#5009,#5010,#5011,#5012,#5013,#5014,#5015,#5016,#5017,#5018,#5019,#5020,#5021,#5022,#5023,#5024,#5025,#5026,#5027,#5028,#5029,#5030,#5031),.UNSPECIFIED.,.T.,.F.,(4,3,3,3,3,3,3,3,3,3,3,3,3,3,3,3,3,3,3,3,3,3,3,3,3,3,3,3,3,3,3,3,3,3,3,3,3,3,3,3,3,3,3,3,3,3,3,3,3,3,3,3,3,3,3,3,3,3,3,3,3,4),(0.0,0.0163934426229508,0.0327868852459016,0.0491803278688525,0.0655737704918033,0.0819672131147541,0.0983606557377049,0.114754098360656,0.131147540983607,0.147540983606557,0.163934426229508,0.180327868852459,0.19672131147541,0.213114754098361,0.229508196721311,0.245901639344262,0.262295081967213,0.278688524590164,0.295081967213115,0.311475409836066,0.327868852459016,0.344262295081967,0.360655737704918,0.377049180327869,0.39344262295082,0.409836065573771,0.426229508196721,0.442622950819672,0.459016393442623,0.475409836065574,0.491803278688525,0.508196721311475,0.524590163934426,0.540983606557377,0.557377049180328,0.573770491803279,0.590163934426229,0.60655737704918,0.622950819672131,0.639344262295082,0.655737704918033,0.672131147540984,0.688524590163934,0.704918032786885,0.721311475409836,0.737704918032787,0.754098360655738,0.770491803278688,0.786885245901639,0.80327868852459,0.819672131147541,0.836065573770492,0.852459016393443,0.868852459016393,0.885245901639344,0.901639344262295,0.918032786885246,0.934426229508197,0.950819672131147,0.967213114754098,0.983606557377049,1.0),.UNSPECIFIED.);
#3658=B_SPLINE_CURVE_WITH_KNOTS('',3,(#5032,#5033,#5034,#5035,#5036,#5037,#5038),.UNSPECIFIED.,.F.,.F.,(4,3,4),(0.44792144925028,0.459016393442623,0.46931744659966),.UNSPECIFIED.);
#3659=VERTEX_POINT('',#5039);
#3660=VERTEX_POINT('',#5040);
#3661=B_SPLINE_CURVE_WITH_KNOTS('',3,(#5041,#5042,#5043,#5044,#5045,#5046,#5047),.UNSPECIFIED.,.F.,.F.,(4,1,1,1,4),(0.0,0.311712928379781,0.623425856759563,0.935138785139344,1.0),.UNSPECIFIED.);
#3662=VERTEX_POINT('',#5048);
#3663=B_SPLINE_CURVE_WITH_KNOTS('',3,(#5049,#5050,#5051,#5052,#5053,#5054,#5055,#5056,#5057,#5058,#5059,#5060,#5061,#5062,#5063,#5064,#5065,#5066),.UNSPECIFIED.,.F.,.F.,(4,2,2,2,2,2,2,2,4),(0.0,0.0625,0.125,0.1875,0.25,0.3125,0.375,0.4375,0.5),.UNSPECIFIED.);
#3664=B_SPLINE_CURVE_WITH_KNOTS('',3,(#5067,#5068,#5069,#5070,#5071,#5072,#5073),.UNSPECIFIED.,.F.,.F.,(4,1,1,1,4),(0.0,0.311712928379781,0.623425856759563,0.935138785139344,1.0),.UNSPECIFIED.);
#3665=B_SPLINE_CURVE_WITH_KNOTS('',3,(#5074,#5075,#5076,#5077,#5078,#5079,#5080,#5081,#5082,#5083,#5084,#5085,#5086,#5087,#5088,#5089,#5090,#5091),.UNSPECIFIED.,.F.,.F.,(4,2,2,2,2,2,2,2,4),(0.0357040802838678,0.0625,0.125,0.1875,0.25,0.3125,0.375,0.4375,0.5),.UNSPECIFIED.);
#3666=VERTEX_POINT('',#5092);
#3667=B_SPLINE_CURVE_WITH_KNOTS('',3,(#5093,#5094,#5095,#5096,#5097,#5098,#5099,#5100,#5101,#5102,#5103,#5104,#5105,#5106,#5107,#5108,#5109,#5110),.UNSPECIFIED.,.F.,.F.,(4,2,2,2,2,2,2,2,4),(0.540025639736703,0.5625,0.625,0.6875,0.75,0.8125,0.875,0.9375,0.999999999999997),.UNSPECIFIED.);
#3668=B_SPLINE_CURVE_WITH_KNOTS('',3,(#5111,#5112,#5113,#5114,#5115,#5116,#5117),.UNSPECIFIED.,.F.,.F.,(4,1,1,1,4),(0.0,0.311712928379781,0.623425856759563,0.935138785139344,1.0),.UNSPECIFIED.);
#3669=VERTEX_POINT('',#5118);
#3670=B_SPLINE_CURVE_WITH_KNOTS('',3,(#5119,#5120,#5121,#5122,#5123,#5124,#5125),.UNSPECIFIED.,.F.,.F.,(4,1,1,1,4),(0.0,0.309537871227711,0.619075742455423,0.928613613683134,1.0),.UNSPECIFIED.);
#3671=VERTEX_POINT('',#5126);
#3672=B_SPLINE_CURVE_WITH_KNOTS('',3,(#5127,#5128,#5129,#5130,#5131,#5132,#5133,#5134,#5135,#5136,#5137,#5138,#5139,#5140,#5141,#5142,#5143,#5144),.UNSPECIFIED.,.F.,.F.,(4,2,2,2,2,2,2,2,4),(0.0,0.0625,0.125,0.1875,0.25,0.3125,0.375,0.4375,0.5),.UNSPECIFIED.);
#3673=VERTEX_POINT('',#5145);
#3674=B_SPLINE_CURVE_WITH_KNOTS('',3,(#5146,#5147,#5148,#5149,#5150,#5151,#5152,#5153,#5154,#5155,#5156,#5157,#5158,#5159,#5160,#5161,#5162,#5163),.UNSPECIFIED.,.F.,.F.,(4,2,2,2,2,2,2,2,4),(0.521972621825973,0.5625,0.625,0.6875,0.75,0.8125,0.875,0.9375,0.999999999999997),.UNSPECIFIED.);
#3675=B_SPLINE_CURVE_WITH_KNOTS('',3,(#5164,#5165,#5166,#5167,#5168,#5169,#5170),.UNSPECIFIED.,.F.,.F.,(4,1,1,1,4),(0.0,0.309537871227711,0.619075742455423,0.928613613683134,1.0),.UNSPECIFIED.);
#3676=B_SPLINE_CURVE_WITH_KNOTS('',3,(#5171,#5172,#5173,#5174,#5175,#5176,#5177,#5178,#5179,#5180,#5181,#5182,#5183,#5184,#5185,#5186,#5187,#5188,#5189,#5190,#5191,#5192,#5193,#5194,#5195,#5196,#5197,#5198,#5199,#5200,#5201,#5202,#5203,#5204,#5205,#5206,#5207,#5208,#5209,#5210,#5211,#5212,#5213,#5214,#5215,#5216,#5217,#5218,#5219,#5220,#5221,#5222,#5223,#5224,#5225,#5226,#5227,#5228,#5229,#5230,#5231,#5232,#5233,#5234,#5235,#5236,#5237,#5238,#5239,#5240,#5241,#5242,#5243,#5244,#5245,#5246,#5247,#5248,#5249,#5250,#5251,#5252,#5253,#5254,#5255,#5256,#5257,#5258,#5259,#5260,#5261,#5262,#5263,#5264,#5265,#5266,#5267,#5268,#5269,#5270,#5271,#5272,#5273,#5274,#5275,#5276,#5277,#5278,#5279,#5280,#5281,#5282,#5283,#5284,#5285,#5286,#5287,#5288),.UNSPECIFIED.,.F.,.F.,(4,3,3,3,3,3,3,3,3,3,3,3,3,3,3,3,3,3,3,3,3,3,3,3,3,3,3,3,3,3,3,3,3,3,3,3,3,3,3,4),(0.442857142857143,0.457142857142857,0.471428571428571,0.485714285714286,0.5,0.514285714285714,0.528571428571429,0.542857142857143,0.557142857142857,0.571428571428571,0.585714285714286,0.6,0.614285714285714,0.628571428571429,0.642857142857143,0.657142857142857,0.671428571428571,0.685714285714286,0.7,0.714285714285714,0.728571428571429,0.742857142857143,0.757142857142857,0.771428571428571,0.785714285714286,0.8,0.814285714285714,0.828571428571429,0.842857142857143,0.857142857142857,0.871428571428571,0.885714285714286,0.9,0.914285714285714,0.928571428571429,0.942857142857143,0.957142857142857,0.971428571428571,0.985714285714286,1.0),.UNSPECIFIED.);
#3677=VERTEX_POINT('',#5289);
#3678=B_SPLINE_CURVE_WITH_KNOTS('',3,(#5290,#5291,#5292,#5293,#5294,#5295,#5296),.UNSPECIFIED.,.F.,.F.,(4,1,1,1,4),(-1.0,-0.935494612469254,-0.623663074979503,-0.311831537489751,-0.0),.UNSPECIFIED.);
#3679=B_SPLINE_CURVE_WITH_KNOTS('',3,(#5297,#5298,#5299,#5300,#5301,#5302,#5303,#5304,#5305,#5306,#5307,#5308,#5309,#5310,#5311,#5312,#5313,#5314,#5315,#5316,#5317,#5318,#5319,#5320,#5321,#5322,#5323,#5324,#5325,#5326,#5327,#5328,#5329,#5330,#5331,#5332,#5333,#5334,#5335,#5336,#5337,#5338,#5339,#5340,#5341,#5342,#5343,#5344,#5345,#5346,#5347,#5348,#5349,#5350,#5351,#5352,#5353,#5354,#5355,#5356,#5357,#5358,#5359,#5360,#5361,#5362,#5363,#5364,#5365,#5366,#5367,#5368,#5369,#5370,#5371,#5372,#5373,#5374,#5375,#5376,#5377,#5378,#5379,#5380,#5381),.UNSPECIFIED.,.F.,.F.,(4,3,3,3,3,3,3,3,3,3,3,3,3,3,3,3,3,3,3,3,3,3,3,3,3,3,3,3,4),(0.0,0.0163934426229508,0.0327868852459016,0.0491803278688525,0.0655737704918033,0.0819672131147541,0.0983606557377049,0.114754098360656,0.131147540983607,0.147540983606557,0.163934426229508,0.180327868852459,0.19672131147541,0.213114754098361,0.229508196721311,0.245901639344262,0.262295081967213,0.278688524590164,0.295081967213115,0.311475409836066,0.327868852459016,0.344262295081967,0.360655737704918,0.377049180327869,0.39344262295082,0.409836065573771,0.426229508196721,0.442622950819672,0.44792144925028),.UNSPECIFIED.);
#3680=VERTEX_POINT('',#5382);
#3681=B_SPLINE_CURVE_WITH_KNOTS('',3,(#5383,#5384,#5385,#5386,#5387,#5388,#5389),.UNSPECIFIED.,.F.,.F.,(4,1,1,1,4),(-1.0,-0.935494612469254,-0.623663074979503,-0.311831537489751,-0.0),.UNSPECIFIED.);
#3682=VERTEX_POINT('',#5390);
#3683=B_SPLINE_CURVE_WITH_KNOTS('',3,(#5391,#5392,#5393,#5394,#5395,#5396,#5397,#5398,#5399,#5400,#5401,#5402,#5403,#5404,#5405,#5406,#5407,#5408),.UNSPECIFIED.,.F.,.F.,(4,2,2,2,2,2,2,2,4),(0.0,0.0625,0.125,0.1875,0.25,0.3125,0.375,0.4375,0.490757907253708),.UNSPECIFIED.);
#3684=B_SPLINE_CURVE_WITH_KNOTS('',3,(#5409,#5410,#5411,#5412,#5413,#5414,#5415,#5416,#5417,#5418,#5419,#5420,#5421,#5422,#5423,#5424,#5425,#5426),.UNSPECIFIED.,.F.,.F.,(4,2,2,2,2,2,2,2,4),(0.5,0.5625,0.625,0.6875,0.75,0.8125,0.875,0.9375,0.999999999999997),.UNSPECIFIED.);
#3685=VERTEX_POINT('',#5427);
#3686=VERTEX_POINT('',#5428);
#3687=CIRCLE('',#5429,1.0);
#3688=VERTEX_POINT('',#5430);
#3689=CIRCLE('',#5431,0.300000000000001);
#3690=VERTEX_POINT('',#5432);
#3691=CIRCLE('',#5433,0.399999999999999);
#3692=VERTEX_POINT('',#5434);
#3693=B_SPLINE_CURVE_WITH_KNOTS('',3,(#5435,#5436,#5437,#5438,#5439,#5440,#5441,#5442,#5443,#5444,#5445,#5446,#5447,#5448,#5449,#5450,#5451,#5452,#5453,#5454,#5455,#5456,#5457,#5458,#5459,#5460,#5461,#5462,#5463,#5464),.UNSPECIFIED.,.F.,.F.,(4,2,2,2,2,2,2,2,2,2,2,2,2,2,4),(0.0,0.0625000000000024,0.125000000000005,0.250000000000007,0.37500000000001,0.437500000000012,0.468750000000012,0.5,0.53125000000001,0.56250000000001,0.625000000000011,0.750000000000007,0.875000000000004,0.937500000000002,1.0),.UNSPECIFIED.);
#3694=VERTEX_POINT('',#5465);
#3695=B_SPLINE_CURVE_WITH_KNOTS('',3,(#5466,#5467,#5468,#5469),.UNSPECIFIED.,.F.,.F.,(4,4),(4.44822216042002E-11,1.00000000000286),.UNSPECIFIED.);
#3696=VERTEX_POINT('',#5470);
#3697=CIRCLE('',#5471,0.399999999999999);
#3698=VERTEX_POINT('',#5472);
#3699=CIRCLE('',#5473,0.300000000000001);
#3700=CIRCLE('',#5474,0.300000000000001);
#3701=VERTEX_POINT('',#5475);
#3702=VERTEX_POINT('',#5476);
#3703=CIRCLE('',#5477,1.0);
#3704=VERTEX_POINT('',#5478);
#3705=CIRCLE('',#5479,0.300000000000001);
#3706=VERTEX_POINT('',#5480);
#3707=CIRCLE('',#5481,0.399999999999999);
#3708=VERTEX_POINT('',#5482);
#3709=B_SPLINE_CURVE_WITH_KNOTS('',3,(#5483,#5484,#5485,#5486,#5487,#5488,#5489,#5490,#5491,#5492,#5493,#5494,#5495,#5496,#5497,#5498,#5499,#5500,#5501,#5502,#5503,#5504,#5505,#5506,#5507,#5508,#5509,#5510,#5511,#5512),.UNSPECIFIED.,.F.,.F.,(4,2,2,2,2,2,2,2,2,2,2,2,2,2,4),(0.0,0.0624999999999976,0.124999999999995,0.249999999999989,0.374999999999982,0.437499999999975,0.468749999999974,0.5,0.531249999999971,0.56249999999997,0.624999999999971,0.749999999999979,0.874999999999986,0.937499999999993,1.0),.UNSPECIFIED.);
#3710=VERTEX_POINT('',#5513);
#3711=B_SPLINE_CURVE_WITH_KNOTS('',3,(#5514,#5515,#5516,#5517),.UNSPECIFIED.,.F.,.F.,(4,4),(6.47396825104165E-13,1.0),.UNSPECIFIED.);
#3712=VERTEX_POINT('',#5518);
#3713=CIRCLE('',#5519,0.399999999999999);
#3714=VERTEX_POINT('',#5520);
#3715=CIRCLE('',#5521,0.300000000000001);
#3716=CIRCLE('',#5522,0.300000000000001);
#3717=VERTEX_POINT('',#5523);
#3718=VERTEX_POINT('',#5524);
#3719=CIRCLE('',#5525,1.0);
#3720=VERTEX_POINT('',#5526);
#3721=CIRCLE('',#5527,0.300000000000001);
#3722=VERTEX_POINT('',#5528);
#3723=CIRCLE('',#5529,0.399999999999999);
#3724=VERTEX_POINT('',#5530);
#3725=B_SPLINE_CURVE_WITH_KNOTS('',3,(#5531,#5532,#5533,#5534,#5535,#5536,#5537,#5538,#5539,#5540,#5541,#5542,#5543,#5544,#5545,#5546,#5547,#5548,#5549,#5550,#5551,#5552,#5553,#5554,#5555,#5556,#5557,#5558,#5559,#5560),.UNSPECIFIED.,.F.,.F.,(4,2,2,2,2,2,2,2,2,2,2,2,2,2,4),(0.0,0.062500000000002,0.125000000000004,0.250000000000002,0.375,0.437500000000002,0.468750000000005,0.5,0.53125000000001,0.562500000000013,0.625000000000015,0.750000000000009,0.875000000000004,0.937500000000002,1.0),.UNSPECIFIED.);
#3726=VERTEX_POINT('',#5561);
#3727=B_SPLINE_CURVE_WITH_KNOTS('',3,(#5562,#5563,#5564,#5565),.UNSPECIFIED.,.F.,.F.,(4,4),(6.34830282596187E-13,1.0),.UNSPECIFIED.);
#3728=VERTEX_POINT('',#5566);
#3729=CIRCLE('',#5567,0.399999999999999);
#3730=VERTEX_POINT('',#5568);
#3731=CIRCLE('',#5569,0.300000000000001);
#3732=CIRCLE('',#5570,0.300000000000001);
#3733=VERTEX_POINT('',#5571);
#3734=VERTEX_POINT('',#5572);
#3735=LINE('',#5573,#5574);
#3736=VERTEX_POINT('',#5575);
#3737=CIRCLE('',#5576,0.349999999999998);
#3738=LINE('',#5577,#5578);
#3739=VERTEX_POINT('',#5579);
#3740=B_SPLINE_CURVE_WITH_KNOTS('',3,(#5580,#5581,#5582,#5583,#5584,#5585,#5586,#5587,#5588,#5589,#5590,#5591,#5592,#5593,#5594,#5595,#5596,#5597,#5598,#5599,#5600,#5601,#5602,#5603,#5604,#5605,#5606,#5607,#5608,#5609),.UNSPECIFIED.,.F.,.F.,(4,2,2,2,2,2,2,2,2,2,2,2,2,2,4),(0.0,0.062500000000002,0.125000000000004,0.250000000000002,0.375,0.437500000000002,0.468750000000005,0.5,0.53125000000001,0.562500000000013,0.625000000000015,0.750000000000009,0.875000000000004,0.937500000000002,1.0),.UNSPECIFIED.);
#3741=VERTEX_POINT('',#5610);
#3742=LINE('',#5611,#5612);
#3743=CIRCLE('',#5613,0.349999999999998);
#3744=VERTEX_POINT('',#5614);
#3745=VERTEX_POINT('',#5615);
#3746=LINE('',#5616,#5617);
#3747=VERTEX_POINT('',#5618);
#3748=CIRCLE('',#5619,0.349999999999998);
#3749=LINE('',#5620,#5621);
#3750=VERTEX_POINT('',#5622);
#3751=B_SPLINE_CURVE_WITH_KNOTS('',3,(#5623,#5624,#5625,#5626,#5627,#5628,#5629,#5630,#5631,#5632,#5633,#5634,#5635,#5636,#5637,#5638,#5639,#5640,#5641,#5642,#5643,#5644,#5645,#5646,#5647,#5648,#5649,#5650,#5651,#5652),.UNSPECIFIED.,.F.,.F.,(4,2,2,2,2,2,2,2,2,2,2,2,2,2,4),(0.0,0.0624999999999976,0.124999999999995,0.249999999999989,0.374999999999982,0.437499999999975,0.468749999999974,0.5,0.531249999999971,0.56249999999997,0.624999999999971,0.749999999999979,0.874999999999986,0.937499999999993,1.0),.UNSPECIFIED.);
#3752=VERTEX_POINT('',#5653);
#3753=LINE('',#5654,#5655);
#3754=CIRCLE('',#5656,0.349999999999998);
#3755=VERTEX_POINT('',#5657);
#3756=LINE('',#5658,#5659);
#3757=VERTEX_POINT('',#5660);
#3758=CIRCLE('',#5661,0.300000000000001);
#3759=LINE('',#5662,#5663);
#3760=VERTEX_POINT('',#5664);
#3761=VERTEX_POINT('',#5665);
#3762=LINE('',#5666,#5667);
#3763=CIRCLE('',#5668,0.300000000000001);
#3764=VERTEX_POINT('',#5669);
#3765=LINE('',#5670,#5671);
#3766=CIRCLE('',#5672,0.300000000000001);
#3767=VERTEX_POINT('',#5673);
#3768=VERTEX_POINT('',#5674);
#3769=LINE('',#5675,#5676);
#3770=VERTEX_POINT('',#5677);
#3771=CIRCLE('',#5678,0.300000000000001);
#3772=VERTEX_POINT('',#5679);
#3773=LINE('',#5680,#5681);
#3774=VERTEX_POINT('',#5682);
#3775=CIRCLE('',#5683,0.300000000000001);
#3776=CIRCLE('',#5684,0.300000000000001);
#3777=VERTEX_POINT('',#5685);
#3778=LINE('',#5686,#5687);
#3779=VERTEX_POINT('',#5688);
#3780=CIRCLE('',#5689,0.300000000000001);
#3781=LINE('',#5690,#5691);
#3782=VERTEX_POINT('',#5692);
#3783=VERTEX_POINT('',#5693);
#3784=LINE('',#5694,#5695);
#3785=CIRCLE('',#5696,0.300000000000001);
#3786=VERTEX_POINT('',#5697);
#3787=LINE('',#5698,#5699);
#3788=CIRCLE('',#5700,0.300000000000001);
#3789=VERTEX_POINT('',#5701);
#3790=VERTEX_POINT('',#5702);
#3791=LINE('',#5703,#5704);
#3792=VERTEX_POINT('',#5705);
#3793=CIRCLE('',#5706,0.300000000000001);
#3794=VERTEX_POINT('',#5707);
#3795=LINE('',#5708,#5709);
#3796=VERTEX_POINT('',#5710);
#3797=CIRCLE('',#5711,0.300000000000001);
#3798=CIRCLE('',#5712,0.300000000000001);
#3799=VERTEX_POINT('',#5713);
#3800=VERTEX_POINT('',#5714);
#3801=LINE('',#5715,#5716);
#3802=VERTEX_POINT('',#5717);
#3803=CIRCLE('',#5718,0.300000000000001);
#3804=VERTEX_POINT('',#5719);
#3805=LINE('',#5720,#5721);
#3806=VERTEX_POINT('',#5722);
#3807=CIRCLE('',#5723,0.300000000000001);
#3808=CIRCLE('',#5724,0.300000000000001);
#3809=VERTEX_POINT('',#5725);
#3810=LINE('',#5726,#5727);
#3811=VERTEX_POINT('',#5728);
#3812=CIRCLE('',#5729,0.300000000000001);
#3813=LINE('',#5730,#5731);
#3814=B_SPLINE_CURVE_WITH_KNOTS('',3,(#5732,#5733,#5734,#5735),.UNSPECIFIED.,.F.,.F.,(4,4),(0.490757907253708,0.5),.UNSPECIFIED.);
#3815=VERTEX_POINT('',#5736);
#3816=VERTEX_POINT('',#5737);
#3817=LINE('',#5738,#5739);
#3818=CIRCLE('',#5740,0.300000000000001);
#3819=VERTEX_POINT('',#5741);
#3820=LINE('',#5742,#5743);
#3821=CIRCLE('',#5744,0.300000000000001);
#3822=VERTEX_POINT('',#5745);
#3823=VERTEX_POINT('',#5746);
#3824=LINE('',#5747,#5748);
#3825=VERTEX_POINT('',#5749);
#3826=CIRCLE('',#5750,0.349999999999998);
#3827=LINE('',#5751,#5752);
#3828=VERTEX_POINT('',#5753);
#3829=B_SPLINE_CURVE_WITH_KNOTS('',3,(#5754,#5755,#5756,#5757,#5758,#5759,#5760,#5761,#5762,#5763,#5764,#5765,#5766,#5767,#5768,#5769,#5770,#5771,#5772,#5773,#5774,#5775,#5776,#5777,#5778,#5779,#5780,#5781,#5782,#5783),.UNSPECIFIED.,.F.,.F.,(4,2,2,2,2,2,2,2,2,2,2,2,2,2,4),(0.0,0.0625000000000024,0.125000000000005,0.250000000000007,0.37500000000001,0.437500000000012,0.468750000000012,0.5,0.53125000000001,0.56250000000001,0.625000000000011,0.750000000000007,0.875000000000004,0.937500000000002,1.0),.UNSPECIFIED.);
#3830=VERTEX_POINT('',#5784);
#3831=LINE('',#5785,#5786);
#3832=CIRCLE('',#5787,0.349999999999998);
#3833=VERTEX_POINT('',#5788);
#3834=CIRCLE('',#5789,0.300000000000001);
#3835=CIRCLE('',#5790,0.300000000000001);
#3836=VERTEX_POINT('',#5791);
#3837=CIRCLE('',#5792,0.300000000000001);
#3838=CIRCLE('',#5793,0.300000000000001);
#3839=VERTEX_POINT('',#5794);
#3840=CIRCLE('',#5795,0.300000000000001);
#3841=CIRCLE('',#5796,0.300000000000001);
#3842=VERTEX_POINT('',#5797);
#3843=VERTEX_POINT('',#5798);
#3844=LINE('',#5799,#5800);
#3845=VERTEX_POINT('',#5801);
#3846=LINE('',#5802,#5803);
#3847=VERTEX_POINT('',#5804);
#3848=LINE('',#5805,#5806);
#3849=VERTEX_POINT('',#5807);
#3850=LINE('',#5808,#5809);
#3851=VERTEX_POINT('',#5810);
#3852=LINE('',#5811,#5812);
#3853=VERTEX_POINT('',#5813);
#3854=LINE('',#5814,#5815);
#3855=VERTEX_POINT('',#5816);
#3856=LINE('',#5817,#5818);
#3857=VERTEX_POINT('',#5819);
#3858=LINE('',#5820,#5821);
#3859=VERTEX_POINT('',#5822);
#3860=LINE('',#5823,#5824);
#3861=VERTEX_POINT('',#5825);
#3862=LINE('',#5826,#5827);
#3863=VERTEX_POINT('',#5828);
#3864=LINE('',#5829,#5830);
#3865=VERTEX_POINT('',#5831);
#3866=LINE('',#5832,#5833);
#3867=VERTEX_POINT('',#5834);
#3868=LINE('',#5835,#5836);
#3869=VERTEX_POINT('',#5837);
#3870=LINE('',#5838,#5839);
#3871=VERTEX_POINT('',#5840);
#3872=LINE('',#5841,#5842);
#3873=LINE('',#5843,#5844);
#3874=CIRCLE('',#5845,0.300000000000001);
#3875=CIRCLE('',#5846,0.300000000000001);
#3876=CIRCLE('',#5847,0.300000000000001);
#3877=VERTEX_POINT('',#5848);
#3878=VERTEX_POINT('',#5849);
#3879=LINE('',#5850,#5851);
#3880=LINE('',#5852,#5853);
#3881=VERTEX_POINT('',#5854);
#3882=LINE('',#5855,#5856);
#3883=VERTEX_POINT('',#5857);
#3884=LINE('',#5858,#5859);
#3885=LINE('',#5860,#5861);
#3886=VERTEX_POINT('',#5862);
#3887=LINE('',#5863,#5864);
#3888=VERTEX_POINT('',#5865);
#3889=LINE('',#5866,#5867);
#3890=LINE('',#5868,#5869);
#3891=VERTEX_POINT('',#5870);
#3892=LINE('',#5871,#5872);
#3893=VERTEX_POINT('',#5873);
#3894=LINE('',#5874,#5875);
#3895=LINE('',#5876,#5877);
#3896=LINE('',#5878,#5879);
#3897=CIRCLE('',#5880,0.300000000000001);
#3898=B_SPLINE_CURVE_WITH_KNOTS('',3,(#5881,#5882,#5883,#5884),.UNSPECIFIED.,.F.,.F.,(4,4),(6.34830282596187E-13,1.0),.UNSPECIFIED.);
#3899=CIRCLE('',#5885,0.300000000000001);
#3900=B_SPLINE_CURVE_WITH_KNOTS('',3,(#5886,#5887,#5888,#5889),.UNSPECIFIED.,.F.,.F.,(4,4),(6.47396825104165E-13,1.0),.UNSPECIFIED.);
#3901=CIRCLE('',#5890,0.300000000000001);
#3902=VERTEX_POINT('',#5891);
#3903=VERTEX_POINT('',#5892);
#3904=LINE('',#5893,#5894);
#3905=VERTEX_POINT('',#5895);
#3906=LINE('',#5896,#5897);
#3907=VERTEX_POINT('',#5898);
#3908=LINE('',#5899,#5900);
#3909=VERTEX_POINT('',#5901);
#3910=LINE('',#5902,#5903);
#3911=VERTEX_POINT('',#5904);
#3912=LINE('',#5905,#5906);
#3913=VERTEX_POINT('',#5907);
#3914=LINE('',#5908,#5909);
#3915=VERTEX_POINT('',#5910);
#3916=LINE('',#5911,#5912);
#3917=VERTEX_POINT('',#5913);
#3918=LINE('',#5914,#5915);
#3919=VERTEX_POINT('',#5916);
#3920=LINE('',#5917,#5918);
#3921=VERTEX_POINT('',#5919);
#3922=LINE('',#5920,#5921);
#3923=VERTEX_POINT('',#5922);
#3924=LINE('',#5923,#5924);
#3925=VERTEX_POINT('',#5925);
#3926=LINE('',#5926,#5927);
#3927=VERTEX_POINT('',#5928);
#3928=LINE('',#5929,#5930);
#3929=VERTEX_POINT('',#5931);
#3930=LINE('',#5932,#5933);
#3931=VERTEX_POINT('',#5934);
#3932=LINE('',#5935,#5936);
#3933=VERTEX_POINT('',#5937);
#3934=LINE('',#5938,#5939);
#3935=VERTEX_POINT('',#5940);
#3936=LINE('',#5941,#5942);
#3937=VERTEX_POINT('',#5943);
#3938=LINE('',#5944,#5945);
#3939=VERTEX_POINT('',#5946);
#3940=LINE('',#5947,#5948);
#3941=VERTEX_POINT('',#5949);
#3942=LINE('',#5950,#5951);
#3943=VERTEX_POINT('',#5952);
#3944=LINE('',#5953,#5954);
#3945=VERTEX_POINT('',#5955);
#3946=LINE('',#5956,#5957);
#3947=VERTEX_POINT('',#5958);
#3948=LINE('',#5959,#5960);
#3949=LINE('',#5961,#5962);
#3950=CIRCLE('',#5963,0.300000000000001);
#3951=CIRCLE('',#5964,0.300000000000001);
#3952=B_SPLINE_CURVE_WITH_KNOTS('',3,(#5965,#5966,#5967,#5968),.UNSPECIFIED.,.F.,.F.,(4,4),(4.44822216042002E-11,1.00000000000286),.UNSPECIFIED.);
#3953=LINE('',#5969,#5970);
#3954=LINE('',#5971,#5972);
#3955=CIRCLE('',#5973,0.349999999999998);
#3956=CIRCLE('',#5974,0.349999999999998);
#3957=VERTEX_POINT('',#5975);
#3958=LINE('',#5976,#5977);
#3959=VERTEX_POINT('',#5978);
#3960=LINE('',#5979,#5980);
#3961=VERTEX_POINT('',#5981);
#3962=LINE('',#5982,#5983);
#3963=VERTEX_POINT('',#5984);
#3964=LINE('',#5985,#5986);
#3965=VERTEX_POINT('',#5987);
#3966=LINE('',#5988,#5989);
#3967=VERTEX_POINT('',#5990);
#3968=LINE('',#5991,#5992);
#3969=VERTEX_POINT('',#5993);
#3970=LINE('',#5994,#5995);
#3971=LINE('',#5996,#5997);
#3972=VERTEX_POINT('',#5998);
#3973=LINE('',#5999,#6000);
#3974=LINE('',#6001,#6002);
#3975=VERTEX_POINT('',#6003);
#3976=VERTEX_POINT('',#6004);
#3977=LINE('',#6005,#6006);
#3978=VERTEX_POINT('',#6007);
#3979=LINE('',#6008,#6009);
#3980=VERTEX_POINT('',#6010);
#3981=LINE('',#6011,#6012);
#3982=VERTEX_POINT('',#6013);
#3983=LINE('',#6014,#6015);
#3984=VERTEX_POINT('',#6016);
#3985=LINE('',#6017,#6018);
#3986=VERTEX_POINT('',#6019);
#3987=LINE('',#6020,#6021);
#3988=LINE('',#6022,#6023);
#3989=VERTEX_POINT('',#6024);
#3990=VERTEX_POINT('',#6025);
#3991=LINE('',#6026,#6027);
#3992=VERTEX_POINT('',#6028);
#3993=LINE('',#6029,#6030);
#3994=VERTEX_POINT('',#6031);
#3995=LINE('',#6032,#6033);
#3996=VERTEX_POINT('',#6034);
#3997=LINE('',#6035,#6036);
#3998=VERTEX_POINT('',#6037);
#3999=LINE('',#6038,#6039);
#4000=VERTEX_POINT('',#6040);
#4001=LINE('',#6041,#6042);
#4002=LINE('',#6043,#6044);
#4003=VERTEX_POINT('',#6045);
#4004=VERTEX_POINT('',#6046);
#4005=LINE('',#6047,#6048);
#4006=LINE('',#6049,#6050);
#4007=VERTEX_POINT('',#6051);
#4008=LINE('',#6052,#6053);
#4009=VERTEX_POINT('',#6054);
#4010=LINE('',#6055,#6056);
#4011=VERTEX_POINT('',#6057);
#4012=LINE('',#6058,#6059);
#4013=VERTEX_POINT('',#6060);
#4014=LINE('',#6061,#6062);
#4015=VERTEX_POINT('',#6063);
#4016=LINE('',#6064,#6065);
#4017=VERTEX_POINT('',#6066);
#4018=LINE('',#6067,#6068);
#4019=VERTEX_POINT('',#6069);
#4020=LINE('',#6070,#6071);
#4021=LINE('',#6072,#6073);
#4022=VERTEX_POINT('',#6074);
#4023=LINE('',#6075,#6076);
#4024=VERTEX_POINT('',#6077);
#4025=LINE('',#6078,#6079);
#4026=VERTEX_POINT('',#6080);
#4027=LINE('',#6081,#6082);
#4028=VERTEX_POINT('',#6083);
#4029=LINE('',#6084,#6085);
#4030=VERTEX_POINT('',#6086);
#4031=LINE('',#6087,#6088);
#4032=VERTEX_POINT('',#6089);
#4033=LINE('',#6090,#6091);
#4034=VERTEX_POINT('',#6092);
#4035=LINE('',#6093,#6094);
#4036=VERTEX_POINT('',#6095);
#4037=LINE('',#6096,#6097);
#4038=VERTEX_POINT('',#6098);
#4039=LINE('',#6099,#6100);
#4040=LINE('',#6101,#6102);
#4041=VERTEX_POINT('',#6103);
#4042=LINE('',#6104,#6105);
#4043=LINE('',#6106,#6107);
#4044=VERTEX_POINT('',#6108);
#4045=LINE('',#6109,#6110);
#4046=VERTEX_POINT('',#6111);
#4047=LINE('',#6112,#6113);
#4048=VERTEX_POINT('',#6114);
#4049=LINE('',#6115,#6116);
#4050=LINE('',#6117,#6118);
#4051=VERTEX_POINT('',#6119);
#4052=LINE('',#6120,#6121);
#4053=VERTEX_POINT('',#6122);
#4054=LINE('',#6123,#6124);
#4055=VERTEX_POINT('',#6125);
#4056=LINE('',#6126,#6127);
#4057=LINE('',#6128,#6129);
#4058=VERTEX_POINT('',#6130);
#4059=LINE('',#6131,#6132);
#4060=VERTEX_POINT('',#6133);
#4061=LINE('',#6134,#6135);
#4062=VERTEX_POINT('',#6136);
#4063=LINE('',#6137,#6138);
#4064=VERTEX_POINT('',#6139);
#4065=LINE('',#6140,#6141);
#4066=VERTEX_POINT('',#6142);
#4067=LINE('',#6143,#6144);
#4068=VERTEX_POINT('',#6145);
#4069=LINE('',#6146,#6147);
#4070=VERTEX_POINT('',#6148);
#4071=LINE('',#6149,#6150);
#4072=VERTEX_POINT('',#6151);
#4073=LINE('',#6152,#6153);
#4074=LINE('',#6154,#6155);
#4075=VERTEX_POINT('',#6156);
#4076=LINE('',#6157,#6158);
#4077=VERTEX_POINT('',#6159);
#4078=LINE('',#6160,#6161);
#4079=LINE('',#6162,#6163);
#4080=VERTEX_POINT('',#6164);
#4081=LINE('',#6165,#6166);
#4082=VERTEX_POINT('',#6167);
#4083=LINE('',#6168,#6169);
#4084=VERTEX_POINT('',#6170);
#4085=LINE('',#6171,#6172);
#4086=VERTEX_POINT('',#6173);
#4087=LINE('',#6174,#6175);
#4088=VERTEX_POINT('',#6176);
#4089=LINE('',#6177,#6178);
#4090=LINE('',#6179,#6180);
#4091=VERTEX_POINT('',#6181);
#4092=LINE('',#6182,#6183);
#4093=LINE('',#6184,#6185);
#4094=LINE('',#6186,#6187);
#4095=LINE('',#6188,#6189);
#4096=LINE('',#6190,#6191);
#4097=LINE('',#6192,#6193);
#4098=VERTEX_POINT('',#6194);
#4099=LINE('',#6195,#6196);
#4100=VERTEX_POINT('',#6197);
#4101=LINE('',#6198,#6199);
#4102=LINE('',#6200,#6201);
#4103=VERTEX_POINT('',#6202);
#4104=LINE('',#6203,#6204);
#4105=LINE('',#6205,#6206);
#4106=LINE('',#6207,#6208);
#4107=VERTEX_POINT('',#6209);
#4108=LINE('',#6210,#6211);
#4109=VERTEX_POINT('',#6212);
#4110=LINE('',#6213,#6214);
#4111=LINE('',#6215,#6216);
#4112=VERTEX_POINT('',#6217);
#4113=LINE('',#6218,#6219);
#4114=VERTEX_POINT('',#6220);
#4115=LINE('',#6221,#6222);
#4116=VERTEX_POINT('',#6223);
#4117=LINE('',#6224,#6225);
#4118=LINE('',#6226,#6227);
#4119=VERTEX_POINT('',#6228);
#4120=LINE('',#6229,#6230);
#4121=VERTEX_POINT('',#6231);
#4122=LINE('',#6232,#6233);
#4123=VERTEX_POINT('',#6234);
#4124=LINE('',#6235,#6236);
#4125=LINE('',#6237,#6238);
#4126=VERTEX_POINT('',#6239);
#4127=LINE('',#6240,#6241);
#4128=VERTEX_POINT('',#6242);
#4129=LINE('',#6243,#6244);
#4130=LINE('',#6245,#6246);
#4131=VERTEX_POINT('',#6247);
#4132=LINE('',#6248,#6249);
#4133=VERTEX_POINT('',#6250);
#4134=LINE('',#6251,#6252);
#4135=LINE('',#6253,#6254);
#4136=VERTEX_POINT('',#6255);
#4137=LINE('',#6256,#6257);
#4138=VERTEX_POINT('',#6258);
#4139=LINE('',#6259,#6260);
#4140=LINE('',#6261,#6262);
#4141=LINE('',#6263,#6264);
#4142=LINE('',#6265,#6266);
#4143=VERTEX_POINT('',#6267);
#4144=LINE('',#6268,#6269);
#4145=VERTEX_POINT('',#6270);
#4146=LINE('',#6271,#6272);
#4147=LINE('',#6273,#6274);
#4148=LINE('',#6275,#6276);
#4149=LINE('',#6277,#6278);
#4150=VERTEX_POINT('',#6279);
#4151=LINE('',#6280,#6281);
#4152=VERTEX_POINT('',#6282);
#4153=LINE('',#6283,#6284);
#4154=LINE('',#6285,#6286);
#4155=LINE('',#6287,#6288);
#4156=VERTEX_POINT('',#6289);
#4157=LINE('',#6290,#6291);
#4158=VERTEX_POINT('',#6292);
#4159=LINE('',#6293,#6294);
#4160=VERTEX_POINT('',#6295);
#4161=LINE('',#6296,#6297);
#4162=VERTEX_POINT('',#6298);
#4163=LINE('',#6299,#6300);
#4164=VERTEX_POINT('',#6301);
#4165=LINE('',#6302,#6303);
#4166=VERTEX_POINT('',#6304);
#4167=LINE('',#6305,#6306);
#4168=LINE('',#6307,#6308);
#4169=VERTEX_POINT('',#6309);
#4170=LINE('',#6310,#6311);
#4171=VERTEX_POINT('',#6312);
#4172=LINE('',#6313,#6314);
#4173=LINE('',#6315,#6316);
#4174=VERTEX_POINT('',#6317);
#4175=LINE('',#6318,#6319);
#4176=LINE('',#6320,#6321);
#4177=VERTEX_POINT('',#6322);
#4178=LINE('',#6323,#6324);
#4179=LINE('',#6325,#6326);
#4180=VERTEX_POINT('',#6327);
#4181=LINE('',#6328,#6329);
#4182=LINE('',#6330,#6331);
#4183=LINE('',#6332,#6333);
#4184=VERTEX_POINT('',#6334);
#4185=LINE('',#6335,#6336);
#4186=LINE('',#6337,#6338);
#4187=LINE('',#6339,#6340);
#4188=CIRCLE('',#6341,0.300000000000001);
#4189=CIRCLE('',#6342,0.300000000000001);
#4190=CIRCLE('',#6343,0.300000000000001);
#4191=LINE('',#6344,#6345);
#4192=VERTEX_POINT('',#6346);
#4193=LINE('',#6347,#6348);
#4194=VERTEX_POINT('',#6349);
#4195=LINE('',#6350,#6351);
#4196=LINE('',#6352,#6353);
#4197=LINE('',#6354,#6355);
#4198=LINE('',#6356,#6357);
#4199=LINE('',#6358,#6359);
#4200=LINE('',#6360,#6361);
#4201=LINE('',#6362,#6363);
#4202=LINE('',#6364,#6365);
#4203=LINE('',#6366,#6367);
#4204=LINE('',#6368,#6369);
#4205=LINE('',#6370,#6371);
#4206=VERTEX_POINT('',#6372);
#4207=LINE('',#6373,#6374);
#4208=LINE('',#6375,#6376);
#4209=VERTEX_POINT('',#6377);
#4210=LINE('',#6378,#6379);
#4211=LINE('',#6380,#6381);
#4212=LINE('',#6382,#6383);
#4213=LINE('',#6384,#6385);
#4214=LINE('',#6386,#6387);
#4215=LINE('',#6388,#6389);
#4216=VERTEX_POINT('',#6390);
#4217=LINE('',#6391,#6392);
#4218=LINE('',#6393,#6394);
#4219=VERTEX_POINT('',#6395);
#4220=LINE('',#6396,#6397);
#4221=LINE('',#6398,#6399);
#4222=VERTEX_POINT('',#6400);
#4223=LINE('',#6401,#6402);
#4224=LINE('',#6403,#6404);
#4225=VERTEX_POINT('',#6405);
#4226=LINE('',#6406,#6407);
#4227=LINE('',#6408,#6409);
#4228=LINE('',#6410,#6411);
#4229=VERTEX_POINT('',#6412);
#4230=LINE('',#6413,#6414);
#4231=LINE('',#6415,#6416);
#4232=VERTEX_POINT('',#6417);
#4233=LINE('',#6418,#6419);
#4234=LINE('',#6420,#6421);
#4235=VERTEX_POINT('',#6422);
#4236=LINE('',#6423,#6424);
#4237=LINE('',#6425,#6426);
#4238=VERTEX_POINT('',#6427);
#4239=LINE('',#6428,#6429);
#4240=LINE('',#6430,#6431);
#4241=LINE('',#6432,#6433);
#4242=VERTEX_POINT('',#6434);
#4243=LINE('',#6435,#6436);
#4244=LINE('',#6437,#6438);
#4245=VERTEX_POINT('',#6439);
#4246=LINE('',#6440,#6441);
#4247=LINE('',#6442,#6443);
#4248=LINE('',#6444,#6445);
#4249=VERTEX_POINT('',#6446);
#4250=LINE('',#6447,#6448);
#4251=LINE('',#6449,#6450);
#4252=VERTEX_POINT('',#6451);
#4253=LINE('',#6452,#6453);
#4254=LINE('',#6454,#6455);
#4255=LINE('',#6456,#6457);
#4256=CIRCLE('',#6458,0.300000000000001);
#4257=CIRCLE('',#6459,0.300000000000001);
#4258=CIRCLE('',#6460,0.300000000000001);
#4259=B_SPLINE_CURVE_WITH_KNOTS('',3,(#6461,#6462,#6463,#6464),.UNSPECIFIED.,.F.,.F.,(4,4),(0.5,0.521972621825973),.UNSPECIFIED.);
#4260=CIRCLE('',#6465,0.300000000000001);
#4261=B_SPLINE_CURVE_WITH_KNOTS('',3,(#6466,#6467,#6468,#6469),.UNSPECIFIED.,.F.,.F.,(4,4),(0.5,0.540025639736703),.UNSPECIFIED.);
#4262=B_SPLINE_CURVE_WITH_KNOTS('',3,(#6470,#6471,#6472,#6473,#6474,#6475,#6476,#6477,#6478,#6479,#6480,#6481,#6482,#6483,#6484,#6485,#6486,#6487,#6488,#6489,#6490,#6491,#6492,#6493,#6494,#6495,#6496,#6497,#6498,#6499,#6500,#6501,#6502,#6503,#6504,#6505,#6506,#6507,#6508,#6509),.UNSPECIFIED.,.F.,.F.,(4,3,3,3,3,3,3,3,3,3,3,3,3,4),(0.577276181942573,0.6,0.633333333333333,0.666666666666667,0.7,0.733333333333333,0.766666666666667,0.8,0.833333333333333,0.866666666666667,0.9,0.933333333333333,0.966666666666667,1.0),.UNSPECIFIED.);
#4263=B_SPLINE_CURVE_WITH_KNOTS('',3,(#6510,#6511,#6512,#6513,#6514,#6515,#6516,#6517,#6518,#6519,#6520,#6521,#6522,#6523,#6524,#6525,#6526,#6527,#6528,#6529,#6530,#6531,#6532,#6533,#6534,#6535,#6536,#6537,#6538,#6539,#6540,#6541,#6542,#6543,#6544,#6545,#6546,#6547,#6548,#6549,#6550,#6551,#6552,#6553,#6554,#6555,#6556,#6557,#6558,#6559,#6560,#6561,#6562,#6563,#6564,#6565,#6566,#6567),.UNSPECIFIED.,.F.,.F.,(4,3,3,3,3,3,3,3,3,3,3,3,3,3,3,3,3,3,3,4),(0.0,0.0294117647058824,0.0588235294117647,0.0882352941176471,0.117647058823529,0.147058823529412,0.176470588235294,0.205882352941176,0.235294117647059,0.264705882352941,0.294117647058824,0.323529411764706,0.352941176470588,0.382352941176471,0.411764705882353,0.441176470588235,0.470588235294118,0.5,0.529411764705882,0.558823529411765),.UNSPECIFIED.);
#4264=B_SPLINE_CURVE_WITH_KNOTS('',3,(#6568,#6569,#6570,#6571),.UNSPECIFIED.,.F.,.F.,(4,4),(0.0,0.0357040802838678),.UNSPECIFIED.);
#4265=B_SPLINE_CURVE_WITH_KNOTS('',3,(#6572,#6573,#6574,#6575,#6576,#6577,#6578,#6579,#6580,#6581,#6582,#6583,#6584,#6585,#6586,#6587,#6588,#6589),.UNSPECIFIED.,.F.,.F.,(4,2,2,2,2,2,2,2,4),(0.5,0.5625,0.625,0.6875,0.75,0.8125,0.875,0.9375,0.999999999999835),.UNSPECIFIED.);
#4266=LINE('',#6590,#6591);
#4267=LINE('',#6592,#6593);
#4268=CIRCLE('',#6594,0.349999999999998);
#4269=CIRCLE('',#6595,0.349999999999998);
#4270=LINE('',#6596,#6597);
#4271=LINE('',#6598,#6599);
#4272=CIRCLE('',#6600,0.349999999999998);
#4273=CIRCLE('',#6601,0.349999999999998);
#4274=CARTESIAN_POINT('',(-2.20817245441023,12.0899388646275,-3.21595026474256));
#4275=CARTESIAN_POINT('',(-2.35156836724841,11.8941936946213,-3.64689411910594));
#4276=CARTESIAN_POINT('',(-2.20817245441023,12.0899388646275,-3.21595026474256));
#4277=CARTESIAN_POINT('',(-2.35156836724841,11.8941936946213,-3.64689411910594));
#4278=CARTESIAN_POINT('',(-2.19952969810495,12.0274721312799,-3.19332935508753));
#4279=CARTESIAN_POINT('',(-2.20817245441023,12.0899388646275,-3.21595026474256));
#4280=CARTESIAN_POINT('',(-2.20226301067273,12.0675582388133,-3.20774796238539));
#4281=CARTESIAN_POINT('',(-2.19946544985847,12.0475552281512,-3.20049834789124));
#4282=CARTESIAN_POINT('',(-2.19952969810398,12.0274714608145,-3.19332912564276));
#4283=CARTESIAN_POINT('',(-2.79055210845388,11.9609199240995,-3.16994584265072));
#4284=CARTESIAN_POINT('',(-2.19952969810398,12.0274714608145,-3.19332912564276));
#4285=CARTESIAN_POINT('',(-2.19958558506706,12.0100013998845,-3.18709290773593));
#4286=CARTESIAN_POINT('',(-2.20180687700586,11.9924702339327,-3.18091751910358));
#4287=CARTESIAN_POINT('',(-2.21510485471688,11.9319651639741,-3.15985074731331));
#4288=CARTESIAN_POINT('',(-2.23472009017814,11.898112333402,-3.14842089201918));
#4289=CARTESIAN_POINT('',(-2.27924221868636,11.8421719738046,-3.12965251580062));
#4290=CARTESIAN_POINT('',(-2.3109637705623,11.8162134939188,-3.12115784017116));
#4291=CARTESIAN_POINT('',(-2.37007050722183,11.7827734549385,-3.11017863014164));
#4292=CARTESIAN_POINT('',(-2.40560468210158,11.7689447066645,-3.10572480572256));
#4293=CARTESIAN_POINT('',(-2.47836269321928,11.7566342980237,-3.1017504991779));
#4294=CARTESIAN_POINT('',(-2.51018245866437,11.7562491131565,-3.10162298144484));
#4295=CARTESIAN_POINT('',(-2.58201924115707,11.7656040017647,-3.1046481919316));
#4296=CARTESIAN_POINT('',(-2.61923707474701,11.7780752485586,-3.10864966715922));
#4297=CARTESIAN_POINT('',(-2.67999346781326,11.8101158772022,-3.11914870222153));
#4298=CARTESIAN_POINT('',(-2.71126267353259,11.8332684374264,-3.12671692975285));
#4299=CARTESIAN_POINT('',(-2.74797129141043,11.8755264845886,-3.14082323687749));
#4300=CARTESIAN_POINT('',(-2.75842938504601,11.890285834896,-3.14579249813769));
#4301=CARTESIAN_POINT('',(-2.7770552942425,11.9230378933249,-3.15690773898383));
#4302=CARTESIAN_POINT('',(-2.78516080908252,11.942228482129,-3.16346808597935));
#4303=CARTESIAN_POINT('',(-2.79055210845388,11.9609199240995,-3.16994584265073));
#4304=CARTESIAN_POINT('',(-2.64771353774608,11.8361568549959,-3.62577043699168));
#4305=CARTESIAN_POINT('',(-2.79055210845388,11.9609199240995,-3.16994584265072));
#4306=CARTESIAN_POINT('',(-2.64771353774608,11.8361568549959,-3.62577043699154));
#4307=CARTESIAN_POINT('',(-2.64771353774608,11.8361568549959,-3.62577043699153));
#4308=CARTESIAN_POINT('',(-2.64526916617769,11.827645679052,-3.62267262228964));
#4309=CARTESIAN_POINT('',(-2.6417249957468,11.8193303224696,-3.61964608000703));
#4310=CARTESIAN_POINT('',(-2.63280406849126,11.8037049174479,-3.61395889767983));
#4311=CARTESIAN_POINT('',(-2.62756240923367,11.7963915521429,-3.61129705039767));
#4312=CARTESIAN_POINT('',(-2.60956130448675,11.7758130261559,-3.6038070794717));
#4313=CARTESIAN_POINT('',(-2.59460911971625,11.7647582268673,-3.59978346158626));
#4314=CARTESIAN_POINT('',(-2.56159172904196,11.7475346780737,-3.5935146024968));
#4315=CARTESIAN_POINT('',(-2.54361576834239,11.7417290972488,-3.59140154388439));
#4316=CARTESIAN_POINT('',(-2.50632785926958,11.7367820320463,-3.58960095940315));
#4317=CARTESIAN_POINT('',(-2.48726819420033,11.737066440555,-3.58970447563492));
#4318=CARTESIAN_POINT('',(-2.45044999763472,11.7433503478995,-3.59199163086309));
#4319=CARTESIAN_POINT('',(-2.43276943660676,11.7499177988687,-3.5943819875311));
#4320=CARTESIAN_POINT('',(-2.40055730357764,11.7680429403117,-3.60097899950782));
#4321=CARTESIAN_POINT('',(-2.38603292276495,11.7798565801997,-3.60527881278591));
#4322=CARTESIAN_POINT('',(-2.36347839700917,11.8079144295544,-3.61549103478739));
#4323=CARTESIAN_POINT('',(-2.35458731641648,11.8239440218683,-3.62132532925755));
#4324=CARTESIAN_POINT('',(-2.34678124807933,11.8588699552315,-3.63403732940524));
#4325=CARTESIAN_POINT('',(-2.34698887993739,11.8770010043477,-3.64063649159948));
#4326=CARTESIAN_POINT('',(-2.35156836724841,11.8941936946213,-3.64689411910594));
#4327=CARTESIAN_POINT('',(-0.289875732962146,11.6092114142729,-3.23470406603278));
#4328=CARTESIAN_POINT('',(-0.147617265180809,11.8088547466537,-3.66398308893726));
#4329=CARTESIAN_POINT('',(-0.289875732962151,11.6092114142729,-3.23470406603276));
#4330=CARTESIAN_POINT('',(-0.147617265180808,11.8088547466538,-3.66398308893725));
#4331=CARTESIAN_POINT('',(-0.297271612815677,11.6417128326228,-3.22273446772827));
#4332=CARTESIAN_POINT('',(-0.297271629957891,11.6417128375804,-3.222734464681));
#4333=CARTESIAN_POINT('',(-0.29658305603558,11.6371956190408,-3.22438370490439));
#4334=CARTESIAN_POINT('',(-0.295750443588126,11.6326248888134,-3.22605798538613));
#4335=CARTESIAN_POINT('',(-0.294757593951424,11.6280035854978,-3.2277572305396));
#4336=CARTESIAN_POINT('',(-0.294094110620585,11.6249153457449,-3.22889277090006));
#4337=CARTESIAN_POINT('',(-0.293359014870792,11.6218045405051,-3.23003945968516));
#4338=CARTESIAN_POINT('',(-0.292547134399435,11.6186721660132,-3.23119727349514));
#4339=CARTESIAN_POINT('',(-0.291735253928079,11.6155397915212,-3.23235508730512));
#4340=CARTESIAN_POINT('',(-0.290883479730402,11.6125064693342,-3.2334791871065));
#4341=CARTESIAN_POINT('',(-0.289875732962142,11.6092114142729,-3.23470406603279));
#4342=CARTESIAN_POINT('',(-0.300000093076017,11.6782552012618,-3.20950273294694));
#4343=CARTESIAN_POINT('',(0.288717481105014,11.7506601647294,-3.18375388427793));
#4344=CARTESIAN_POINT('',(0.282383934507839,11.7707284453785,-3.17675197823366));
#4345=CARTESIAN_POINT('',(0.273430699199886,11.7898483083378,-3.17034367861479));
#4346=CARTESIAN_POINT('',(0.262710206750853,11.8072761559901,-3.16453539205098));
#4347=CARTESIAN_POINT('',(0.251989714301819,11.8247040036425,-3.15872710548716));
#4348=CARTESIAN_POINT('',(0.239584942301414,11.8404290607826,-3.15351882491996));
#4349=CARTESIAN_POINT('',(0.226399381779756,11.8541254349463,-3.1489155780762));
#4350=CARTESIAN_POINT('',(0.213213821258097,11.86782180911,-3.14431233123245));
#4351=CARTESIAN_POINT('',(0.199202140864478,11.8794610408783,-3.14031412847191));
#4352=CARTESIAN_POINT('',(0.185257479158183,11.8892654507097,-3.13692465915827));
#4353=CARTESIAN_POINT('',(0.178285148305036,11.8941676556253,-3.13522992450146));
#4354=CARTESIAN_POINT('',(0.171330347876977,11.8986195017825,-3.13368735201609));
#4355=CARTESIAN_POINT('',(0.164479895654427,11.9026670666504,-3.13229728622572));
#4356=CARTESIAN_POINT('',(0.161054669543152,11.9046908490844,-3.13160225333054));
#4357=CARTESIAN_POINT('',(0.157655162912253,11.906613607075,-3.13094534595201));
#4358=CARTESIAN_POINT('',(0.15429017012976,11.9084413244849,-3.13032660029878));
#4359=CARTESIAN_POINT('',(0.152607673738513,11.9093551831898,-3.13001722747217));
#4360=CARTESIAN_POINT('',(0.150933785565433,11.9102452836721,-3.12971739500614));
#4361=CARTESIAN_POINT('',(0.149269487862697,11.9111123839189,-3.12942710700473));
#4362=CARTESIAN_POINT('',(0.148437339011329,11.9115459340423,-3.12928196300402));
#4363=CARTESIAN_POINT('',(0.147607586594094,11.9119737341988,-3.12913920511509));
#4364=CARTESIAN_POINT('',(0.146780346426912,11.9123958796408,-3.12899883382474));
#4365=CARTESIAN_POINT('',(0.14595310625973,11.9128180250828,-3.1288584625344));
#4366=CARTESIAN_POINT('',(0.145303447126338,11.9131470071055,-3.12874935363089));
#4367=CARTESIAN_POINT('',(0.144306273957307,11.9136454473746,-3.12858488021885));
#4368=CARTESIAN_POINT('',(0.128351503252804,11.92162049168,-3.12595330562629));
#4369=CARTESIAN_POINT('',(0.11174222163671,11.9282621845377,-3.12379059304047));
#4370=CARTESIAN_POINT('',(0.0948738055237558,11.9333719488922,-3.12209827580547));
#4371=CARTESIAN_POINT('',(0.0780053894108016,11.9384817132466,-3.12040595857048));
#4372=CARTESIAN_POINT('',(0.0608146608368759,11.9421100123347,-3.11918402881956));
#4373=CARTESIAN_POINT('',(0.043379472915655,11.9443408452758,-3.11843331181461));
#4374=CARTESIAN_POINT('',(0.025944284994434,11.9465716782168,-3.11768259480965));
#4375=CARTESIAN_POINT('',(0.00826460399290424,11.9474154753471,-3.11740308794062));
#4376=CARTESIAN_POINT('',(-0.00957151337671381,11.9469442219689,-3.11759496340537));
#4377=CARTESIAN_POINT('',(-0.0184895720615228,11.9467085952797,-3.11769090113774));
#4378=CARTESIAN_POINT('',(-0.0274465772511384,11.9461327107585,-3.11790467647052));
#4379=CARTESIAN_POINT('',(-0.0364305246365563,11.9451799633805,-3.11823625853772));
#4380=CARTESIAN_POINT('',(-0.0409224983292653,11.9447035896914,-3.11840204957132));
#4381=CARTESIAN_POINT('',(-0.0454211970072916,11.9441329771374,-3.11859729165616));
#4382=CARTESIAN_POINT('',(-0.049925056064533,11.9434634096976,-3.11882197712861));
#4383=CARTESIAN_POINT('',(-0.0521769855931537,11.9431286259777,-3.11893431986484));
#4384=CARTESIAN_POINT('',(-0.0544302045436512,11.9427691020619,-3.11905402340824));
#4385=CARTESIAN_POINT('',(-0.0566845132811533,11.9423842395536,-3.11918108656197));
#4386=CARTESIAN_POINT('',(-0.0578116676499044,11.9421918082995,-3.11924461813884));
#4387=CARTESIAN_POINT('',(-0.0589390944229496,11.9419930423043,-3.11930998961579));
#4388=CARTESIAN_POINT('',(-0.0600667683905129,11.9417878662088,-3.11937720082826));
#4389=CARTESIAN_POINT('',(-0.0611944423580761,11.9415826901134,-3.11944441204073));
#4390=CARTESIAN_POINT('',(-0.0624414860612007,11.9413480773201,-3.11952094843847));
#4391=CARTESIAN_POINT('',(-0.0634505064961519,11.9411530318882,-3.11958435349764));
#4392=CARTESIAN_POINT('',(-0.0795948334553706,11.9380323049767,-3.12059883444443));
#4393=CARTESIAN_POINT('',(-0.0959181701413109,11.933600843782,-3.12212411433819));
#4394=CARTESIAN_POINT('',(-0.11233304911384,11.9275506065307,-3.12415909336277));
#4395=CARTESIAN_POINT('',(-0.128747928086369,11.9215003692793,-3.12619407238736));
#4396=CARTESIAN_POINT('',(-0.145249943609585,11.9138351197747,-3.12873875140307));
#4397=CARTESIAN_POINT('',(-0.161266543167112,11.9045866676706,-3.13179114773319));
#4398=CARTESIAN_POINT('',(-0.17728314272464,11.8953382155666,-3.13484354406331));
#4399=CARTESIAN_POINT('',(-0.192814866597901,11.8845063745454,-3.13840366054302));
#4400=CARTESIAN_POINT('',(-0.207183099947419,11.8721558562438,-3.14246867334243));
#4401=CARTESIAN_POINT('',(-0.214367216622178,11.8659805970931,-3.14450117974214));
#4402=CARTESIAN_POINT('',(-0.22125158890585,11.8594190364854,-3.14665989780293));
#4403=CARTESIAN_POINT('',(-0.227785442581343,11.8525272203879,-3.1489443857323));
#4404=CARTESIAN_POINT('',(-0.23105236941909,11.8490813123392,-3.15008662969699));
#4405=CARTESIAN_POINT('',(-0.234232139407504,11.8455534619076,-3.15126031514462));
#4406=CARTESIAN_POINT('',(-0.237319000897395,11.8419521769499,-3.15246538142387));
#4407=CARTESIAN_POINT('',(-0.238862431642341,11.8401515344711,-3.1530679145635));
#4408=CARTESIAN_POINT('',(-0.240382632579151,11.8383325402273,-3.15367829287312));
#4409=CARTESIAN_POINT('',(-0.241878868528812,11.8364962993015,-3.15429650849526));
#4410=CARTESIAN_POINT('',(-0.242626986503642,11.8355781788385,-3.15460561630632));
#4411=CARTESIAN_POINT('',(-0.243369113061709,11.8346557471419,-3.1549166834421));
#4412=CARTESIAN_POINT('',(-0.244105155281958,11.8337291449783,-3.15522970889982));
#4413=CARTESIAN_POINT('',(-0.244473176392083,11.8332658438966,-3.15538622162869));
#4414=CARTESIAN_POINT('',(-0.244839676407059,11.8328015002256,-3.15554322393782));
#4415=CARTESIAN_POINT('',(-0.245204643647468,11.8323361317267,-3.1557007157006));
#4416=CARTESIAN_POINT('',(-0.245569610887878,11.8318707632277,-3.15585820746338));
#4417=CARTESIAN_POINT('',(-0.246037690050686,11.8312692156683,-3.15606201228179));
#4418=CARTESIAN_POINT('',(-0.246294935322628,11.8309369696176,-3.15617465922235));
#4419=CARTESIAN_POINT('',(-0.262758632726895,11.8096732223726,-3.16338406341815));
#4420=CARTESIAN_POINT('',(-0.281059351629328,11.7798318113279,-3.17356814746537));
#4421=CARTESIAN_POINT('',(-0.291389612452839,11.7425092687592,-3.18667789418188));
#4422=CARTESIAN_POINT('',(-0.296554742864594,11.7238479974748,-3.19323276754013));
#4423=CARTESIAN_POINT('',(-0.299746462863586,11.7032826047691,-3.20051860055729));
#4424=CARTESIAN_POINT('',(-0.299985454560391,11.6809739791751,-3.20852634161851));
#4425=CARTESIAN_POINT('',(-0.300104950408793,11.669819666378,-3.21253021214911));
#4426=CARTESIAN_POINT('',(-0.299504830837487,11.6582325669694,-3.21671452809788));
#4427=CARTESIAN_POINT('',(-0.29791847458897,11.646254993043,-3.22107795160172));
#4428=CARTESIAN_POINT('',(-0.297125296464712,11.6402662060797,-3.22325966335364));
#4429=CARTESIAN_POINT('',(-0.296084560613101,11.6341800650035,-3.22548614981869));
#4430=CARTESIAN_POINT('',(-0.294757593951424,11.6280035854978,-3.2277572305396));
#4431=CARTESIAN_POINT('',(-0.294094110620585,11.6249153457449,-3.22889277090006));
#4432=CARTESIAN_POINT('',(-0.293359014870792,11.6218045405051,-3.23003945968516));
#4433=CARTESIAN_POINT('',(-0.292547134399435,11.6186721660132,-3.23119727349514));
#4434=CARTESIAN_POINT('',(-0.291735253928079,11.6155397915212,-3.23235508730512));
#4435=CARTESIAN_POINT('',(-0.290883479730402,11.6125064693342,-3.2334791871065));
#4436=CARTESIAN_POINT('',(-0.289875732962142,11.6092114142729,-3.23470406603279));
#4437=CARTESIAN_POINT('',(-0.281813758816056,11.5828509737824,-3.24450309744307));
#4438=CARTESIAN_POINT('',(-0.269988316858369,11.5613453337167,-3.25252242812534));
#4439=CARTESIAN_POINT('',(-0.258968655587465,11.5449796469659,-3.25878593649798));
#4440=CARTESIAN_POINT('',(-0.253458824952013,11.5367968035905,-3.26191769068429));
#4441=CARTESIAN_POINT('',(-0.248139212554562,11.5298864939258,-3.26461034039201));
#4442=CARTESIAN_POINT('',(-0.243388521875882,11.5241420750739,-3.26686595016583));
#4443=CARTESIAN_POINT('',(-0.241013176536542,11.521269865648,-3.26799375505275));
#4444=CARTESIAN_POINT('',(-0.238777694020719,11.5186878979094,-3.26901229005799));
#4445=CARTESIAN_POINT('',(-0.236716428276963,11.5163789806827,-3.26992175271058));
#4446=CARTESIAN_POINT('',(-0.235685795405085,11.5152245220693,-3.27037648403687));
#4447=CARTESIAN_POINT('',(-0.234698591237145,11.5141383140335,-3.27080394663525));
#4448=CARTESIAN_POINT('',(-0.233758387868869,11.513118224217,-3.2712041613307));
#4449=CARTESIAN_POINT('',(-0.233288286184731,11.5126081793088,-3.27140426867842));
#4450=CARTESIAN_POINT('',(-0.232829927425427,11.5121146648413,-3.27159756400992));
#4451=CARTESIAN_POINT('',(-0.232383715299038,11.5116374220281,-3.27178404968462));
#4452=CARTESIAN_POINT('',(-0.232160609235844,11.5113988006216,-3.27187729252197));
#4453=CARTESIAN_POINT('',(-0.231940539391831,11.5111642472291,-3.27196883294258));
#4454=CARTESIAN_POINT('',(-0.231723553620874,11.5109337301766,-3.27205867122608));
#4455=CARTESIAN_POINT('',(-0.231615060735395,11.5108184716504,-3.27210359036783));
#4456=CARTESIAN_POINT('',(-0.231507338841196,11.5107042222168,-3.27214808397514));
#4457=CARTESIAN_POINT('',(-0.231400393758845,11.5105909779642,-3.27219215208202));
#4458=CARTESIAN_POINT('',(-0.231293448676495,11.5104777337117,-3.2722362201889));
#4459=CARTESIAN_POINT('',(-0.23128833459612,11.5104721603244,-3.27223842196267));
#4460=CARTESIAN_POINT('',(-0.231081894661067,11.5102542568719,-3.2723230799347));
#4461=CARTESIAN_POINT('',(-0.217869738817696,11.4963084359118,-3.27774119014422));
#4462=CARTESIAN_POINT('',(-0.203357565139367,11.4840466720593,-3.28251906397404));
#4463=CARTESIAN_POINT('',(-0.188295776491665,11.473552583564,-3.28666199971198));
#4464=CARTESIAN_POINT('',(-0.180764882167814,11.4683055393163,-3.28873346758095));
#4465=CARTESIAN_POINT('',(-0.173104760196627,11.4634865096154,-3.29064618293631));
#4466=CARTESIAN_POINT('',(-0.165407860774056,11.4590755912232,-3.29240068742084));
#4467=CARTESIAN_POINT('',(-0.16155941106277,11.456870132027,-3.2932779396631));
#4468=CARTESIAN_POINT('',(-0.157701513577894,11.4547666453272,-3.29411563786108));
#4469=CARTESIAN_POINT('',(-0.153844263461243,11.4527623317122,-3.29491384169443));
#4470=CARTESIAN_POINT('',(-0.149987013344592,11.4507580180973,-3.29571204552779));
#4471=CARTESIAN_POINT('',(-0.146275969502026,11.4489213272655,-3.29644353794502));
#4472=CARTESIAN_POINT('',(-0.142283624166366,11.447043919573,-3.29719002437838));
#4473=CARTESIAN_POINT('',(-0.110344861481088,11.4320246580325,-3.30316191584521));
#4474=CARTESIAN_POINT('',(-0.0764720206283467,11.4225908506854,-3.3069886736682));
#4475=CARTESIAN_POINT('',(-0.0420897043453963,11.4185450339863,-3.30868518126184));
#4476=CARTESIAN_POINT('',(-0.0248985462039211,11.4165221256367,-3.30953343505865));
#4477=CARTESIAN_POINT('',(-0.00752178970530084,11.4157844272595,-3.30984887759473));
#4478=CARTESIAN_POINT('',(0.00995643924443917,11.4162414836706,-3.30963182676184));
#4479=CARTESIAN_POINT('',(0.0186955537193092,11.4164700118762,-3.30952330134539));
#4480=CARTESIAN_POINT('',(0.0274599288804511,11.4170086208496,-3.30928163473617));
#4481=CARTESIAN_POINT('',(0.0362383945246081,11.4178887265047,-3.30890676319228));
#4482=CARTESIAN_POINT('',(0.0406276273466865,11.4183287793323,-3.30871932742033));
#4483=CARTESIAN_POINT('',(0.0450203758918731,11.4188542236778,-3.3084985893973));
#4484=CARTESIAN_POINT('',(0.0494152021868965,11.4194690912988,-3.30824453505722));
#4485=CARTESIAN_POINT('',(0.0516126153344081,11.4197765251093,-3.30811750788718));
#4486=CARTESIAN_POINT('',(0.0538105474824977,11.4201063158355,-3.30798215157441));
#4487=CARTESIAN_POINT('',(0.0560088162534314,11.4204589740502,-3.30783846398017));
#4488=CARTESIAN_POINT('',(0.0582070850243651,11.4208116322649,-3.30769477638594));
#4489=CARTESIAN_POINT('',(0.0605883495882219,11.4212202967852,-3.30752943641479));
#4490=CARTESIAN_POINT('',(0.0626044482949999,11.4215860661516,-3.30738240496097));
#4491=CARTESIAN_POINT('',(0.0787332379492233,11.4245122210834,-3.30620615333039));
#4492=CARTESIAN_POINT('',(0.0950797950064825,11.4286838264408,-3.30444844172293));
#4493=CARTESIAN_POINT('',(0.111555555523026,11.4344366256184,-3.30210735839113));
#4494=CARTESIAN_POINT('',(0.12803131603957,11.440189424796,-3.29976627505933));
#4495=CARTESIAN_POINT('',(0.144639131420073,11.4475253881279,-3.29684181734804));
#4496=CARTESIAN_POINT('',(0.160792085226278,11.4564415893445,-3.29333093334374));
#4497=CARTESIAN_POINT('',(0.176945039032484,11.465357790561,-3.28982004933944));
#4498=CARTESIAN_POINT('',(0.192643837563464,11.4758544708871,-3.28572273578993));
#4499=CARTESIAN_POINT('',(0.207178621626794,11.4878952405576,-3.28103478416489));
#4500=CARTESIAN_POINT('',(0.210812317642626,11.4909054329752,-3.27986279625863));
#4501=CARTESIAN_POINT('',(0.214371748221113,11.4940127253446,-3.27865388788544));
#4502=CARTESIAN_POINT('',(0.217848232822479,11.4972129897183,-3.27740798274897));
#4503=CARTESIAN_POINT('',(0.219586475123162,11.4988131219052,-3.27678503018074));
#4504=CARTESIAN_POINT('',(0.221304161388358,11.5004363310464,-3.27615282837266));
#4505=CARTESIAN_POINT('',(0.223000541375318,11.502081753434,-3.27551136742721));
#4506=CARTESIAN_POINT('',(0.223848731368798,11.5029044646278,-3.27519063695448));
#4507=CARTESIAN_POINT('',(0.224347575169819,11.5033951732712,-3.27499913412445));
#4508=CARTESIAN_POINT('',(0.225002404396169,11.5040434817042,-3.27474600607736));
#4509=CARTESIAN_POINT('',(0.225657233622518,11.5046917901372,-3.27449287803027));
#4510=CARTESIAN_POINT('',(0.226316894472665,11.5053514405505,-3.27423516022602));
#4511=CARTESIAN_POINT('',(0.22698105153324,11.5060226195593,-3.27397285057876));
#4512=CARTESIAN_POINT('',(0.232294308017846,11.5113920516297,-3.27187437340063));
#4513=CARTESIAN_POINT('',(0.237899836271601,11.5175018200971,-3.26948204149155));
#4514=CARTESIAN_POINT('',(0.243595750595466,11.5244323979846,-3.26679462669498));
#4515=CARTESIAN_POINT('',(0.254987579243195,11.5382935537596,-3.26141979710184));
#4516=CARTESIAN_POINT('',(0.26681665173827,11.5555229855315,-3.25486489210311));
#4517=CARTESIAN_POINT('',(0.27668735571586,11.5760811034722,-3.24711684383495));
#4518=CARTESIAN_POINT('',(0.277304274714459,11.5773659858435,-3.24663259081819));
#4519=CARTESIAN_POINT('',(0.277913148374458,11.5786634225139,-3.24614367576238));
#4520=CARTESIAN_POINT('',(0.278513226731816,11.5799732062416,-3.24565009495776));
#4521=CARTESIAN_POINT('',(0.279113305089173,11.5812829899693,-3.24515651415314));
#4522=CARTESIAN_POINT('',(0.280000905431969,11.5832695802279,-3.24440888032525));
#4523=CARTESIAN_POINT('',(0.280734891715206,11.584975855784,-3.24376881519461));
#4524=CARTESIAN_POINT('',(0.282202864281681,11.5883884068961,-3.24248868493333));
#4525=CARTESIAN_POINT('',(0.283546686642873,11.5917356431793,-3.24123931537459));
#4526=CARTESIAN_POINT('',(0.284780453359869,11.5950115523645,-3.24002077465202));
#4527=CARTESIAN_POINT('',(0.287247986793861,11.601563370735,-3.23758369320689));
#4528=CARTESIAN_POINT('',(0.289276325802298,11.6078287757039,-3.23526993085692));
#4529=CARTESIAN_POINT('',(0.290965196974439,11.6137745104619,-3.23307998703779));
#4530=CARTESIAN_POINT('',(0.294342939318721,11.6256659799779,-3.22870009939953));
#4531=CARTESIAN_POINT('',(0.296376346635783,11.6362677463834,-3.22481554312249));
#4532=CARTESIAN_POINT('',(0.297681205524997,11.6454907806209,-3.22142960821344));
#4533=CARTESIAN_POINT('',(0.298986064414211,11.6547138148585,-3.21804367330439));
#4534=CARTESIAN_POINT('',(0.299559226572123,11.6625653098369,-3.21515635663118));
#4535=CARTESIAN_POINT('',(0.299818246292425,11.6690906715331,-3.21277005088573));
#4536=CARTESIAN_POINT('',(0.299947756152576,11.6723533523812,-3.211576898013));
#4537=CARTESIAN_POINT('',(0.299995936630731,11.6752859068072,-3.21050898415423));
#4538=CARTESIAN_POINT('',(0.299999755162209,11.6778989431654,-3.20956652765478));
#4539=CARTESIAN_POINT('',(0.300000709795078,11.678552202255,-3.20933091352992));
#4540=CARTESIAN_POINT('',(0.300000024619143,11.6783219434513,-3.20941382381044));
#4541=CARTESIAN_POINT('',(0.299999888633107,11.678459644829,-3.20936331175899));
#4542=CARTESIAN_POINT('',(0.299999752647072,11.6785973462067,-3.20931279970754));
#4543=CARTESIAN_POINT('',(0.299999457364388,11.678791680438,-3.20924135358294));
#4544=CARTESIAN_POINT('',(0.299998568084093,11.6790428417477,-3.20914897091324));
#4545=CARTESIAN_POINT('',(0.299996789523502,11.6795451643671,-3.20896420557384));
#4546=CARTESIAN_POINT('',(0.299992894980853,11.6802746971963,-3.20869569549638));
#4547=CARTESIAN_POINT('',(0.299980322496528,11.6812342529504,-3.20834340356358));
#4548=CARTESIAN_POINT('',(0.299930032559229,11.6850724759664,-3.20693423583243));
#4549=CARTESIAN_POINT('',(0.299834356973793,11.6925831120767,-3.2041850102988));
#4550=CARTESIAN_POINT('',(0.298560078351552,11.7040884922586,-3.20008970384183));
#4551=CARTESIAN_POINT('',(0.297285799729312,11.7155938724406,-3.19599439738485));
#4552=CARTESIAN_POINT('',(0.294867572494185,11.7311731746012,-3.19055297565745));
#4553=CARTESIAN_POINT('',(0.288717481105014,11.7506601647294,-3.18375388427793));
#4554=CARTESIAN_POINT('',(0.288717481105014,11.7506601647294,-3.18375388427793));
#4555=CARTESIAN_POINT('',(0.288717481105014,11.7506601647294,-3.18375388427793));
#4556=CARTESIAN_POINT('',(0.282383934507839,11.7707284453785,-3.17675197823366));
#4557=CARTESIAN_POINT('',(0.273430699199886,11.7898483083378,-3.17034367861479));
#4558=CARTESIAN_POINT('',(0.262710206750853,11.8072761559901,-3.16453539205098));
#4559=CARTESIAN_POINT('',(0.251989714301819,11.8247040036425,-3.15872710548716));
#4560=CARTESIAN_POINT('',(0.239584942301414,11.8404290607826,-3.15351882491996));
#4561=CARTESIAN_POINT('',(0.226399381779756,11.8541254349463,-3.1489155780762));
#4562=CARTESIAN_POINT('',(0.213213821258097,11.86782180911,-3.14431233123245));
#4563=CARTESIAN_POINT('',(0.199202140864478,11.8794610408783,-3.14031412847191));
#4564=CARTESIAN_POINT('',(0.185257479158183,11.8892654507097,-3.13692465915827));
#4565=CARTESIAN_POINT('',(0.178285148305036,11.8941676556253,-3.13522992450146));
#4566=CARTESIAN_POINT('',(0.171330347876977,11.8986195017825,-3.13368735201609));
#4567=CARTESIAN_POINT('',(0.164479895654427,11.9026670666504,-3.13229728622572));
#4568=CARTESIAN_POINT('',(0.161054669543152,11.9046908490844,-3.13160225333054));
#4569=CARTESIAN_POINT('',(0.157655162912253,11.906613607075,-3.13094534595201));
#4570=CARTESIAN_POINT('',(0.15429017012976,11.9084413244849,-3.13032660029878));
#4571=CARTESIAN_POINT('',(0.152607673738513,11.9093551831898,-3.13001722747217));
#4572=CARTESIAN_POINT('',(0.150933785565433,11.9102452836721,-3.12971739500614));
#4573=CARTESIAN_POINT('',(0.149269487862697,11.9111123839189,-3.12942710700473));
#4574=CARTESIAN_POINT('',(0.148437339011329,11.9115459340423,-3.12928196300402));
#4575=CARTESIAN_POINT('',(0.147607586594094,11.9119737341988,-3.12913920511509));
#4576=CARTESIAN_POINT('',(0.146780346426912,11.9123958796408,-3.12899883382474));
#4577=CARTESIAN_POINT('',(0.14595310625973,11.9128180250828,-3.1288584625344));
#4578=CARTESIAN_POINT('',(0.145303447126338,11.9131470071055,-3.12874935363089));
#4579=CARTESIAN_POINT('',(0.144306273957307,11.9136454473746,-3.12858488021885));
#4580=CARTESIAN_POINT('',(0.128351503252804,11.92162049168,-3.12595330562629));
#4581=CARTESIAN_POINT('',(0.11174222163671,11.9282621845377,-3.12379059304047));
#4582=CARTESIAN_POINT('',(0.0948738055237558,11.9333719488922,-3.12209827580547));
#4583=CARTESIAN_POINT('',(0.0780053894108016,11.9384817132466,-3.12040595857048));
#4584=CARTESIAN_POINT('',(0.0608146608368759,11.9421100123347,-3.11918402881956));
#4585=CARTESIAN_POINT('',(0.043379472915655,11.9443408452758,-3.11843331181461));
#4586=CARTESIAN_POINT('',(0.025944284994434,11.9465716782168,-3.11768259480965));
#4587=CARTESIAN_POINT('',(0.00826460399290424,11.9474154753471,-3.11740308794062));
#4588=CARTESIAN_POINT('',(-0.00957151337671381,11.9469442219689,-3.11759496340537));
#4589=CARTESIAN_POINT('',(-0.0184895720615228,11.9467085952797,-3.11769090113774));
#4590=CARTESIAN_POINT('',(-0.0274465772511384,11.9461327107585,-3.11790467647052));
#4591=CARTESIAN_POINT('',(-0.0364305246365563,11.9451799633805,-3.11823625853772));
#4592=CARTESIAN_POINT('',(-0.0409224983292653,11.9447035896914,-3.11840204957132));
#4593=CARTESIAN_POINT('',(-0.0454211970072916,11.9441329771374,-3.11859729165616));
#4594=CARTESIAN_POINT('',(-0.049925056064533,11.9434634096976,-3.11882197712861));
#4595=CARTESIAN_POINT('',(-0.0521769855931537,11.9431286259777,-3.11893431986484));
#4596=CARTESIAN_POINT('',(-0.0544302045436512,11.9427691020619,-3.11905402340824));
#4597=CARTESIAN_POINT('',(-0.0566845132811533,11.9423842395536,-3.11918108656197));
#4598=CARTESIAN_POINT('',(-0.0578116676499044,11.9421918082995,-3.11924461813884));
#4599=CARTESIAN_POINT('',(-0.0589390944229496,11.9419930423043,-3.11930998961579));
#4600=CARTESIAN_POINT('',(-0.0600667683905129,11.9417878662088,-3.11937720082826));
#4601=CARTESIAN_POINT('',(-0.0611944423580761,11.9415826901134,-3.11944441204073));
#4602=CARTESIAN_POINT('',(-0.0624414860612007,11.9413480773201,-3.11952094843847));
#4603=CARTESIAN_POINT('',(-0.0634505064961519,11.9411530318882,-3.11958435349764));
#4604=CARTESIAN_POINT('',(-0.0795948334553706,11.9380323049767,-3.12059883444443));
#4605=CARTESIAN_POINT('',(-0.0959181701413109,11.933600843782,-3.12212411433819));
#4606=CARTESIAN_POINT('',(-0.11233304911384,11.9275506065307,-3.12415909336277));
#4607=CARTESIAN_POINT('',(-0.128747928086369,11.9215003692793,-3.12619407238736));
#4608=CARTESIAN_POINT('',(-0.145249943609585,11.9138351197747,-3.12873875140307));
#4609=CARTESIAN_POINT('',(-0.161266543167112,11.9045866676706,-3.13179114773319));
#4610=CARTESIAN_POINT('',(-0.17728314272464,11.8953382155666,-3.13484354406331));
#4611=CARTESIAN_POINT('',(-0.192814866597901,11.8845063745454,-3.13840366054302));
#4612=CARTESIAN_POINT('',(-0.207183099947419,11.8721558562438,-3.14246867334243));
#4613=CARTESIAN_POINT('',(-0.214367216622178,11.8659805970931,-3.14450117974214));
#4614=CARTESIAN_POINT('',(-0.22125158890585,11.8594190364854,-3.14665989780293));
#4615=CARTESIAN_POINT('',(-0.227785442581343,11.8525272203879,-3.1489443857323));
#4616=CARTESIAN_POINT('',(-0.23105236941909,11.8490813123392,-3.15008662969699));
#4617=CARTESIAN_POINT('',(-0.234232139407504,11.8455534619076,-3.15126031514462));
#4618=CARTESIAN_POINT('',(-0.237319000897395,11.8419521769499,-3.15246538142387));
#4619=CARTESIAN_POINT('',(-0.238862431642341,11.8401515344711,-3.1530679145635));
#4620=CARTESIAN_POINT('',(-0.240382632579151,11.8383325402273,-3.15367829287312));
#4621=CARTESIAN_POINT('',(-0.241878868528812,11.8364962993015,-3.15429650849526));
#4622=CARTESIAN_POINT('',(-0.242626986503642,11.8355781788385,-3.15460561630632));
#4623=CARTESIAN_POINT('',(-0.243369113061709,11.8346557471419,-3.1549166834421));
#4624=CARTESIAN_POINT('',(-0.244105155281958,11.8337291449783,-3.15522970889982));
#4625=CARTESIAN_POINT('',(-0.244473176392083,11.8332658438966,-3.15538622162869));
#4626=CARTESIAN_POINT('',(-0.244839676407059,11.8328015002256,-3.15554322393782));
#4627=CARTESIAN_POINT('',(-0.245204643647468,11.8323361317267,-3.1557007157006));
#4628=CARTESIAN_POINT('',(-0.245569610887878,11.8318707632277,-3.15585820746338));
#4629=CARTESIAN_POINT('',(-0.246037690050686,11.8312692156683,-3.15606201228179));
#4630=CARTESIAN_POINT('',(-0.246294935322628,11.8309369696176,-3.15617465922235));
#4631=CARTESIAN_POINT('',(-0.262758632726895,11.8096732223726,-3.16338406341815));
#4632=CARTESIAN_POINT('',(-0.281059351629328,11.7798318113279,-3.17356814746537));
#4633=CARTESIAN_POINT('',(-0.291389612452839,11.7425092687592,-3.18667789418188));
#4634=CARTESIAN_POINT('',(-0.296554742864594,11.7238479974748,-3.19323276754013));
#4635=CARTESIAN_POINT('',(-0.299746462863586,11.7032826047691,-3.20051860055729));
#4636=CARTESIAN_POINT('',(-0.299985454560391,11.6809739791751,-3.20852634161851));
#4637=CARTESIAN_POINT('',(-0.299995133189085,11.6800705297804,-3.20885063720471));
#4638=CARTESIAN_POINT('',(-0.300000090942957,11.6791642411867,-3.20917611656243));
#4639=CARTESIAN_POINT('',(-0.300000186152034,11.6782551358766,-3.20950277898078));
#4640=CARTESIAN_POINT('',(0.146891718461414,11.8721017174945,-3.6409630741437));
#4641=CARTESIAN_POINT('',(0.288717481105014,11.7506601647294,-3.18375388427792));
#4642=CARTESIAN_POINT('',(0.146891718461414,11.8721017174946,-3.64096307414369));
#4643=CARTESIAN_POINT('',(-0.147617265180809,11.8088547466537,-3.66398308893726));
#4644=CARTESIAN_POINT('',(-0.153020636681756,11.8263856986327,-3.65760234423855));
#4645=CARTESIAN_POINT('',(-0.15400024657404,11.8435260653377,-3.65136376095353));
#4646=CARTESIAN_POINT('',(-0.150556094857661,11.8602758467687,-3.64526733908217));
#4647=CARTESIAN_POINT('',(-0.148834018999472,11.8686507374842,-3.6422191281465));
#4648=CARTESIAN_POINT('',(-0.146006002739117,11.8769279818812,-3.63920645756424));
#4649=CARTESIAN_POINT('',(-0.142072046076596,11.8851075799598,-3.6362293273354));
#4650=CARTESIAN_POINT('',(-0.140105067745336,11.889197378999,-3.63474076222098));
#4651=CARTESIAN_POINT('',(-0.137861604313534,11.8932627664586,-3.63326108219492));
#4652=CARTESIAN_POINT('',(-0.135341655781191,11.8973037423386,-3.63179028725721));
#4653=CARTESIAN_POINT('',(-0.134081681515019,11.8993242302787,-3.63105488978835));
#4654=CARTESIAN_POINT('',(-0.132752585973712,11.9013386153238,-3.63032171359158));
#4655=CARTESIAN_POINT('',(-0.13135436915727,11.9033468974739,-3.62959075866691));
#4656=CARTESIAN_POINT('',(-0.130655260749049,11.904351038549,-3.62922528120457));
#4657=CARTESIAN_POINT('',(-0.129938872022044,11.9053536539004,-3.62886035906025));
#4658=CARTESIAN_POINT('',(-0.129205202976255,11.906354743528,-3.62849599223396));
#4659=CARTESIAN_POINT('',(-0.128471533930466,11.9073558331557,-3.62813162540766));
#4660=CARTESIAN_POINT('',(-0.127653141840923,11.908443014625,-3.6277359237136));
#4661=CARTESIAN_POINT('',(-0.126952354882537,11.9093534352398,-3.62740455770914));
#4662=CARTESIAN_POINT('',(-0.115739763548368,11.923920165077,-3.62210270163781));
#4663=CARTESIAN_POINT('',(-0.102385221192634,11.9357960620775,-3.61778022862442));
#4664=CARTESIAN_POINT('',(-0.086888727815335,11.9449811262412,-3.61443713866898));
#4665=CARTESIAN_POINT('',(-0.0791404811266856,11.9495736583231,-3.61276559369126));
#4666=CARTESIAN_POINT('',(-0.070856746682645,11.9534934821958,-3.61133889447803));
#4667=CARTESIAN_POINT('',(-0.0620375244832133,11.9567405978594,-3.61015704102928));
#4668=CARTESIAN_POINT('',(-0.0532183022837815,11.9599877135229,-3.60897518758054));
#4669=CARTESIAN_POINT('',(-0.0437030550757809,11.9625929892756,-3.60802694475451));
#4670=CARTESIAN_POINT('',(-0.0339733946187444,11.9644638202224,-3.6073460179765));
#4671=CARTESIAN_POINT('',(-0.0145140737046716,11.9682054821162,-3.60598416442049));
#4672=CARTESIAN_POINT('',(0.00432810024769885,11.9689107347453,-3.60572747345585));
#4673=CARTESIAN_POINT('',(0.0225531272383671,11.9665795781098,-3.6065759450826));
#4674=CARTESIAN_POINT('',(0.0316656407337012,11.965413999792,-3.60700018089598));
#4675=CARTESIAN_POINT('',(0.0406238674886096,11.9634893191581,-3.6077007073572));
#4676=CARTESIAN_POINT('',(0.0494278075030926,11.960805536208,-3.60867752446627));
#4677=CARTESIAN_POINT('',(0.053829777510334,11.9594636447329,-3.6091659330208));
#4678=CARTESIAN_POINT('',(0.0581931758324691,11.9579319776788,-3.60972341423729));
#4679=CARTESIAN_POINT('',(0.0625180024694978,11.9562105350457,-3.61034996811575));
#4680=CARTESIAN_POINT('',(0.0646804157880122,11.9553498137291,-3.61066324505498));
#4681=CARTESIAN_POINT('',(0.0668331861852499,11.9544416485178,-3.6109937901597));
#4682=CARTESIAN_POINT('',(0.068976313661211,11.9534860394117,-3.6113416034299));
#4683=CARTESIAN_POINT('',(0.0711194411371722,11.9525304303056,-3.61168941670011));
#4684=CARTESIAN_POINT('',(0.0730706889044726,11.9516175154659,-3.61202169052818));
#4685=CARTESIAN_POINT('',(0.0753767673252646,11.9504768804092,-3.612436847737));
#4686=CARTESIAN_POINT('',(0.112274022057938,11.9322267195011,-3.61907936307812));
#4687=CARTESIAN_POINT('',(0.136112339103321,11.9061016651962,-3.62858810521369));
#4688=CARTESIAN_POINT('',(0.146891718461414,11.8721017174945,-3.6409630741437));
#4689=CARTESIAN_POINT('',(2.35135096078749,11.8939342596303,-3.6467996929901));
#4690=CARTESIAN_POINT('',(2.20798715047044,12.0890680346765,-3.21621004593136));
#4691=CARTESIAN_POINT('',(2.35148984760262,11.8939024354182,-3.64678810942555));
#4692=CARTESIAN_POINT('',(2.207988013969,12.0892553087172,-3.21569957465676));
#4693=CARTESIAN_POINT('',(2.65111026283222,11.852584246543,-3.63174951854153));
#4694=CARTESIAN_POINT('',(2.65111026284177,11.8525842466184,-3.63174951856894));
#4695=CARTESIAN_POINT('',(2.64884745248106,11.8347394612121,-3.62525454784434));
#4696=CARTESIAN_POINT('',(2.64290717746669,11.8185294253652,-3.61935457729977));
#4697=CARTESIAN_POINT('',(2.63328943779866,11.8039541390774,-3.61404960693522));
#4698=CARTESIAN_POINT('',(2.62848056796465,11.7966664959335,-3.61139712175295));
#4699=CARTESIAN_POINT('',(2.62275233196722,11.7897875401794,-3.60889338661568));
#4700=CARTESIAN_POINT('',(2.61610472980638,11.7833172718152,-3.60653840152342));
#4701=CARTESIAN_POINT('',(2.61278092872596,11.780082137633,-3.60536090897729));
#4702=CARTESIAN_POINT('',(2.60922728610469,11.7769491752983,-3.60422060394241));
#4703=CARTESIAN_POINT('',(2.60544380194256,11.7739183848111,-3.60311748641878));
#4704=CARTESIAN_POINT('',(2.6035520598615,11.7724029895675,-3.60256592765697));
#4705=CARTESIAN_POINT('',(2.60160285739522,11.7709131372857,-3.60202366577297));
#4706=CARTESIAN_POINT('',(2.59959619454373,11.7694488279659,-3.60149070076678));
#4707=CARTESIAN_POINT('',(2.59758953169224,11.767984518646,-3.60095773576059));
#4708=CARTESIAN_POINT('',(2.59534943618562,11.7664285341277,-3.60039140371098));
#4709=CARTESIAN_POINT('',(2.59340382483362,11.7651325288918,-3.59991969638165));
#4710=CARTESIAN_POINT('',(2.57783893401761,11.7547644870042,-3.59614603774704));
#4711=CARTESIAN_POINT('',(2.56118109615633,11.7473234007316,-3.59343770383324));
#4712=CARTESIAN_POINT('',(2.54343031124978,11.7428092700737,-3.59179469464024));
#4713=CARTESIAN_POINT('',(2.5345549187965,11.7405522047448,-3.59097319004373));
#4714=CARTESIAN_POINT('',(2.52540628958191,11.7390268783196,-3.59041801662743));
#4715=CARTESIAN_POINT('',(2.515984423606,11.7382332907982,-3.59012917439133));
#4716=CARTESIAN_POINT('',(2.50656255763009,11.7374397032767,-3.58984033215523));
#4717=CARTESIAN_POINT('',(2.49674265891467,11.7373862411724,-3.58982087354061));
#4718=CARTESIAN_POINT('',(2.48689911539432,11.7380477449448,-3.59006164122364));
#4719=CARTESIAN_POINT('',(2.46721202835362,11.7393707524898,-3.5905431765897));
#4720=CARTESIAN_POINT('',(2.44900116441902,11.7436230316078,-3.59209087961643));
#4721=CARTESIAN_POINT('',(2.43226652359053,11.750804582299,-3.59470475030385));
#4722=CARTESIAN_POINT('',(2.42389920317628,11.7543953576446,-3.59601168564756));
#4723=CARTESIAN_POINT('',(2.41590093853856,11.7587184508835,-3.59758516290644));
#4724=CARTESIAN_POINT('',(2.40827172967737,11.7637738620157,-3.59942518208049));
#4725=CARTESIAN_POINT('',(2.40445712524677,11.7663015675818,-3.60034519166751));
#4726=CARTESIAN_POINT('',(2.40073478476031,11.7690123526212,-3.60133183673333));
#4727=CARTESIAN_POINT('',(2.39710470821797,11.7719062171339,-3.60238511727794));
#4728=CARTESIAN_POINT('',(2.39528966994681,11.7733531493903,-3.60291175755024));
#4729=CARTESIAN_POINT('',(2.39349769766167,11.774845851515,-3.60345505669224));
#4730=CARTESIAN_POINT('',(2.39172879136257,11.776384323508,-3.60401501470395));
#4731=CARTESIAN_POINT('',(2.38995988506347,11.777922795501,-3.60457497271565));
#4732=CARTESIAN_POINT('',(2.38829839253721,11.779427231273,-3.60512254255601));
#4733=CARTESIAN_POINT('',(2.38649127042337,11.781137049092,-3.60574486534814));
#4734=CARTESIAN_POINT('',(2.37203429351261,11.7948155916443,-3.61072344768521));
#4735=CARTESIAN_POINT('',(2.36164008873873,11.8096822405929,-3.61613446538569));
#4736=CARTESIAN_POINT('',(2.35530865610173,11.825736995938,-3.6219779184496));
#4737=CARTESIAN_POINT('',(2.35214293978323,11.8337643736105,-3.62489964498156));
#4738=CARTESIAN_POINT('',(2.34999291649895,11.8420887778822,-3.62792948035437));
#4739=CARTESIAN_POINT('',(2.34885858624889,11.8507102087529,-3.63106742456804));
#4740=CARTESIAN_POINT('',(2.34829142112386,11.8550209241882,-3.63263639667487));
#4741=CARTESIAN_POINT('',(2.34797817925738,11.8594058962734,-3.63423239599192));
#4742=CARTESIAN_POINT('',(2.34791886064946,11.8638651250083,-3.63585542251918));
#4743=CARTESIAN_POINT('',(2.34785954204154,11.8683243537432,-3.63747844904644));
#4744=CARTESIAN_POINT('',(2.34807049882127,11.8730258250905,-3.63918964467407));
#4745=CARTESIAN_POINT('',(2.34850267460137,11.8774655811624,-3.6408055837316));
#4746=CARTESIAN_POINT('',(2.34905289566627,11.8831180203463,-3.6428629033455));
#4747=CARTESIAN_POINT('',(2.35000225967292,11.888607336409,-3.64486085099879));
#4748=CARTESIAN_POINT('',(2.35135076662134,11.8939335293507,-3.64679942669149));
#4749=CARTESIAN_POINT('',(2.79807436166506,11.9974222998805,-3.18269742111732));
#4750=CARTESIAN_POINT('',(2.65111026284178,11.8525842466184,-3.63174951856896));
#4751=CARTESIAN_POINT('',(2.79809733291759,11.9974196569489,-3.18269650470053));
#4752=CARTESIAN_POINT('',(2.19999998436606,12.027531943765,-3.19316105730134));
#4753=CARTESIAN_POINT('',(2.19999996873212,12.0275319507682,-3.19316106128742));
#4754=CARTESIAN_POINT('',(2.19999997232724,12.0265874406149,-3.192807683465));
#4755=CARTESIAN_POINT('',(2.20000528057943,12.0256417036114,-3.19245460069408));
#4756=CARTESIAN_POINT('',(2.20001591623961,12.0246947598985,-3.19210181318915));
#4757=CARTESIAN_POINT('',(2.20011410877214,12.0159522089185,-3.18884474235718));
#4758=CARTESIAN_POINT('',(2.20066840119337,12.0071066659918,-3.18561283933854));
#4759=CARTESIAN_POINT('',(2.20173960711231,11.9981750571959,-3.18240626849033));
#4760=CARTESIAN_POINT('',(2.20388201895021,11.9803118396041,-3.17599312679391));
#4761=CARTESIAN_POINT('',(2.20808757498602,11.9621024823609,-3.16968131790759));
#4762=CARTESIAN_POINT('',(2.21489505708477,11.9437040571226,-3.16347210615837));
#4763=CARTESIAN_POINT('',(2.22170253918353,11.9253056318842,-3.15726289440914));
#4764=CARTESIAN_POINT('',(2.23121648659231,11.9065868864494,-3.15115624439993));
#4765=CARTESIAN_POINT('',(2.24346854282023,11.8884625305208,-3.14515353821546));
#4766=CARTESIAN_POINT('',(2.24653155687721,11.8839314415387,-3.14365286166934));
#4767=CARTESIAN_POINT('',(2.24976316582682,11.879441304418,-3.1421586828016));
#4768=CARTESIAN_POINT('',(2.25316135607482,11.8750108304312,-3.14067102432577));
#4769=CARTESIAN_POINT('',(2.25401090363682,11.8739032119345,-3.14029910970681));
#4770=CARTESIAN_POINT('',(2.25463098325612,11.8731074786036,-3.14003211327485));
#4771=CARTESIAN_POINT('',(2.25536443376615,11.8721758387684,-3.13971996487899));
#4772=CARTESIAN_POINT('',(2.25609788427619,11.8712441989332,-3.13940781648312));
#4773=CARTESIAN_POINT('',(2.25683683225608,11.8703175501111,-3.13909771927185));
#4774=CARTESIAN_POINT('',(2.25758115071703,11.8693960133651,-3.13878967427533));
#4775=CARTESIAN_POINT('',(2.25906978763892,11.8675529398729,-3.13817358428227));
#4776=CARTESIAN_POINT('',(2.26057990507229,11.8657303179164,-3.13756570316384));
#4777=CARTESIAN_POINT('',(2.26211050417103,11.8639290768966,-3.13696603897262));
#4778=CARTESIAN_POINT('',(2.26823290056596,11.8567241128176,-3.13456738220775));
#4779=CARTESIAN_POINT('',(2.27468256551981,11.8498622375065,-3.13230020119485));
#4780=CARTESIAN_POINT('',(2.28139912119362,11.8433948565881,-3.13016497167842));
#4781=CARTESIAN_POINT('',(2.29483223254124,11.8304600947514,-3.12589451264555));
#4782=CARTESIAN_POINT('',(2.30936059753103,11.8191470895595,-3.1221519237164));
#4783=CARTESIAN_POINT('',(2.32426001001152,11.8094192181173,-3.11894023324132));
#4784=CARTESIAN_POINT('',(2.33170971625176,11.8045552823962,-3.11733438800378));
#4785=CARTESIAN_POINT('',(2.3392534538704,11.8000847534273,-3.11586125232421));
#4786=CARTESIAN_POINT('',(2.3468159996303,11.7959951134822,-3.11452111794965));
#4787=CARTESIAN_POINT('',(2.34870663607027,11.7949727034959,-3.11418608435601));
#4788=CARTESIAN_POINT('',(2.35089876199418,11.7938156978023,-3.11380712807292));
#4789=CARTESIAN_POINT('',(2.35295987251897,11.792758100076,-3.11346074455066));
#4790=CARTESIAN_POINT('',(2.35502098304376,11.7917005023497,-3.1131143610284));
#4791=CARTESIAN_POINT('',(2.35709175392233,11.790666146042,-3.11277560775445));
#4792=CARTESIAN_POINT('',(2.35917109607427,11.7896554567867,-3.11244448867471));
#4793=CARTESIAN_POINT('',(2.36332978037814,11.787634078276,-3.11178225051523));
#4794=CARTESIAN_POINT('',(2.36752275283115,11.7857073672514,-3.11115054931024));
#4795=CARTESIAN_POINT('',(2.3717412641597,11.7838787374515,-3.11054941448444));
#4796=CARTESIAN_POINT('',(2.40548935478814,11.7692496990516,-3.10574033587804));
#4797=CARTESIAN_POINT('',(2.44042545329939,11.7612644883975,-3.10288852615823));
#4798=CARTESIAN_POINT('',(2.4755649625455,11.7588101856209,-3.10200190829514));
#4799=CARTESIAN_POINT('',(2.5107044717916,11.7563558828443,-3.10111529043206));
#4800=CARTESIAN_POINT('',(2.54613957455912,11.7589288368897,-3.10219374960119));
#4801=CARTESIAN_POINT('',(2.58114985332214,11.7677908342337,-3.1052345543454));
#4802=CARTESIAN_POINT('',(2.58990242301289,11.7700063335697,-3.10599475553145));
#4803=CARTESIAN_POINT('',(2.59862828748909,11.7726230206341,-3.10687755077518));
#4804=CARTESIAN_POINT('',(2.60731588162831,11.7756675798286,-3.10788278959004));
#4805=CARTESIAN_POINT('',(2.61165967869792,11.7771898594259,-3.10838540899748));
#4806=CARTESIAN_POINT('',(2.61599504796783,11.7788200236186,-3.10891863872588));
#4807=CARTESIAN_POINT('',(2.62031412268498,11.7805562955264,-3.10948245510024));
#4808=CARTESIAN_POINT('',(2.62247366004355,11.7814244314804,-3.10976436328741));
#4809=CARTESIAN_POINT('',(2.6242509804685,11.7821619651707,-3.11000419265911));
#4810=CARTESIAN_POINT('',(2.62621778634403,11.7829990218979,-3.11027671846114));
#4811=CARTESIAN_POINT('',(2.62818459221957,11.783836078625,-3.11054924426317));
#4812=CARTESIAN_POINT('',(2.63015202760775,11.7846967931512,-3.11082980553121));
#4813=CARTESIAN_POINT('',(2.63211910685869,11.7855812383598,-3.11111839904015));
#4814=CARTESIAN_POINT('',(2.64785574086627,11.7926568000285,-3.11342714711162));
#4815=CARTESIAN_POINT('',(2.66358023499606,11.8012541678379,-3.11625002553468));
#4816=CARTESIAN_POINT('',(2.67871599354621,11.8113901773307,-3.11958492719895));
#4817=CARTESIAN_POINT('',(2.69385175209636,11.8215261868234,-3.12291982886323));
#4818=CARTESIAN_POINT('',(2.70838344652594,11.8332152732138,-3.12676676044412));
#4819=CARTESIAN_POINT('',(2.72165011909219,11.8463877132974,-3.1311227604573));
#4820=CARTESIAN_POINT('',(2.72496678723375,11.8496808233183,-3.13221176046059));
#4821=CARTESIAN_POINT('',(2.72820701750612,11.8530635365167,-3.13333257228175));
#4822=CARTESIAN_POINT('',(2.73136464342133,11.8565294617616,-3.13448513984909));
#4823=CARTESIAN_POINT('',(2.73294345637894,11.8582624243841,-3.13506142363276));
#4824=CARTESIAN_POINT('',(2.73450161471349,11.8600161821692,-3.13564564629684));
#4825=CARTESIAN_POINT('',(2.73603832620125,11.8617898885781,-3.13623780049289));
#4826=CARTESIAN_POINT('',(2.73623041513722,11.8620116018792,-3.13631181976739));
#4827=CARTESIAN_POINT('',(2.73627285021256,11.8620608391594,-3.13632829514321));
#4828=CARTESIAN_POINT('',(2.73638578818594,11.862191671643,-3.13637205504619));
#4829=CARTESIAN_POINT('',(2.73649872615933,11.8623225041267,-3.13641581494917));
#4830=CARTESIAN_POINT('',(2.73661211424881,11.8624540909396,-3.13645986818974));
#4831=CARTESIAN_POINT('',(2.73672594797193,11.86258643461,-3.13650421474901));
#4832=CARTESIAN_POINT('',(2.73695361541817,11.862851121951,-3.13659290786757));
#4833=CARTESIAN_POINT('',(2.73718306545469,11.8631188367211,-3.13668277426123));
#4834=CARTESIAN_POINT('',(2.73741426155582,11.863389599172,-3.13677381377583));
#4835=CARTESIAN_POINT('',(2.73787665375809,11.8639311240738,-3.13695589280505));
#4836=CARTESIAN_POINT('',(2.7383460311253,11.8644848397153,-3.13714266432228));
#4837=CARTESIAN_POINT('',(2.73882209067245,11.8650509081736,-3.13733412704348));
#4838=CARTESIAN_POINT('',(2.74263056704965,11.8695794558396,-3.1388658288131));
#4839=CARTESIAN_POINT('',(2.74687197215158,11.8748997156596,-3.14069779093503));
#4840=CARTESIAN_POINT('',(2.75135592233752,11.881089220393,-3.14282919732787));
#4841=CARTESIAN_POINT('',(2.76032382270939,11.8934682298599,-3.14709201011354));
#4842=CARTESIAN_POINT('',(2.77035027119822,11.9094016611791,-3.15255290646929));
#4843=CARTESIAN_POINT('',(2.77900253433119,11.9289780461601,-3.15920180222593));
#4844=CARTESIAN_POINT('',(2.78765480459548,11.9485544472761,-3.16585070346269));
#4845=CARTESIAN_POINT('',(2.79480902738026,11.9718431387862,-3.1736876484825));
#4846=CARTESIAN_POINT('',(2.79807436166506,11.9974222998805,-3.18269742111732));
#4847=CARTESIAN_POINT('',(2.20047450640636,12.0429001632771,-3.19896718771129));
#4848=CARTESIAN_POINT('',(2.79807435793767,11.9974222706819,-3.18269741083265));
#4849=CARTESIAN_POINT('',(2.79958181238179,12.009230966305,-3.18685679882664));
#4850=CARTESIAN_POINT('',(2.79998673039593,12.0190875058268,-3.19036271850536));
#4851=CARTESIAN_POINT('',(2.79999969713926,12.0270922460456,-3.19321878043491));
#4852=CARTESIAN_POINT('',(2.80000293882509,12.0290934311003,-3.1939327959173));
#4853=CARTESIAN_POINT('',(2.79997523688175,12.0315319121305,-3.19480101070203));
#4854=CARTESIAN_POINT('',(2.79991363420314,12.0337927043124,-3.19560351602036));
#4855=CARTESIAN_POINT('',(2.79985203152454,12.0360534964943,-3.19640602133868));
#4856=CARTESIAN_POINT('',(2.79975727487499,12.0383259116183,-3.19721069204799));
#4857=CARTESIAN_POINT('',(2.79962872669854,12.0406084353872,-3.19801752452673));
#4858=CARTESIAN_POINT('',(2.79937163034566,12.045173482925,-3.1996311894842));
#4859=CARTESIAN_POINT('',(2.79897936712191,12.0497789633109,-3.20125350154506));
#4860=CARTESIAN_POINT('',(2.79844684574377,12.0544127829568,-3.2028844314293));
#4861=CARTESIAN_POINT('',(2.79631676023125,12.07294806154,-3.20940815096627));
#4862=CARTESIAN_POINT('',(2.79194230049391,12.0919362150816,-3.2160697639747));
#4863=CARTESIAN_POINT('',(2.78499957601893,12.1106076824851,-3.22286733039954));
#4864=CARTESIAN_POINT('',(2.77805685154395,12.1292791498886,-3.22966489682438));
#4865=CARTESIAN_POINT('',(2.76844840253664,12.1476564069037,-3.2365984240726));
#4866=CARTESIAN_POINT('',(2.75641615529896,12.1648472025031,-3.24366582207338));
#4867=CARTESIAN_POINT('',(2.75491212439425,12.166996051953,-3.24454924682347));
#4868=CARTESIAN_POINT('',(2.75337077029189,12.1691262463823,-3.2454347631312));
#4869=CARTESIAN_POINT('',(2.75179279418131,12.1712359989101,-3.24632236678554));
#4870=CARTESIAN_POINT('',(2.75100380612602,12.172290875174,-3.24676616861271));
#4871=CARTESIAN_POINT('',(2.75050097829086,12.1729518713675,-3.24704431678613));
#4872=CARTESIAN_POINT('',(2.74987551934914,12.1737681195595,-3.24738571303075));
#4873=CARTESIAN_POINT('',(2.74925006040743,12.1745843677515,-3.24772710927536));
#4874=CARTESIAN_POINT('',(2.74861793015608,12.1753999172806,-3.24806683264925));
#4875=CARTESIAN_POINT('',(2.74797910827793,12.1762146304343,-3.24840488405829));
#4876=CARTESIAN_POINT('',(2.74542382076534,12.1794734830489,-3.24975708969448));
#4877=CARTESIAN_POINT('',(2.74276145365237,12.1827190039019,-3.25108254405541));
#4878=CARTESIAN_POINT('',(2.73999081413487,12.1859419802755,-3.2523813038271));
#4879=CARTESIAN_POINT('',(2.73444953509986,12.1923879330227,-3.25497882337049));
#4880=CARTESIAN_POINT('',(2.72847497788889,12.1987443900592,-3.25746956669498));
#4881=CARTESIAN_POINT('',(2.72205977184593,12.2049297025169,-3.25985396201952));
#4882=CARTESIAN_POINT('',(2.70922935976001,12.2173003274323,-3.2646227526686));
#4883=CARTESIAN_POINT('',(2.69457303181773,12.2289465105477,-3.26896618173169));
#4884=CARTESIAN_POINT('',(2.67841657637485,12.2393784109783,-3.27288728764506));
#4885=CARTESIAN_POINT('',(2.67033834865341,12.2445943611935,-3.27484784060175));
#4886=CARTESIAN_POINT('',(2.66189207599709,12.2495091310174,-3.27670280442761));
#4887=CARTESIAN_POINT('',(2.65314334859089,12.2540596657604,-3.27845250581605));
#4888=CARTESIAN_POINT('',(2.64876898488779,12.2563349331318,-3.27932735651028));
#4889=CARTESIAN_POINT('',(2.64431920276263,12.2585190563093,-3.28017589102447));
#4890=CARTESIAN_POINT('',(2.63980340882505,12.2606036283941,-3.28099814673403));
#4891=CARTESIAN_POINT('',(2.63754551185627,12.2616459144365,-3.28140927458881));
#4892=CARTESIAN_POINT('',(2.63561838197059,12.2625082268112,-3.28175026310582));
#4893=CARTESIAN_POINT('',(2.63352950062682,12.263419058271,-3.28211059536639));
#4894=CARTESIAN_POINT('',(2.63144061928306,12.2643298897308,-3.28247092762697));
#4895=CARTESIAN_POINT('',(2.6293449300929,12.2652173816337,-3.28282251845524));
#4896=CARTESIAN_POINT('',(2.62724352175935,12.2660811617767,-3.28316537318591));
#4897=CARTESIAN_POINT('',(2.59362098842252,12.2799016440637,-3.28865104887665));
#4898=CARTESIAN_POINT('',(2.55896234156559,12.2873111030669,-3.29190167074731));
#4899=CARTESIAN_POINT('',(2.52421276588377,12.2895863835616,-3.29293038912525));
#4900=CARTESIAN_POINT('',(2.48946319020195,12.2918616640563,-3.29395910750319));
#4901=CARTESIAN_POINT('',(2.45454053936298,12.2894754022806,-3.29276600630473));
#4902=CARTESIAN_POINT('',(2.4201310728462,12.2813259885608,-3.28934617340511));
#4903=CARTESIAN_POINT('',(2.4029263395878,12.2772512817009,-3.2876362569553));
#4904=CARTESIAN_POINT('',(2.38580503192438,12.2716685963553,-3.28536937070736));
#4905=CARTESIAN_POINT('',(2.36901737475697,12.2645174827682,-3.28254325268811));
#4906=CARTESIAN_POINT('',(2.36691891761105,12.2636235935698,-3.28218998793571));
#4907=CARTESIAN_POINT('',(2.3652577258397,12.2628951546459,-3.28190154827181));
#4908=CARTESIAN_POINT('',(2.3633837744057,12.2620550848158,-3.28156832165423));
#4909=CARTESIAN_POINT('',(2.3615098229717,12.2612150149857,-3.28123509503665));
#4910=CARTESIAN_POINT('',(2.3596302746525,12.2603513068838,-3.28089195839629));
#4911=CARTESIAN_POINT('',(2.35774617242274,12.2594634408704,-3.28053890562779));
#4912=CARTESIAN_POINT('',(2.35397796796322,12.2576877088436,-3.27983280009079));
#4913=CARTESIAN_POINT('',(2.35019148267877,12.2558153338126,-3.27908703037917));
#4914=CARTESIAN_POINT('',(2.34639582285004,12.2538422881505,-3.2783015435825));
#4915=CARTESIAN_POINT('',(2.33880450319258,12.2498961968263,-3.27673056998917));
#4916=CARTESIAN_POINT('',(2.33117534644932,12.2455472080682,-3.27500073339299));
#4917=CARTESIAN_POINT('',(2.32359422131166,12.2407654556696,-3.27311154599423));
#4918=CARTESIAN_POINT('',(2.30843197103635,12.2312019508726,-3.26933317119671));
#4919=CARTESIAN_POINT('',(2.29345391748985,12.2198893053082,-3.26491747316047));
#4920=CARTESIAN_POINT('',(2.27953877003635,12.2066795796027,-3.25985954775746));
#4921=CARTESIAN_POINT('',(2.2725811963096,12.2000747167499,-3.25733058505595));
#4922=CARTESIAN_POINT('',(2.26588158190906,12.1930095736027,-3.25464104713904));
#4923=CARTESIAN_POINT('',(2.25952409655072,12.1855325621514,-3.25179021100401));
#4924=CARTESIAN_POINT('',(2.25316661119238,12.1780555507001,-3.24893937486899));
#4925=CARTESIAN_POINT('',(2.24658829571502,12.1694202229125,-3.24566110749113));
#4926=CARTESIAN_POINT('',(2.24078982834589,12.1607230604476,-3.24244339383561));
#4927=CARTESIAN_POINT('',(2.22919289360764,12.1433287355179,-3.23600796652455));
#4928=CARTESIAN_POINT('',(2.22005671711241,12.1251130297225,-3.22944213461554));
#4929=CARTESIAN_POINT('',(2.21353442666824,12.1068387601551,-3.22274486274082));
#4930=CARTESIAN_POINT('',(2.20701213622406,12.0885644905877,-3.21604759086611));
#4931=CARTESIAN_POINT('',(2.20300435571504,12.0701074967616,-3.2092188630839));
#4932=CARTESIAN_POINT('',(2.2011760506002,12.0516163284536,-3.20225756317346));
#4933=CARTESIAN_POINT('',(2.20071897432149,12.0469935363766,-3.20051723819585));
#4934=CARTESIAN_POINT('',(2.20039812731257,12.0423686021913,-3.19876862745739));
#4935=CARTESIAN_POINT('',(2.20020829875834,12.0377438345798,-3.1970117135192));
#4936=CARTESIAN_POINT('',(2.20011338448123,12.035431450774,-3.1961332565501));
#4937=CARTESIAN_POINT('',(2.20005906800927,12.033404672997,-3.19536674361476));
#4938=CARTESIAN_POINT('',(2.20002713437036,12.0312321399346,-3.1945493325968));
#4939=CARTESIAN_POINT('',(2.19999520073146,12.0290596068723,-3.19373192157884));
#4940=CARTESIAN_POINT('',(2.19999136810648,12.0268803976434,-3.19291608089714));
#4941=CARTESIAN_POINT('',(2.20001591623961,12.0246947598985,-3.19210181318915));
#4942=CARTESIAN_POINT('',(2.20011410877214,12.0159522089185,-3.18884474235718));
#4943=CARTESIAN_POINT('',(2.20066840119337,12.0071066659918,-3.18561283933854));
#4944=CARTESIAN_POINT('',(2.20173960711231,11.9981750571959,-3.18240626849033));
#4945=CARTESIAN_POINT('',(2.20388201895021,11.9803118396041,-3.17599312679391));
#4946=CARTESIAN_POINT('',(2.20808757498602,11.9621024823609,-3.16968131790759));
#4947=CARTESIAN_POINT('',(2.21489505708477,11.9437040571226,-3.16347210615837));
#4948=CARTESIAN_POINT('',(2.22170253918353,11.9253056318842,-3.15726289440914));
#4949=CARTESIAN_POINT('',(2.23121648659231,11.9065868864494,-3.15115624439993));
#4950=CARTESIAN_POINT('',(2.24346854282023,11.8884625305208,-3.14515353821546));
#4951=CARTESIAN_POINT('',(2.24653155687721,11.8839314415387,-3.14365286166934));
#4952=CARTESIAN_POINT('',(2.24976316582682,11.879441304418,-3.1421586828016));
#4953=CARTESIAN_POINT('',(2.25316135607482,11.8750108304312,-3.14067102432577));
#4954=CARTESIAN_POINT('',(2.25401090363682,11.8739032119345,-3.14029910970681));
#4955=CARTESIAN_POINT('',(2.25463098325612,11.8731074786036,-3.14003211327485));
#4956=CARTESIAN_POINT('',(2.25536443376615,11.8721758387684,-3.13971996487899));
#4957=CARTESIAN_POINT('',(2.25609788427619,11.8712441989332,-3.13940781648312));
#4958=CARTESIAN_POINT('',(2.25683683225608,11.8703175501111,-3.13909771927185));
#4959=CARTESIAN_POINT('',(2.25758115071703,11.8693960133651,-3.13878967427533));
#4960=CARTESIAN_POINT('',(2.25906978763892,11.8675529398729,-3.13817358428227));
#4961=CARTESIAN_POINT('',(2.26057990507229,11.8657303179164,-3.13756570316384));
#4962=CARTESIAN_POINT('',(2.26211050417103,11.8639290768966,-3.13696603897262));
#4963=CARTESIAN_POINT('',(2.26823290056596,11.8567241128176,-3.13456738220775));
#4964=CARTESIAN_POINT('',(2.27468256551981,11.8498622375065,-3.13230020119485));
#4965=CARTESIAN_POINT('',(2.28139912119362,11.8433948565881,-3.13016497167842));
#4966=CARTESIAN_POINT('',(2.29483223254124,11.8304600947514,-3.12589451264555));
#4967=CARTESIAN_POINT('',(2.30936059753103,11.8191470895595,-3.1221519237164));
#4968=CARTESIAN_POINT('',(2.32426001001152,11.8094192181173,-3.11894023324132));
#4969=CARTESIAN_POINT('',(2.33170971625176,11.8045552823962,-3.11733438800378));
#4970=CARTESIAN_POINT('',(2.3392534538704,11.8000847534273,-3.11586125232421));
#4971=CARTESIAN_POINT('',(2.3468159996303,11.7959951134822,-3.11452111794965));
#4972=CARTESIAN_POINT('',(2.34870663607027,11.7949727034959,-3.11418608435601));
#4973=CARTESIAN_POINT('',(2.35089876199418,11.7938156978023,-3.11380712807292));
#4974=CARTESIAN_POINT('',(2.35295987251897,11.792758100076,-3.11346074455066));
#4975=CARTESIAN_POINT('',(2.35502098304376,11.7917005023497,-3.1131143610284));
#4976=CARTESIAN_POINT('',(2.35709175392233,11.790666146042,-3.11277560775445));
#4977=CARTESIAN_POINT('',(2.35917109607427,11.7896554567867,-3.11244448867471));
#4978=CARTESIAN_POINT('',(2.36332978037814,11.787634078276,-3.11178225051523));
#4979=CARTESIAN_POINT('',(2.36752275283115,11.7857073672514,-3.11115054931024));
#4980=CARTESIAN_POINT('',(2.3717412641597,11.7838787374515,-3.11054941448444));
#4981=CARTESIAN_POINT('',(2.40548935478814,11.7692496990516,-3.10574033587804));
#4982=CARTESIAN_POINT('',(2.44042545329939,11.7612644883975,-3.10288852615823));
#4983=CARTESIAN_POINT('',(2.4755649625455,11.7588101856209,-3.10200190829514));
#4984=CARTESIAN_POINT('',(2.5107044717916,11.7563558828443,-3.10111529043206));
#4985=CARTESIAN_POINT('',(2.54613957455912,11.7589288368897,-3.10219374960119));
#4986=CARTESIAN_POINT('',(2.58114985332214,11.7677908342337,-3.1052345543454));
#4987=CARTESIAN_POINT('',(2.58990242301289,11.7700063335697,-3.10599475553145));
#4988=CARTESIAN_POINT('',(2.59862828748909,11.7726230206341,-3.10687755077518));
#4989=CARTESIAN_POINT('',(2.60731588162831,11.7756675798286,-3.10788278959004));
#4990=CARTESIAN_POINT('',(2.61165967869792,11.7771898594259,-3.10838540899748));
#4991=CARTESIAN_POINT('',(2.61599504796783,11.7788200236186,-3.10891863872588));
#4992=CARTESIAN_POINT('',(2.62031412268498,11.7805562955264,-3.10948245510024));
#4993=CARTESIAN_POINT('',(2.62247366004355,11.7814244314804,-3.10976436328741));
#4994=CARTESIAN_POINT('',(2.6242509804685,11.7821619651707,-3.11000419265911));
#4995=CARTESIAN_POINT('',(2.62621778634403,11.7829990218979,-3.11027671846114));
#4996=CARTESIAN_POINT('',(2.62818459221957,11.783836078625,-3.11054924426317));
#4997=CARTESIAN_POINT('',(2.63015202760775,11.7846967931512,-3.11082980553121));
#4998=CARTESIAN_POINT('',(2.63211910685869,11.7855812383598,-3.11111839904015));
#4999=CARTESIAN_POINT('',(2.64785574086627,11.7926568000285,-3.11342714711162));
#5000=CARTESIAN_POINT('',(2.66358023499606,11.8012541678379,-3.11625002553468));
#5001=CARTESIAN_POINT('',(2.67871599354621,11.8113901773307,-3.11958492719895));
#5002=CARTESIAN_POINT('',(2.69385175209636,11.8215261868234,-3.12291982886323));
#5003=CARTESIAN_POINT('',(2.70838344652594,11.8332152732138,-3.12676676044412));
#5004=CARTESIAN_POINT('',(2.72165011909219,11.8463877132974,-3.1311227604573));
#5005=CARTESIAN_POINT('',(2.72496678723375,11.8496808233183,-3.13221176046059));
#5006=CARTESIAN_POINT('',(2.72820701750612,11.8530635365167,-3.13333257228175));
#5007=CARTESIAN_POINT('',(2.73136464342133,11.8565294617616,-3.13448513984909));
#5008=CARTESIAN_POINT('',(2.73294345637894,11.8582624243841,-3.13506142363276));
#5009=CARTESIAN_POINT('',(2.73450161471349,11.8600161821692,-3.13564564629684));
#5010=CARTESIAN_POINT('',(2.73603832620125,11.8617898885781,-3.13623780049289));
#5011=CARTESIAN_POINT('',(2.73623041513722,11.8620116018792,-3.13631181976739));
#5012=CARTESIAN_POINT('',(2.73627285021256,11.8620608391594,-3.13632829514321));
#5013=CARTESIAN_POINT('',(2.73638578818594,11.862191671643,-3.13637205504619));
#5014=CARTESIAN_POINT('',(2.73649872615933,11.8623225041267,-3.13641581494917));
#5015=CARTESIAN_POINT('',(2.73661211424881,11.8624540909396,-3.13645986818974));
#5016=CARTESIAN_POINT('',(2.73672594797193,11.86258643461,-3.13650421474901));
#5017=CARTESIAN_POINT('',(2.73695361541817,11.862851121951,-3.13659290786757));
#5018=CARTESIAN_POINT('',(2.73718306545469,11.8631188367211,-3.13668277426123));
#5019=CARTESIAN_POINT('',(2.73741426155582,11.863389599172,-3.13677381377583));
#5020=CARTESIAN_POINT('',(2.73787665375809,11.8639311240738,-3.13695589280505));
#5021=CARTESIAN_POINT('',(2.7383460311253,11.8644848397153,-3.13714266432228));
#5022=CARTESIAN_POINT('',(2.73882209067245,11.8650509081736,-3.13733412704348));
#5023=CARTESIAN_POINT('',(2.74263056704965,11.8695794558396,-3.1388658288131));
#5024=CARTESIAN_POINT('',(2.74687197215158,11.8748997156596,-3.14069779093503));
#5025=CARTESIAN_POINT('',(2.75135592233752,11.881089220393,-3.14282919732787));
#5026=CARTESIAN_POINT('',(2.76032382270939,11.8934682298599,-3.14709201011354));
#5027=CARTESIAN_POINT('',(2.77035027119822,11.9094016611791,-3.15255290646929));
#5028=CARTESIAN_POINT('',(2.77900253433119,11.9289780461601,-3.15920180222593));
#5029=CARTESIAN_POINT('',(2.78765479746417,11.948554431141,-3.16585069798258));
#5030=CARTESIAN_POINT('',(2.79480901558706,11.9718431003965,-3.17368763556389));
#5031=CARTESIAN_POINT('',(2.79807435793767,11.9974222706819,-3.18269741083265));
#5032=CARTESIAN_POINT('',(2.20798696228502,12.0890673190615,-3.21620978428591));
#5033=CARTESIAN_POINT('',(2.20464911554211,12.0766300095516,-3.21161953747539));
#5034=CARTESIAN_POINT('',(2.20241343213636,12.0641309957597,-3.20696891244822));
#5035=CARTESIAN_POINT('',(2.2011760506002,12.0516163284536,-3.20225756317346));
#5036=CARTESIAN_POINT('',(2.20088884021053,12.0487115312115,-3.20116400518706));
#5037=CARTESIAN_POINT('',(2.20065541880661,12.045805888176,-3.20006717563742));
#5038=CARTESIAN_POINT('',(2.20047449356253,12.0428999721409,-3.19896707019786));
#5039=CARTESIAN_POINT('',(-2.8,11.85,-0.800000000000002));
#5040=CARTESIAN_POINT('',(-2.79991490592565,12.0274666817436,-3.19335058699483));
#5041=CARTESIAN_POINT('',(-2.8,11.85,-0.800000000000008));
#5042=CARTESIAN_POINT('',(-2.8,11.9690836931685,-1.02568910222282));
#5043=CARTESIAN_POINT('',(-2.8,12.157473565976,-1.52445333605893));
#5044=CARTESIAN_POINT('',(-2.8,12.2312698309014,-2.35210962060671));
#5045=CARTESIAN_POINT('',(-2.8,12.1163083820174,-2.95280161644907));
#5046=CARTESIAN_POINT('',(-2.8,12.004813173264,-3.25712904361022));
#5047=CARTESIAN_POINT('',(-2.8,11.9842657147223,-3.30874024708453));
#5048=CARTESIAN_POINT('',(-2.2,11.85,-0.800000000000006));
#5049=CARTESIAN_POINT('',(-2.2,11.85,-0.800000000000002));
#5050=CARTESIAN_POINT('',(-2.2,11.8892699081699,-0.800000000000002));
#5051=CARTESIAN_POINT('',(-2.2078081969995,11.9285243653078,-0.800000000000002));
#5052=CARTESIAN_POINT('',(-2.23786408349372,12.0010856941113,-0.800000000000002));
#5053=CARTESIAN_POINT('',(-2.26009994728054,12.0343640159925,-0.800000000000002));
#5054=CARTESIAN_POINT('',(-2.31563598400752,12.0899000527195,-0.800000000000002));
#5055=CARTESIAN_POINT('',(-2.34891430588873,12.1121359165063,-0.800000000000002));
#5056=CARTESIAN_POINT('',(-2.42147563469221,12.1421918030005,-0.800000000000002));
#5057=CARTESIAN_POINT('',(-2.46073009183013,12.15,-0.800000000000002));
#5058=CARTESIAN_POINT('',(-2.53926990816987,12.15,-0.800000000000002));
#5059=CARTESIAN_POINT('',(-2.57852436530778,12.1421918030005,-0.800000000000003));
#5060=CARTESIAN_POINT('',(-2.65108569411127,12.1121359165063,-0.800000000000002));
#5061=CARTESIAN_POINT('',(-2.68436401599247,12.0899000527195,-0.800000000000003));
#5062=CARTESIAN_POINT('',(-2.73990005271945,12.0343640159925,-0.800000000000003));
#5063=CARTESIAN_POINT('',(-2.76213591650628,12.0010856941113,-0.800000000000002));
#5064=CARTESIAN_POINT('',(-2.79219180300049,11.9285243653078,-0.800000000000002));
#5065=CARTESIAN_POINT('',(-2.8,11.8892699081699,-0.800000000000002));
#5066=CARTESIAN_POINT('',(-2.8,11.85,-0.800000000000002));
#5067=CARTESIAN_POINT('',(-2.2,11.85,-0.800000000000009));
#5068=CARTESIAN_POINT('',(-2.2,11.9690836931686,-1.02568910222282));
#5069=CARTESIAN_POINT('',(-2.2,12.1574735659761,-1.52445333605893));
#5070=CARTESIAN_POINT('',(-2.2,12.2312361857147,-2.35213868154681));
#5071=CARTESIAN_POINT('',(-2.2,12.1162921464462,-2.95283784086701));
#5072=CARTESIAN_POINT('',(-2.2,12.0048043548613,-3.25715266551089));
#5073=CARTESIAN_POINT('',(-2.2,11.9842580793222,-3.30876148491916));
#5074=CARTESIAN_POINT('',(-2.79991490592565,12.0274666816565,-3.1933505871549));
#5075=CARTESIAN_POINT('',(-2.79992916448077,12.0444368223704,-3.19940408335894));
#5076=CARTESIAN_POINT('',(-2.79816069238525,12.0614251747831,-3.20552978150469));
#5077=CARTESIAN_POINT('',(-2.78605966364015,12.1164200655733,-3.22560843753878));
#5078=CARTESIAN_POINT('',(-2.7670541051492,12.1531860971304,-3.23942426532739));
#5079=CARTESIAN_POINT('',(-2.71996255367554,12.2105699515515,-3.26136907314855));
#5080=CARTESIAN_POINT('',(-2.68823283243342,12.2352155265302,-3.27101675931475));
#5081=CARTESIAN_POINT('',(-2.62805099114697,12.2676287956891,-3.28374963109714));
#5082=CARTESIAN_POINT('',(-2.59342071233152,12.2801525108836,-3.28874897579853));
#5083=CARTESIAN_POINT('',(-2.52123416131607,12.2916712188703,-3.29334381041274));
#5084=CARTESIAN_POINT('',(-2.49035054707182,12.2919773566579,-3.29346476633403));
#5085=CARTESIAN_POINT('',(-2.41963791466993,12.2834533266715,-3.29006640852686));
#5086=CARTESIAN_POINT('',(-2.3828959384279,12.2720000783375,-3.28548230071971));
#5087=CARTESIAN_POINT('',(-2.32154451622216,12.241578056171,-3.27350620795567));
#5088=CARTESIAN_POINT('',(-2.28947974481049,12.2191751045412,-3.26470415593143));
#5089=CARTESIAN_POINT('',(-2.23934937589849,12.1630715164128,-3.24317128117527));
#5090=CARTESIAN_POINT('',(-2.21922228542795,12.1317874961235,-3.23128741981654));
#5091=CARTESIAN_POINT('',(-2.20817245441023,12.0899388646275,-3.21595026474256));
#5092=CARTESIAN_POINT('',(-2.79054757725385,11.7753495778556,-0.799999938291386));
#5093=CARTESIAN_POINT('',(-2.79054753895051,11.7753494609019,-0.800000000000002));
#5094=CARTESIAN_POINT('',(-2.78703810105709,11.7616718070765,-0.800000000000002));
#5095=CARTESIAN_POINT('',(-2.78256775432222,11.7482411258482,-0.800000000000002));
#5096=CARTESIAN_POINT('',(-2.76213591650628,11.6989143058887,-0.800000000000002));
#5097=CARTESIAN_POINT('',(-2.73990005271945,11.6656359840075,-0.800000000000003));
#5098=CARTESIAN_POINT('',(-2.68436401599247,11.6100999472805,-0.800000000000003));
#5099=CARTESIAN_POINT('',(-2.65108569411127,11.5878640834937,-0.800000000000002));
#5100=CARTESIAN_POINT('',(-2.57852436530778,11.5578081969995,-0.800000000000002));
#5101=CARTESIAN_POINT('',(-2.53926990816987,11.55,-0.800000000000002));
#5102=CARTESIAN_POINT('',(-2.46073009183013,11.55,-0.800000000000002));
#5103=CARTESIAN_POINT('',(-2.42147563469222,11.5578081969995,-0.800000000000002));
#5104=CARTESIAN_POINT('',(-2.34891430588873,11.5878640834937,-0.800000000000002));
#5105=CARTESIAN_POINT('',(-2.31563598400752,11.6100999472806,-0.800000000000002));
#5106=CARTESIAN_POINT('',(-2.26009994728054,11.6656359840075,-0.800000000000002));
#5107=CARTESIAN_POINT('',(-2.23786408349372,11.6989143058887,-0.800000000000002));
#5108=CARTESIAN_POINT('',(-2.2078081969995,11.7714756346922,-0.800000000000002));
#5109=CARTESIAN_POINT('',(-2.2,11.8107300918301,-0.800000000000003));
#5110=CARTESIAN_POINT('',(-2.2,11.85,-0.800000000000002));
#5111=CARTESIAN_POINT('',(-2.79055210845388,11.7753482884504,-0.800000000000008));
#5112=CARTESIAN_POINT('',(-2.79055210845388,11.8944319816189,-1.02568910222282));
#5113=CARTESIAN_POINT('',(-2.79055210845388,12.0828218544264,-1.52445333605893));
#5114=CARTESIAN_POINT('',(-2.79055210845388,12.1566343675862,-2.35209558623766));
#5115=CARTESIAN_POINT('',(-2.79055210845388,12.041664511095,-2.95278412262923));
#5116=CARTESIAN_POINT('',(-2.79055210845388,11.9301657203762,-3.25711763591072));
#5117=CARTESIAN_POINT('',(-2.79055210845388,11.9096176905284,-3.30872999071953));
#5118=CARTESIAN_POINT('',(-0.300000000000001,11.85,-0.800000000000002));
#5119=CARTESIAN_POINT('',(-0.300000000000001,11.85,-0.800000000000051));
#5120=CARTESIAN_POINT('',(-0.300000000000001,11.7309163068314,-1.02568910222287));
#5121=CARTESIAN_POINT('',(-0.300000000000001,11.5425264340239,-1.52445333605898));
#5122=CARTESIAN_POINT('',(-0.300000000000001,11.4687638142853,-2.35213868154687));
#5123=CARTESIAN_POINT('',(-0.300000000000001,11.584881328236,-2.9589704359938));
#5124=CARTESIAN_POINT('',(-0.300000000000001,11.6993732410262,-3.26850108303556));
#5125=CARTESIAN_POINT('',(-0.300000000000001,11.7224667922462,-3.32550622393698));
#5126=CARTESIAN_POINT('',(0.300000000000001,11.85,-0.800000000000027));
#5127=CARTESIAN_POINT('',(0.300000000000001,11.85,-0.800000000000002));
#5128=CARTESIAN_POINT('',(0.300000000000001,11.8892699081699,-0.800000000000002));
#5129=CARTESIAN_POINT('',(0.292191803000495,11.9285243653078,-0.800000000000002));
#5130=CARTESIAN_POINT('',(0.262135916506278,12.0010856941113,-0.800000000000002));
#5131=CARTESIAN_POINT('',(0.239900052719455,12.0343640159925,-0.800000000000002));
#5132=CARTESIAN_POINT('',(0.184364015992475,12.0899000527195,-0.800000000000002));
#5133=CARTESIAN_POINT('',(0.15108569411127,12.1121359165063,-0.800000000000002));
#5134=CARTESIAN_POINT('',(0.0785243653077843,12.1421918030005,-0.800000000000002));
#5135=CARTESIAN_POINT('',(0.0392699081698724,12.15,-0.800000000000002));
#5136=CARTESIAN_POINT('',(-0.0392699081698726,12.15,-0.800000000000002));
#5137=CARTESIAN_POINT('',(-0.0785243653077842,12.1421918030005,-0.800000000000003));
#5138=CARTESIAN_POINT('',(-0.15108569411127,12.1121359165063,-0.800000000000002));
#5139=CARTESIAN_POINT('',(-0.184364015992475,12.0899000527195,-0.800000000000003));
#5140=CARTESIAN_POINT('',(-0.239900052719455,12.0343640159925,-0.800000000000003));
#5141=CARTESIAN_POINT('',(-0.262135916506278,12.0010856941113,-0.800000000000002));
#5142=CARTESIAN_POINT('',(-0.292191803000495,11.9285243653078,-0.800000000000002));
#5143=CARTESIAN_POINT('',(-0.300000000000001,11.8892699081699,-0.800000000000002));
#5144=CARTESIAN_POINT('',(-0.300000000000001,11.85,-0.800000000000002));
#5145=CARTESIAN_POINT('',(-0.297130377557448,11.8087142126163,-0.800005015567855));
#5146=CARTESIAN_POINT('',(-0.297130387954968,11.8087168572896,-0.800000000000002));
#5147=CARTESIAN_POINT('',(-0.293617539742858,11.7834968932011,-0.800000000000002));
#5148=CARTESIAN_POINT('',(-0.286908549979841,11.7587207335963,-0.800000000000002));
#5149=CARTESIAN_POINT('',(-0.262135916506278,11.6989143058887,-0.800000000000002));
#5150=CARTESIAN_POINT('',(-0.239900052719454,11.6656359840075,-0.800000000000003));
#5151=CARTESIAN_POINT('',(-0.184364015992475,11.6100999472805,-0.800000000000003));
#5152=CARTESIAN_POINT('',(-0.15108569411127,11.5878640834937,-0.800000000000002));
#5153=CARTESIAN_POINT('',(-0.078524365307784,11.5578081969995,-0.800000000000002));
#5154=CARTESIAN_POINT('',(-0.0392699081698724,11.55,-0.800000000000002));
#5155=CARTESIAN_POINT('',(0.0392699081698726,11.55,-0.800000000000002));
#5156=CARTESIAN_POINT('',(0.0785243653077841,11.5578081969995,-0.800000000000002));
#5157=CARTESIAN_POINT('',(0.15108569411127,11.5878640834937,-0.800000000000002));
#5158=CARTESIAN_POINT('',(0.184364015992475,11.6100999472806,-0.800000000000002));
#5159=CARTESIAN_POINT('',(0.239900052719455,11.6656359840075,-0.800000000000002));
#5160=CARTESIAN_POINT('',(0.262135916506278,11.6989143058887,-0.800000000000002));
#5161=CARTESIAN_POINT('',(0.292191803000495,11.7714756346922,-0.800000000000002));
#5162=CARTESIAN_POINT('',(0.300000000000001,11.8107300918301,-0.800000000000003));
#5163=CARTESIAN_POINT('',(0.300000000000001,11.85,-0.800000000000002));
#5164=CARTESIAN_POINT('',(-0.297271595673462,11.8086925567926,-0.800000000000051));
#5165=CARTESIAN_POINT('',(-0.297271595673462,11.689608863624,-1.02568910222287));
#5166=CARTESIAN_POINT('',(-0.297271595673462,11.5012189908165,-1.52445333605898));
#5167=CARTESIAN_POINT('',(-0.297271595673462,11.4274655019605,-2.35214656832228));
#5168=CARTESIAN_POINT('',(-0.297271595673462,11.543578242924,-2.95898028669472));
#5169=CARTESIAN_POINT('',(-0.297271595673462,11.6580681161006,-3.26850736452351));
#5170=CARTESIAN_POINT('',(-0.297271595673462,11.6811613177609,-3.32551177539423));
#5171=CARTESIAN_POINT('',(-0.289875732962142,11.6092114142729,-3.23470406603279));
#5172=CARTESIAN_POINT('',(-0.281813758816056,11.5828509737824,-3.24450309744307));
#5173=CARTESIAN_POINT('',(-0.269988316858369,11.5613453337167,-3.25252242812534));
#5174=CARTESIAN_POINT('',(-0.258968655587465,11.5449796469659,-3.25878593649798));
#5175=CARTESIAN_POINT('',(-0.253458824952013,11.5367968035905,-3.26191769068429));
#5176=CARTESIAN_POINT('',(-0.248139212554562,11.5298864939258,-3.26461034039201));
#5177=CARTESIAN_POINT('',(-0.243388521875882,11.5241420750739,-3.26686595016583));
#5178=CARTESIAN_POINT('',(-0.241013176536542,11.521269865648,-3.26799375505275));
#5179=CARTESIAN_POINT('',(-0.238777694020719,11.5186878979094,-3.26901229005799));
#5180=CARTESIAN_POINT('',(-0.236716428276963,11.5163789806827,-3.26992175271058));
#5181=CARTESIAN_POINT('',(-0.235685795405085,11.5152245220693,-3.27037648403687));
#5182=CARTESIAN_POINT('',(-0.234698591237145,11.5141383140335,-3.27080394663525));
#5183=CARTESIAN_POINT('',(-0.233758387868869,11.513118224217,-3.2712041613307));
#5184=CARTESIAN_POINT('',(-0.233288286184731,11.5126081793088,-3.27140426867842));
#5185=CARTESIAN_POINT('',(-0.232829927425427,11.5121146648413,-3.27159756400992));
#5186=CARTESIAN_POINT('',(-0.232383715299038,11.5116374220281,-3.27178404968462));
#5187=CARTESIAN_POINT('',(-0.232160609235844,11.5113988006216,-3.27187729252197));
#5188=CARTESIAN_POINT('',(-0.231940539391831,11.5111642472291,-3.27196883294258));
#5189=CARTESIAN_POINT('',(-0.231723553620874,11.5109337301766,-3.27205867122608));
#5190=CARTESIAN_POINT('',(-0.231615060735395,11.5108184716504,-3.27210359036783));
#5191=CARTESIAN_POINT('',(-0.231507338841196,11.5107042222168,-3.27214808397514));
#5192=CARTESIAN_POINT('',(-0.231400393758845,11.5105909779642,-3.27219215208202));
#5193=CARTESIAN_POINT('',(-0.231293448676495,11.5104777337117,-3.2722362201889));
#5194=CARTESIAN_POINT('',(-0.23128833459612,11.5104721603244,-3.27223842196267));
#5195=CARTESIAN_POINT('',(-0.231081894661067,11.5102542568719,-3.2723230799347));
#5196=CARTESIAN_POINT('',(-0.217869738817696,11.4963084359118,-3.27774119014422));
#5197=CARTESIAN_POINT('',(-0.203357565139367,11.4840466720593,-3.28251906397404));
#5198=CARTESIAN_POINT('',(-0.188295776491665,11.473552583564,-3.28666199971198));
#5199=CARTESIAN_POINT('',(-0.180764882167814,11.4683055393163,-3.28873346758095));
#5200=CARTESIAN_POINT('',(-0.173104760196627,11.4634865096154,-3.29064618293631));
#5201=CARTESIAN_POINT('',(-0.165407860774056,11.4590755912232,-3.29240068742084));
#5202=CARTESIAN_POINT('',(-0.16155941106277,11.456870132027,-3.2932779396631));
#5203=CARTESIAN_POINT('',(-0.157701513577894,11.4547666453272,-3.29411563786108));
#5204=CARTESIAN_POINT('',(-0.153844263461243,11.4527623317122,-3.29491384169443));
#5205=CARTESIAN_POINT('',(-0.149987013344592,11.4507580180973,-3.29571204552779));
#5206=CARTESIAN_POINT('',(-0.146275969502026,11.4489213272655,-3.29644353794502));
#5207=CARTESIAN_POINT('',(-0.142283624166366,11.447043919573,-3.29719002437838));
#5208=CARTESIAN_POINT('',(-0.110344861481088,11.4320246580325,-3.30316191584521));
#5209=CARTESIAN_POINT('',(-0.0764720206283467,11.4225908506854,-3.3069886736682));
#5210=CARTESIAN_POINT('',(-0.0420897043453963,11.4185450339863,-3.30868518126184));
#5211=CARTESIAN_POINT('',(-0.0248985462039211,11.4165221256367,-3.30953343505865));
#5212=CARTESIAN_POINT('',(-0.00752178970530084,11.4157844272595,-3.30984887759473));
#5213=CARTESIAN_POINT('',(0.00995643924443917,11.4162414836706,-3.30963182676184));
#5214=CARTESIAN_POINT('',(0.0186955537193092,11.4164700118762,-3.30952330134539));
#5215=CARTESIAN_POINT('',(0.0274599288804511,11.4170086208496,-3.30928163473617));
#5216=CARTESIAN_POINT('',(0.0362383945246081,11.4178887265047,-3.30890676319228));
#5217=CARTESIAN_POINT('',(0.0406276273466865,11.4183287793323,-3.30871932742033));
#5218=CARTESIAN_POINT('',(0.0450203758918731,11.4188542236778,-3.3084985893973));
#5219=CARTESIAN_POINT('',(0.0494152021868965,11.4194690912988,-3.30824453505722));
#5220=CARTESIAN_POINT('',(0.0516126153344081,11.4197765251093,-3.30811750788718));
#5221=CARTESIAN_POINT('',(0.0538105474824977,11.4201063158355,-3.30798215157441));
#5222=CARTESIAN_POINT('',(0.0560088162534314,11.4204589740502,-3.30783846398017));
#5223=CARTESIAN_POINT('',(0.0582070850243651,11.4208116322649,-3.30769477638594));
#5224=CARTESIAN_POINT('',(0.0605883495882219,11.4212202967852,-3.30752943641479));
#5225=CARTESIAN_POINT('',(0.0626044482949999,11.4215860661516,-3.30738240496097));
#5226=CARTESIAN_POINT('',(0.0787332379492233,11.4245122210834,-3.30620615333039));
#5227=CARTESIAN_POINT('',(0.0950797950064825,11.4286838264408,-3.30444844172293));
#5228=CARTESIAN_POINT('',(0.111555555523026,11.4344366256184,-3.30210735839113));
#5229=CARTESIAN_POINT('',(0.12803131603957,11.440189424796,-3.29976627505933));
#5230=CARTESIAN_POINT('',(0.144639131420073,11.4475253881279,-3.29684181734804));
#5231=CARTESIAN_POINT('',(0.160792085226278,11.4564415893445,-3.29333093334374));
#5232=CARTESIAN_POINT('',(0.176945039032484,11.465357790561,-3.28982004933944));
#5233=CARTESIAN_POINT('',(0.192643837563464,11.4758544708871,-3.28572273578993));
#5234=CARTESIAN_POINT('',(0.207178621626794,11.4878952405576,-3.28103478416489));
#5235=CARTESIAN_POINT('',(0.210812317642626,11.4909054329752,-3.27986279625863));
#5236=CARTESIAN_POINT('',(0.214371748221113,11.4940127253446,-3.27865388788544));
#5237=CARTESIAN_POINT('',(0.217848232822479,11.4972129897183,-3.27740798274897));
#5238=CARTESIAN_POINT('',(0.219586475123162,11.4988131219052,-3.27678503018074));
#5239=CARTESIAN_POINT('',(0.221304161388358,11.5004363310464,-3.27615282837266));
#5240=CARTESIAN_POINT('',(0.223000541375318,11.502081753434,-3.27551136742721));
#5241=CARTESIAN_POINT('',(0.223848731368798,11.5029044646278,-3.27519063695448));
#5242=CARTESIAN_POINT('',(0.224347575169819,11.5033951732712,-3.27499913412445));
#5243=CARTESIAN_POINT('',(0.225002404396169,11.5040434817042,-3.27474600607736));
#5244=CARTESIAN_POINT('',(0.225657233622518,11.5046917901372,-3.27449287803027));
#5245=CARTESIAN_POINT('',(0.226316894472665,11.5053514405505,-3.27423516022602));
#5246=CARTESIAN_POINT('',(0.22698105153324,11.5060226195593,-3.27397285057876));
#5247=CARTESIAN_POINT('',(0.232294308017846,11.5113920516297,-3.27187437340063));
#5248=CARTESIAN_POINT('',(0.237899836271601,11.5175018200971,-3.26948204149155));
#5249=CARTESIAN_POINT('',(0.243595750595466,11.5244323979846,-3.26679462669498));
#5250=CARTESIAN_POINT('',(0.254987579243195,11.5382935537596,-3.26141979710184));
#5251=CARTESIAN_POINT('',(0.26681665173827,11.5555229855315,-3.25486489210311));
#5252=CARTESIAN_POINT('',(0.27668735571586,11.5760811034722,-3.24711684383495));
#5253=CARTESIAN_POINT('',(0.277304274714459,11.5773659858435,-3.24663259081819));
#5254=CARTESIAN_POINT('',(0.277913148374458,11.5786634225139,-3.24614367576238));
#5255=CARTESIAN_POINT('',(0.278513226731816,11.5799732062416,-3.24565009495776));
#5256=CARTESIAN_POINT('',(0.279113305089173,11.5812829899693,-3.24515651415314));
#5257=CARTESIAN_POINT('',(0.280000905431969,11.5832695802279,-3.24440888032525));
#5258=CARTESIAN_POINT('',(0.280734891715206,11.584975855784,-3.24376881519461));
#5259=CARTESIAN_POINT('',(0.282202864281681,11.5883884068961,-3.24248868493333));
#5260=CARTESIAN_POINT('',(0.283546686642873,11.5917356431793,-3.24123931537459));
#5261=CARTESIAN_POINT('',(0.284780453359869,11.5950115523645,-3.24002077465202));
#5262=CARTESIAN_POINT('',(0.287247986793861,11.601563370735,-3.23758369320689));
#5263=CARTESIAN_POINT('',(0.289276325802298,11.6078287757039,-3.23526993085692));
#5264=CARTESIAN_POINT('',(0.290965196974439,11.6137745104619,-3.23307998703779));
#5265=CARTESIAN_POINT('',(0.294342939318721,11.6256659799779,-3.22870009939953));
#5266=CARTESIAN_POINT('',(0.296376346635783,11.6362677463834,-3.22481554312249));
#5267=CARTESIAN_POINT('',(0.297681205524997,11.6454907806209,-3.22142960821344));
#5268=CARTESIAN_POINT('',(0.298986064414211,11.6547138148585,-3.21804367330439));
#5269=CARTESIAN_POINT('',(0.299559226572123,11.6625653098369,-3.21515635663118));
#5270=CARTESIAN_POINT('',(0.299818246292425,11.6690906715331,-3.21277005088573));
#5271=CARTESIAN_POINT('',(0.299947756152576,11.6723533523812,-3.211576898013));
#5272=CARTESIAN_POINT('',(0.299995936630731,11.6752859068072,-3.21050898415423));
#5273=CARTESIAN_POINT('',(0.299999755162209,11.6778989431654,-3.20956652765478));
#5274=CARTESIAN_POINT('',(0.300000709795078,11.678552202255,-3.20933091352992));
#5275=CARTESIAN_POINT('',(0.300000024619143,11.6783219434513,-3.20941382381044));
#5276=CARTESIAN_POINT('',(0.299999888633107,11.678459644829,-3.20936331175899));
#5277=CARTESIAN_POINT('',(0.299999752647072,11.6785973462067,-3.20931279970754));
#5278=CARTESIAN_POINT('',(0.299999457364388,11.678791680438,-3.20924135358294));
#5279=CARTESIAN_POINT('',(0.299998568084093,11.6790428417477,-3.20914897091324));
#5280=CARTESIAN_POINT('',(0.299996789523502,11.6795451643671,-3.20896420557384));
#5281=CARTESIAN_POINT('',(0.299992894980853,11.6802746971963,-3.20869569549638));
#5282=CARTESIAN_POINT('',(0.299980322496528,11.6812342529504,-3.20834340356358));
#5283=CARTESIAN_POINT('',(0.299930032559229,11.6850724759664,-3.20693423583243));
#5284=CARTESIAN_POINT('',(0.299834356973793,11.6925831120767,-3.2041850102988));
#5285=CARTESIAN_POINT('',(0.298560078351552,11.7040884922586,-3.20008970384183));
#5286=CARTESIAN_POINT('',(0.297285799729312,11.7155938724406,-3.19599439738485));
#5287=CARTESIAN_POINT('',(0.294867572494185,11.7311731746012,-3.19055297565745));
#5288=CARTESIAN_POINT('',(0.288717481105014,11.7506601647294,-3.18375388427793));
#5289=CARTESIAN_POINT('',(2.2,11.85,-0.800000000000002));
#5290=CARTESIAN_POINT('',(2.2,11.9846194065542,-3.3078534597273));
#5291=CARTESIAN_POINT('',(2.2,12.0050295241733,-3.25653788773314));
#5292=CARTESIAN_POINT('',(2.2,12.1163556670845,-2.95250588112144));
#5293=CARTESIAN_POINT('',(2.2,12.2312361857147,-2.35213868154681));
#5294=CARTESIAN_POINT('',(2.2,12.1574735659761,-1.52445333605893));
#5295=CARTESIAN_POINT('',(2.2,11.9690836931686,-1.02568910222282));
#5296=CARTESIAN_POINT('',(2.2,11.85,-0.800000000000009));
#5297=CARTESIAN_POINT('',(2.79807436166506,11.9974222998805,-3.18269742111732));
#5298=CARTESIAN_POINT('',(2.79958181238179,12.009230966305,-3.18685679882664));
#5299=CARTESIAN_POINT('',(2.79998673039593,12.0190875058268,-3.19036271850536));
#5300=CARTESIAN_POINT('',(2.79999969713926,12.0270922460456,-3.19321878043491));
#5301=CARTESIAN_POINT('',(2.80000293882509,12.0290934311003,-3.1939327959173));
#5302=CARTESIAN_POINT('',(2.79997523688175,12.0315319121305,-3.19480101070203));
#5303=CARTESIAN_POINT('',(2.79991363420314,12.0337927043124,-3.19560351602036));
#5304=CARTESIAN_POINT('',(2.79985203152454,12.0360534964943,-3.19640602133868));
#5305=CARTESIAN_POINT('',(2.79975727487499,12.0383259116183,-3.19721069204799));
#5306=CARTESIAN_POINT('',(2.79962872669854,12.0406084353872,-3.19801752452673));
#5307=CARTESIAN_POINT('',(2.79937163034566,12.045173482925,-3.1996311894842));
#5308=CARTESIAN_POINT('',(2.79897936712191,12.0497789633109,-3.20125350154506));
#5309=CARTESIAN_POINT('',(2.79844684574377,12.0544127829568,-3.2028844314293));
#5310=CARTESIAN_POINT('',(2.79631676023125,12.07294806154,-3.20940815096627));
#5311=CARTESIAN_POINT('',(2.79194230049391,12.0919362150816,-3.2160697639747));
#5312=CARTESIAN_POINT('',(2.78499957601893,12.1106076824851,-3.22286733039954));
#5313=CARTESIAN_POINT('',(2.77805685154395,12.1292791498886,-3.22966489682438));
#5314=CARTESIAN_POINT('',(2.76844840253664,12.1476564069037,-3.2365984240726));
#5315=CARTESIAN_POINT('',(2.75641615529896,12.1648472025031,-3.24366582207338));
#5316=CARTESIAN_POINT('',(2.75491212439425,12.166996051953,-3.24454924682347));
#5317=CARTESIAN_POINT('',(2.75337077029189,12.1691262463823,-3.2454347631312));
#5318=CARTESIAN_POINT('',(2.75179279418131,12.1712359989101,-3.24632236678554));
#5319=CARTESIAN_POINT('',(2.75100380612602,12.172290875174,-3.24676616861271));
#5320=CARTESIAN_POINT('',(2.75050097829086,12.1729518713675,-3.24704431678613));
#5321=CARTESIAN_POINT('',(2.74987551934914,12.1737681195595,-3.24738571303075));
#5322=CARTESIAN_POINT('',(2.74925006040743,12.1745843677515,-3.24772710927536));
#5323=CARTESIAN_POINT('',(2.74861793015608,12.1753999172806,-3.24806683264925));
#5324=CARTESIAN_POINT('',(2.74797910827793,12.1762146304343,-3.24840488405829));
#5325=CARTESIAN_POINT('',(2.74542382076534,12.1794734830489,-3.24975708969448));
#5326=CARTESIAN_POINT('',(2.74276145365237,12.1827190039019,-3.25108254405541));
#5327=CARTESIAN_POINT('',(2.73999081413487,12.1859419802755,-3.2523813038271));
#5328=CARTESIAN_POINT('',(2.73444953509986,12.1923879330227,-3.25497882337049));
#5329=CARTESIAN_POINT('',(2.72847497788889,12.1987443900592,-3.25746956669498));
#5330=CARTESIAN_POINT('',(2.72205977184593,12.2049297025169,-3.25985396201952));
#5331=CARTESIAN_POINT('',(2.70922935976001,12.2173003274323,-3.2646227526686));
#5332=CARTESIAN_POINT('',(2.69457303181773,12.2289465105477,-3.26896618173169));
#5333=CARTESIAN_POINT('',(2.67841657637485,12.2393784109783,-3.27288728764506));
#5334=CARTESIAN_POINT('',(2.67033834865341,12.2445943611935,-3.27484784060175));
#5335=CARTESIAN_POINT('',(2.66189207599709,12.2495091310174,-3.27670280442761));
#5336=CARTESIAN_POINT('',(2.65314334859089,12.2540596657604,-3.27845250581605));
#5337=CARTESIAN_POINT('',(2.64876898488779,12.2563349331318,-3.27932735651028));
#5338=CARTESIAN_POINT('',(2.64431920276263,12.2585190563093,-3.28017589102447));
#5339=CARTESIAN_POINT('',(2.63980340882505,12.2606036283941,-3.28099814673403));
#5340=CARTESIAN_POINT('',(2.63754551185627,12.2616459144365,-3.28140927458881));
#5341=CARTESIAN_POINT('',(2.63561838197059,12.2625082268112,-3.28175026310582));
#5342=CARTESIAN_POINT('',(2.63352950062682,12.263419058271,-3.28211059536639));
#5343=CARTESIAN_POINT('',(2.63144061928306,12.2643298897308,-3.28247092762697));
#5344=CARTESIAN_POINT('',(2.6293449300929,12.2652173816337,-3.28282251845524));
#5345=CARTESIAN_POINT('',(2.62724352175935,12.2660811617767,-3.28316537318591));
#5346=CARTESIAN_POINT('',(2.59362098842252,12.2799016440637,-3.28865104887665));
#5347=CARTESIAN_POINT('',(2.55896234156559,12.2873111030669,-3.29190167074731));
#5348=CARTESIAN_POINT('',(2.52421276588377,12.2895863835616,-3.29293038912525));
#5349=CARTESIAN_POINT('',(2.48946319020195,12.2918616640563,-3.29395910750319));
#5350=CARTESIAN_POINT('',(2.45454053936298,12.2894754022806,-3.29276600630473));
#5351=CARTESIAN_POINT('',(2.4201310728462,12.2813259885608,-3.28934617340511));
#5352=CARTESIAN_POINT('',(2.4029263395878,12.2772512817009,-3.2876362569553));
#5353=CARTESIAN_POINT('',(2.38580503192438,12.2716685963553,-3.28536937070736));
#5354=CARTESIAN_POINT('',(2.36901737475697,12.2645174827682,-3.28254325268811));
#5355=CARTESIAN_POINT('',(2.36691891761105,12.2636235935698,-3.28218998793571));
#5356=CARTESIAN_POINT('',(2.3652577258397,12.2628951546459,-3.28190154827181));
#5357=CARTESIAN_POINT('',(2.3633837744057,12.2620550848158,-3.28156832165423));
#5358=CARTESIAN_POINT('',(2.3615098229717,12.2612150149857,-3.28123509503665));
#5359=CARTESIAN_POINT('',(2.3596302746525,12.2603513068838,-3.28089195839629));
#5360=CARTESIAN_POINT('',(2.35774617242274,12.2594634408704,-3.28053890562779));
#5361=CARTESIAN_POINT('',(2.35397796796322,12.2576877088436,-3.27983280009079));
#5362=CARTESIAN_POINT('',(2.35019148267877,12.2558153338126,-3.27908703037917));
#5363=CARTESIAN_POINT('',(2.34639582285004,12.2538422881505,-3.2783015435825));
#5364=CARTESIAN_POINT('',(2.33880450319258,12.2498961968263,-3.27673056998917));
#5365=CARTESIAN_POINT('',(2.33117534644932,12.2455472080682,-3.27500073339299));
#5366=CARTESIAN_POINT('',(2.32359422131166,12.2407654556696,-3.27311154599423));
#5367=CARTESIAN_POINT('',(2.30843197103635,12.2312019508726,-3.26933317119671));
#5368=CARTESIAN_POINT('',(2.29345391748985,12.2198893053082,-3.26491747316047));
#5369=CARTESIAN_POINT('',(2.27953877003635,12.2066795796027,-3.25985954775746));
#5370=CARTESIAN_POINT('',(2.2725811963096,12.2000747167499,-3.25733058505595));
#5371=CARTESIAN_POINT('',(2.26588158190906,12.1930095736027,-3.25464104713904));
#5372=CARTESIAN_POINT('',(2.25952409655072,12.1855325621514,-3.25179021100401));
#5373=CARTESIAN_POINT('',(2.25316661119238,12.1780555507001,-3.24893937486899));
#5374=CARTESIAN_POINT('',(2.24658829571502,12.1694202229125,-3.24566110749113));
#5375=CARTESIAN_POINT('',(2.24078982834589,12.1607230604476,-3.24244339383561));
#5376=CARTESIAN_POINT('',(2.22919289360764,12.1433287355179,-3.23600796652455));
#5377=CARTESIAN_POINT('',(2.22005671711241,12.1251130297225,-3.22944213461554));
#5378=CARTESIAN_POINT('',(2.21353442666824,12.1068387601551,-3.22274486274082));
#5379=CARTESIAN_POINT('',(2.21142636758161,12.1009323626491,-3.22058024818525));
#5380=CARTESIAN_POINT('',(2.20958098343757,12.0950068770959,-3.2184019012628));
#5381=CARTESIAN_POINT('',(2.20798696228502,12.0890673190615,-3.21620978428591));
#5382=CARTESIAN_POINT('',(2.20051030126153,11.8674104212124,-0.800000518277932));
#5383=CARTESIAN_POINT('',(2.20047451925018,12.0020309739236,-3.30785591806627));
#5384=CARTESIAN_POINT('',(2.20047451925018,12.0224409555509,-3.25654061958713));
#5385=CARTESIAN_POINT('',(2.20047451925018,12.1337662422151,-2.95251006548196));
#5386=CARTESIAN_POINT('',(2.20047451925018,12.2486447507148,-2.35214203880547));
#5387=CARTESIAN_POINT('',(2.20047451925019,12.1748860178289,-1.52445333605893));
#5388=CARTESIAN_POINT('',(2.20047451925018,11.9864961450214,-1.02568910222282));
#5389=CARTESIAN_POINT('',(2.20047451925018,11.8674124518528,-0.800000000000009));
#5390=CARTESIAN_POINT('',(2.8,11.85,-0.800000000000006));
#5391=CARTESIAN_POINT('',(2.8,11.85,-0.800000000000002));
#5392=CARTESIAN_POINT('',(2.8,11.8892699081699,-0.800000000000002));
#5393=CARTESIAN_POINT('',(2.7921918030005,11.9285243653078,-0.800000000000002));
#5394=CARTESIAN_POINT('',(2.76213591650628,12.0010856941113,-0.800000000000002));
#5395=CARTESIAN_POINT('',(2.73990005271946,12.0343640159925,-0.800000000000002));
#5396=CARTESIAN_POINT('',(2.68436401599247,12.0899000527195,-0.800000000000002));
#5397=CARTESIAN_POINT('',(2.65108569411127,12.1121359165063,-0.800000000000002));
#5398=CARTESIAN_POINT('',(2.57852436530778,12.1421918030005,-0.800000000000002));
#5399=CARTESIAN_POINT('',(2.53926990816987,12.15,-0.800000000000002));
#5400=CARTESIAN_POINT('',(2.46073009183013,12.15,-0.800000000000002));
#5401=CARTESIAN_POINT('',(2.42147563469222,12.1421918030005,-0.800000000000003));
#5402=CARTESIAN_POINT('',(2.34891430588873,12.1121359165063,-0.800000000000002));
#5403=CARTESIAN_POINT('',(2.31563598400752,12.0899000527195,-0.800000000000003));
#5404=CARTESIAN_POINT('',(2.26009994728054,12.0343640159925,-0.800000000000003));
#5405=CARTESIAN_POINT('',(2.23786408349372,12.0010856941113,-0.800000000000002));
#5406=CARTESIAN_POINT('',(2.21003043132391,11.9338893135526,-0.800000000000002));
#5407=CARTESIAN_POINT('',(2.20246712165409,11.9008142682054,-0.800000000000002));
#5408=CARTESIAN_POINT('',(2.20051031264747,11.8674103550673,-0.800000000000002));
#5409=CARTESIAN_POINT('',(2.2,11.85,-0.800000000000002));
#5410=CARTESIAN_POINT('',(2.2,11.8107300918301,-0.800000000000002));
#5411=CARTESIAN_POINT('',(2.20780819699951,11.7714756346922,-0.800000000000002));
#5412=CARTESIAN_POINT('',(2.23786408349372,11.6989143058887,-0.800000000000002));
#5413=CARTESIAN_POINT('',(2.26009994728055,11.6656359840075,-0.800000000000003));
#5414=CARTESIAN_POINT('',(2.31563598400753,11.6100999472805,-0.800000000000003));
#5415=CARTESIAN_POINT('',(2.34891430588873,11.5878640834937,-0.800000000000002));
#5416=CARTESIAN_POINT('',(2.42147563469222,11.5578081969995,-0.800000000000002));
#5417=CARTESIAN_POINT('',(2.46073009183013,11.55,-0.800000000000002));
#5418=CARTESIAN_POINT('',(2.53926990816987,11.55,-0.800000000000002));
#5419=CARTESIAN_POINT('',(2.57852436530778,11.5578081969995,-0.800000000000002));
#5420=CARTESIAN_POINT('',(2.65108569411127,11.5878640834937,-0.800000000000002));
#5421=CARTESIAN_POINT('',(2.68436401599247,11.6100999472806,-0.800000000000002));
#5422=CARTESIAN_POINT('',(2.73990005271945,11.6656359840075,-0.800000000000002));
#5423=CARTESIAN_POINT('',(2.76213591650628,11.6989143058887,-0.800000000000002));
#5424=CARTESIAN_POINT('',(2.79219180300049,11.7714756346922,-0.800000000000002));
#5425=CARTESIAN_POINT('',(2.8,11.8107300918301,-0.800000000000003));
#5426=CARTESIAN_POINT('',(2.8,11.85,-0.800000000000002));
#5427=CARTESIAN_POINT('',(2.5,11.15,3.7));
#5428=CARTESIAN_POINT('',(2.5,12.15,2.7));
#5429=AXIS2_PLACEMENT_3D('',#6602,#6603,#6604);
#5430=CARTESIAN_POINT('',(2.5,11.15,3.1));
#5431=AXIS2_PLACEMENT_3D('',#6605,#6606,#6607);
#5432=CARTESIAN_POINT('',(2.5,11.5211872235054,2.84906389809314));
#5433=AXIS2_PLACEMENT_3D('',#6608,#6609,#6610);
#5434=CARTESIAN_POINT('',(2.50865867569526,11.55,2.71000000000028));
#5435=CARTESIAN_POINT('',(2.50865867565063,11.5500000000071,2.70999999991302));
#5436=CARTESIAN_POINT('',(2.5129245435569,11.5500000000083,2.7149284941262));
#5437=CARTESIAN_POINT('',(2.51534660405663,11.5498795323144,2.72105327504272));
#5438=CARTESIAN_POINT('',(2.51934243313403,11.5492747927239,2.73334483217635));
#5439=CARTESIAN_POINT('',(2.52072001617258,11.5488033729724,2.73959119224712));
#5440=CARTESIAN_POINT('',(2.52384026110843,11.5468744484064,2.75833056656991));
#5441=CARTESIAN_POINT('',(2.52458471391167,11.5448907834308,2.77095321598482));
#5442=CARTESIAN_POINT('',(2.52401364177964,11.5394959234365,2.79606663119013));
#5443=CARTESIAN_POINT('',(2.52275493670766,11.5361395691794,2.80832009820501));
#5444=CARTESIAN_POINT('',(2.51832690973586,11.5302284367629,2.82613932354261));
#5445=CARTESIAN_POINT('',(2.51644985131968,11.528114628999,2.83195950434932));
#5446=CARTESIAN_POINT('',(2.51222979284766,11.5249639882041,2.84002591659639));
#5447=CARTESIAN_POINT('',(2.51056307934764,11.5238949430242,2.84265696716613));
#5448=CARTESIAN_POINT('',(2.50624909260042,11.5220379365375,2.84710351011196));
#5449=CARTESIAN_POINT('',(2.50333685899891,11.5211994152456,2.84903573845276));
#5450=CARTESIAN_POINT('',(2.4968123183154,11.5211752966674,2.84909144377647));
#5451=CARTESIAN_POINT('',(2.49390317615065,11.5219871896746,2.84722258097814));
#5452=CARTESIAN_POINT('',(2.48952504189594,11.5238430024461,2.84278364662682));
#5453=CARTESIAN_POINT('',(2.48786571228154,11.5248999409297,2.84018642275733));
#5454=CARTESIAN_POINT('',(2.48357638550944,11.5280810678448,2.83205211209886));
#5455=CARTESIAN_POINT('',(2.48168077163558,11.5302192403251,2.82616589734548));
#5456=CARTESIAN_POINT('',(2.47724398142613,11.536138903096,2.80832439866658));
#5457=CARTESIAN_POINT('',(2.4759957035856,11.5394801052745,2.79611539727803));
#5458=CARTESIAN_POINT('',(2.4754123711118,11.5448466599876,2.77118320538318));
#5459=CARTESIAN_POINT('',(2.47615350044532,11.5468725257558,2.75835729238972));
#5460=CARTESIAN_POINT('',(2.4792887934949,11.5488078494747,2.73954366865669));
#5461=CARTESIAN_POINT('',(2.48066603315969,11.5492766920761,2.73331383987194));
#5462=CARTESIAN_POINT('',(2.48465879927715,11.5498797298778,2.7210416202552));
#5463=CARTESIAN_POINT('',(2.48703610144889,11.550000000001,2.71497396224212));
#5464=CARTESIAN_POINT('',(2.49134132436638,11.55,2.70999999992918));
#5465=CARTESIAN_POINT('',(2.5,11.5498897609913,2.70939037029592));
#5466=CARTESIAN_POINT('',(2.49134132428571,11.5500000000005,2.71000000000277));
#5467=CARTESIAN_POINT('',(2.49711377475565,11.5498535232404,2.70918997290799));
#5468=CARTESIAN_POINT('',(2.5028862252255,11.5498535232403,2.7091899729071));
#5469=CARTESIAN_POINT('',(2.50865867569526,11.55,2.7100000000001));
#5470=CARTESIAN_POINT('',(2.5,11.55,2.7));
#5471=AXIS2_PLACEMENT_3D('',#6611,#6612,#6613);
#5472=CARTESIAN_POINT('',(2.8,11.85,2.7));
#5473=AXIS2_PLACEMENT_3D('',#6614,#6615,#6616);
#5474=AXIS2_PLACEMENT_3D('',#6617,#6618,#6619);
#5475=CARTESIAN_POINT('',(0.0,11.15,3.7));
#5476=CARTESIAN_POINT('',(-3.67381906146714E-17,12.15,2.7));
#5477=AXIS2_PLACEMENT_3D('',#6620,#6621,#6622);
#5478=CARTESIAN_POINT('',(-3.67381906146714E-17,11.15,3.1));
#5479=AXIS2_PLACEMENT_3D('',#6623,#6624,#6625);
#5480=CARTESIAN_POINT('',(-3.8121903637306E-17,11.5211872235054,2.84906389809314));
#5481=AXIS2_PLACEMENT_3D('',#6626,#6627,#6628);
#5482=CARTESIAN_POINT('',(0.00865867571428901,11.55,2.71000000002238));
#5483=CARTESIAN_POINT('',(0.00865867563361829,11.55,2.70999999992918));
#5484=CARTESIAN_POINT('',(0.0129638985512244,11.550000000001,2.71497396224225));
#5485=CARTESIAN_POINT('',(0.0153412007228414,11.5498797298778,2.72104162025516));
#5486=CARTESIAN_POINT('',(0.0193339668403521,11.5492766920761,2.73331383987209));
#5487=CARTESIAN_POINT('',(0.0207112065051306,11.5488078494747,2.73954366865686));
#5488=CARTESIAN_POINT('',(0.0238464995546917,11.5468725257558,2.75835729238987));
#5489=CARTESIAN_POINT('',(0.024587628888211,11.5448466599876,2.77118320538331));
#5490=CARTESIAN_POINT('',(0.0240042964143714,11.5394801052744,2.79611539727846));
#5491=CARTESIAN_POINT('',(0.0227560185737954,11.5361389030959,2.80832439866702));
#5492=CARTESIAN_POINT('',(0.0183192283643429,11.530219240325,2.82616589734572));
#5493=CARTESIAN_POINT('',(0.0164236144904182,11.5280810678446,2.83205211209923));
#5494=CARTESIAN_POINT('',(0.0121342877182493,11.5248999409296,2.84018642275766));
#5495=CARTESIAN_POINT('',(0.0104749581039668,11.523843002446,2.84278364662699));
#5496=CARTESIAN_POINT('',(0.00609682384896252,11.5219871896744,2.84722258097846));
#5497=CARTESIAN_POINT('',(0.00318768168408602,11.5211752966673,2.84909144377672));
#5498=CARTESIAN_POINT('',(-0.00333685899972644,11.5211994152457,2.84903573845251));
#5499=CARTESIAN_POINT('',(-0.00624909260085327,11.5220379365377,2.84710351011161));
#5500=CARTESIAN_POINT('',(-0.0105630793478604,11.5238949430244,2.84265696716581));
#5501=CARTESIAN_POINT('',(-0.0122297928478475,11.5249639882043,2.84002591659609));
#5502=CARTESIAN_POINT('',(-0.0164498513196766,11.528114628999,2.83195950434927));
#5503=CARTESIAN_POINT('',(-0.0183269097359755,11.530228436763,2.82613932354219));
#5504=CARTESIAN_POINT('',(-0.0227549367075418,11.5361395691793,2.80832009820543));
#5505=CARTESIAN_POINT('',(-0.0240136417796441,11.5394959234364,2.79606663119047));
#5506=CARTESIAN_POINT('',(-0.0245847139116685,11.544890783431,2.77095321598397));
#5507=CARTESIAN_POINT('',(-0.0238402611085754,11.5468744484063,2.75833056657086));
#5508=CARTESIAN_POINT('',(-0.020720016172555,11.5488033729725,2.73959119224691));
#5509=CARTESIAN_POINT('',(-0.019342433133148,11.5492747927241,2.73334483217329));
#5510=CARTESIAN_POINT('',(-0.0153466040565,11.5498795323143,2.72105327504268));
#5511=CARTESIAN_POINT('',(-0.0129245435563004,11.5500000000083,2.71492849412551));
#5512=CARTESIAN_POINT('',(-0.00865867565063469,11.5500000000071,2.70999999991302));
#5513=CARTESIAN_POINT('',(-3.59082905115525E-17,11.5498897609913,2.70939037029592));
#5514=CARTESIAN_POINT('',(-0.00865867569526074,11.55,2.7100000000001));
#5515=CARTESIAN_POINT('',(-0.00288622522549889,11.5498535232403,2.7091899729071));
#5516=CARTESIAN_POINT('',(0.002886225244351,11.5498535232404,2.70918997290799));
#5517=CARTESIAN_POINT('',(0.00865867571428892,11.5500000000005,2.71000000000277));
#5518=CARTESIAN_POINT('',(-3.67381906146714E-17,11.55,2.7));
#5519=AXIS2_PLACEMENT_3D('',#6629,#6630,#6631);
#5520=CARTESIAN_POINT('',(0.300000000000001,11.85,2.7));
#5521=AXIS2_PLACEMENT_3D('',#6632,#6633,#6634);
#5522=AXIS2_PLACEMENT_3D('',#6635,#6636,#6637);
#5523=CARTESIAN_POINT('',(-2.5,11.15,3.7));
#5524=CARTESIAN_POINT('',(-2.5,12.15,2.7));
#5525=AXIS2_PLACEMENT_3D('',#6638,#6639,#6640);
#5526=CARTESIAN_POINT('',(-2.5,11.15,3.1));
#5527=AXIS2_PLACEMENT_3D('',#6641,#6642,#6643);
#5528=CARTESIAN_POINT('',(-2.5,11.5211872235054,2.84906389809314));
#5529=AXIS2_PLACEMENT_3D('',#6644,#6645,#6646);
#5530=CARTESIAN_POINT('',(-2.49134132428571,11.55,2.71000000002238));
#5531=CARTESIAN_POINT('',(-2.49134132436638,11.55,2.70999999992918));
#5532=CARTESIAN_POINT('',(-2.48703610144877,11.550000000001,2.71497396224225));
#5533=CARTESIAN_POINT('',(-2.48465879927716,11.5498797298778,2.72104162025516));
#5534=CARTESIAN_POINT('',(-2.48066603315965,11.5492766920761,2.73331383987209));
#5535=CARTESIAN_POINT('',(-2.47928879349487,11.5488078494747,2.73954366865686));
#5536=CARTESIAN_POINT('',(-2.47615350044531,11.5468725257558,2.75835729238987));
#5537=CARTESIAN_POINT('',(-2.47541237111179,11.5448466599876,2.77118320538331));
#5538=CARTESIAN_POINT('',(-2.47599570358563,11.5394801052744,2.79611539727846));
#5539=CARTESIAN_POINT('',(-2.4772439814262,11.5361389030959,2.80832439866702));
#5540=CARTESIAN_POINT('',(-2.48168077163565,11.530219240325,2.82616589734571));
#5541=CARTESIAN_POINT('',(-2.48357638550958,11.5280810678446,2.83205211209923));
#5542=CARTESIAN_POINT('',(-2.48786571228175,11.5248999409296,2.84018642275766));
#5543=CARTESIAN_POINT('',(-2.48952504189603,11.523843002446,2.84278364662699));
#5544=CARTESIAN_POINT('',(-2.49390317615103,11.5219871896744,2.84722258097846));
#5545=CARTESIAN_POINT('',(-2.49681231831591,11.5211752966673,2.84909144377672));
#5546=CARTESIAN_POINT('',(-2.50333685899972,11.5211994152457,2.84903573845251));
#5547=CARTESIAN_POINT('',(-2.50624909260085,11.5220379365377,2.84710351011162));
#5548=CARTESIAN_POINT('',(-2.51056307934786,11.5238949430243,2.84265696716581));
#5549=CARTESIAN_POINT('',(-2.51222979284785,11.5249639882043,2.84002591659609));
#5550=CARTESIAN_POINT('',(-2.51644985131967,11.528114628999,2.83195950434927));
#5551=CARTESIAN_POINT('',(-2.51832690973597,11.530228436763,2.8261393235422));
#5552=CARTESIAN_POINT('',(-2.52275493670754,11.5361395691793,2.80832009820544));
#5553=CARTESIAN_POINT('',(-2.52401364177965,11.5394959234364,2.79606663119047));
#5554=CARTESIAN_POINT('',(-2.52458471391167,11.544890783431,2.77095321598397));
#5555=CARTESIAN_POINT('',(-2.52384026110858,11.5468744484063,2.75833056657086));
#5556=CARTESIAN_POINT('',(-2.52072001617256,11.5488033729725,2.73959119224691));
#5557=CARTESIAN_POINT('',(-2.51934243313315,11.5492747927241,2.73334483217329));
#5558=CARTESIAN_POINT('',(-2.5153466040565,11.5498795323143,2.72105327504268));
#5559=CARTESIAN_POINT('',(-2.5129245435563,11.5500000000083,2.71492849412552));
#5560=CARTESIAN_POINT('',(-2.50865867565063,11.5500000000071,2.70999999991302));
#5561=CARTESIAN_POINT('',(-2.5,11.5498897609913,2.70939037029592));
#5562=CARTESIAN_POINT('',(-2.50865867569526,11.55,2.7100000000001));
#5563=CARTESIAN_POINT('',(-2.5028862252255,11.5498535232403,2.7091899729071));
#5564=CARTESIAN_POINT('',(-2.49711377475565,11.5498535232404,2.70918997290799));
#5565=CARTESIAN_POINT('',(-2.49134132428571,11.5500000000005,2.71000000000277));
#5566=CARTESIAN_POINT('',(-2.5,11.55,2.7));
#5567=AXIS2_PLACEMENT_3D('',#6647,#6648,#6649);
#5568=CARTESIAN_POINT('',(-2.2,11.85,2.7));
#5569=AXIS2_PLACEMENT_3D('',#6650,#6651,#6652);
#5570=AXIS2_PLACEMENT_3D('',#6653,#6654,#6655);
#5571=CARTESIAN_POINT('',(-2.175,11.2,3.06000000000006));
#5572=CARTESIAN_POINT('',(-2.825,11.2,3.06000000000006));
#5573=CARTESIAN_POINT('',(-2.175,11.2,3.06000000000006));
#5574=VECTOR('',#6656,1.0);
#5575=CARTESIAN_POINT('',(-2.175,11.55,2.71000000000006));
#5576=AXIS2_PLACEMENT_3D('',#6657,#6658,#6659);
#5577=CARTESIAN_POINT('',(-2.175,11.55,2.71000000000006));
#5578=VECTOR('',#6660,1.0);
#5579=CARTESIAN_POINT('',(-2.50865867569526,11.55,2.71000000000006));
#5580=CARTESIAN_POINT('',(-2.49134132436638,11.55,2.70999999992918));
#5581=CARTESIAN_POINT('',(-2.48703610144877,11.550000000001,2.71497396224225));
#5582=CARTESIAN_POINT('',(-2.48465879927716,11.5498797298778,2.72104162025516));
#5583=CARTESIAN_POINT('',(-2.48066603315965,11.5492766920761,2.73331383987209));
#5584=CARTESIAN_POINT('',(-2.47928879349487,11.5488078494747,2.73954366865686));
#5585=CARTESIAN_POINT('',(-2.47615350044531,11.5468725257558,2.75835729238987));
#5586=CARTESIAN_POINT('',(-2.47541237111179,11.5448466599876,2.77118320538331));
#5587=CARTESIAN_POINT('',(-2.47599570358563,11.5394801052744,2.79611539727846));
#5588=CARTESIAN_POINT('',(-2.4772439814262,11.5361389030959,2.80832439866702));
#5589=CARTESIAN_POINT('',(-2.48168077163565,11.530219240325,2.82616589734571));
#5590=CARTESIAN_POINT('',(-2.48357638550958,11.5280810678446,2.83205211209923));
#5591=CARTESIAN_POINT('',(-2.48786571228175,11.5248999409296,2.84018642275766));
#5592=CARTESIAN_POINT('',(-2.48952504189603,11.523843002446,2.84278364662699));
#5593=CARTESIAN_POINT('',(-2.49390317615103,11.5219871896744,2.84722258097846));
#5594=CARTESIAN_POINT('',(-2.49681231831591,11.5211752966673,2.84909144377672));
#5595=CARTESIAN_POINT('',(-2.50333685899972,11.5211994152457,2.84903573845251));
#5596=CARTESIAN_POINT('',(-2.50624909260085,11.5220379365377,2.84710351011162));
#5597=CARTESIAN_POINT('',(-2.51056307934786,11.5238949430243,2.84265696716581));
#5598=CARTESIAN_POINT('',(-2.51222979284785,11.5249639882043,2.84002591659609));
#5599=CARTESIAN_POINT('',(-2.51644985131967,11.528114628999,2.83195950434927));
#5600=CARTESIAN_POINT('',(-2.51832690973597,11.530228436763,2.8261393235422));
#5601=CARTESIAN_POINT('',(-2.52275493670754,11.5361395691793,2.80832009820544));
#5602=CARTESIAN_POINT('',(-2.52401364177965,11.5394959234364,2.79606663119047));
#5603=CARTESIAN_POINT('',(-2.52458471391167,11.544890783431,2.77095321598397));
#5604=CARTESIAN_POINT('',(-2.52384026110858,11.5468744484063,2.75833056657086));
#5605=CARTESIAN_POINT('',(-2.52072001617256,11.5488033729725,2.73959119224691));
#5606=CARTESIAN_POINT('',(-2.51934243313315,11.5492747927241,2.73334483217329));
#5607=CARTESIAN_POINT('',(-2.5153466040565,11.5498795323143,2.72105327504268));
#5608=CARTESIAN_POINT('',(-2.5129245435563,11.5500000000083,2.71492849412552));
#5609=CARTESIAN_POINT('',(-2.50865867565063,11.5500000000071,2.70999999991302));
#5610=CARTESIAN_POINT('',(-2.825,11.55,2.71000000000006));
#5611=CARTESIAN_POINT('',(-2.175,11.55,2.71000000000006));
#5612=VECTOR('',#6661,1.0);
#5613=AXIS2_PLACEMENT_3D('',#6662,#6663,#6664);
#5614=CARTESIAN_POINT('',(0.325,11.2,3.06000000000006));
#5615=CARTESIAN_POINT('',(-0.325,11.2,3.06000000000006));
#5616=CARTESIAN_POINT('',(0.325,11.2,3.06000000000006));
#5617=VECTOR('',#6665,1.0);
#5618=CARTESIAN_POINT('',(0.325,11.55,2.71000000000006));
#5619=AXIS2_PLACEMENT_3D('',#6666,#6667,#6668);
#5620=CARTESIAN_POINT('',(0.325,11.55,2.71000000000006));
#5621=VECTOR('',#6669,1.0);
#5622=CARTESIAN_POINT('',(-0.00865867569526063,11.55,2.71000000000006));
#5623=CARTESIAN_POINT('',(0.00865867563361829,11.55,2.70999999992918));
#5624=CARTESIAN_POINT('',(0.0129638985512244,11.550000000001,2.71497396224225));
#5625=CARTESIAN_POINT('',(0.0153412007228414,11.5498797298778,2.72104162025516));
#5626=CARTESIAN_POINT('',(0.0193339668403521,11.5492766920761,2.73331383987209));
#5627=CARTESIAN_POINT('',(0.0207112065051306,11.5488078494747,2.73954366865686));
#5628=CARTESIAN_POINT('',(0.0238464995546917,11.5468725257558,2.75835729238987));
#5629=CARTESIAN_POINT('',(0.024587628888211,11.5448466599876,2.77118320538331));
#5630=CARTESIAN_POINT('',(0.0240042964143714,11.5394801052744,2.79611539727846));
#5631=CARTESIAN_POINT('',(0.0227560185737954,11.5361389030959,2.80832439866702));
#5632=CARTESIAN_POINT('',(0.0183192283643429,11.530219240325,2.82616589734572));
#5633=CARTESIAN_POINT('',(0.0164236144904182,11.5280810678446,2.83205211209923));
#5634=CARTESIAN_POINT('',(0.0121342877182493,11.5248999409296,2.84018642275766));
#5635=CARTESIAN_POINT('',(0.0104749581039668,11.523843002446,2.84278364662699));
#5636=CARTESIAN_POINT('',(0.00609682384896252,11.5219871896744,2.84722258097846));
#5637=CARTESIAN_POINT('',(0.00318768168408602,11.5211752966673,2.84909144377672));
#5638=CARTESIAN_POINT('',(-0.00333685899972644,11.5211994152457,2.84903573845251));
#5639=CARTESIAN_POINT('',(-0.00624909260085327,11.5220379365377,2.84710351011161));
#5640=CARTESIAN_POINT('',(-0.0105630793478604,11.5238949430244,2.84265696716581));
#5641=CARTESIAN_POINT('',(-0.0122297928478475,11.5249639882043,2.84002591659609));
#5642=CARTESIAN_POINT('',(-0.0164498513196766,11.528114628999,2.83195950434927));
#5643=CARTESIAN_POINT('',(-0.0183269097359755,11.530228436763,2.82613932354219));
#5644=CARTESIAN_POINT('',(-0.0227549367075418,11.5361395691793,2.80832009820543));
#5645=CARTESIAN_POINT('',(-0.0240136417796441,11.5394959234364,2.79606663119047));
#5646=CARTESIAN_POINT('',(-0.0245847139116685,11.544890783431,2.77095321598397));
#5647=CARTESIAN_POINT('',(-0.0238402611085754,11.5468744484063,2.75833056657086));
#5648=CARTESIAN_POINT('',(-0.020720016172555,11.5488033729725,2.73959119224691));
#5649=CARTESIAN_POINT('',(-0.019342433133148,11.5492747927241,2.73334483217329));
#5650=CARTESIAN_POINT('',(-0.0153466040565,11.5498795323143,2.72105327504268));
#5651=CARTESIAN_POINT('',(-0.0129245435563004,11.5500000000083,2.71492849412551));
#5652=CARTESIAN_POINT('',(-0.00865867565063469,11.5500000000071,2.70999999991302));
#5653=CARTESIAN_POINT('',(-0.325,11.55,2.71000000000006));
#5654=CARTESIAN_POINT('',(0.325,11.55,2.71000000000006));
#5655=VECTOR('',#6670,1.0);
#5656=AXIS2_PLACEMENT_3D('',#6671,#6672,#6673);
#5657=CARTESIAN_POINT('',(-2.8,11.85,5.68121938382404E-14));
#5658=CARTESIAN_POINT('',(-2.8,11.85,-0.400123995500692));
#5659=VECTOR('',#6674,1.0);
#5660=CARTESIAN_POINT('',(-2.2,11.85,5.67879077095768E-14));
#5661=AXIS2_PLACEMENT_3D('',#6675,#6676,#6677);
#5662=CARTESIAN_POINT('',(-2.2,11.85,-0.400123995500692));
#5663=VECTOR('',#6678,1.0);
#5664=CARTESIAN_POINT('',(-2.8,11.85,2.7));
#5665=CARTESIAN_POINT('',(-2.8,11.85,1.50000000000005));
#5666=CARTESIAN_POINT('',(-2.8,11.85,2.7));
#5667=VECTOR('',#6679,1.0);
#5668=AXIS2_PLACEMENT_3D('',#6680,#6681,#6682);
#5669=CARTESIAN_POINT('',(-2.2,11.85,1.50000000000005));
#5670=CARTESIAN_POINT('',(-2.2,11.85,2.7));
#5671=VECTOR('',#6683,1.0);
#5672=AXIS2_PLACEMENT_3D('',#6684,#6685,#6686);
#5673=CARTESIAN_POINT('',(-2.5,9.55,3.1));
#5674=CARTESIAN_POINT('',(-2.5,5.55,3.1));
#5675=CARTESIAN_POINT('',(-2.5,7.55,3.1));
#5676=VECTOR('',#6687,1.0);
#5677=CARTESIAN_POINT('',(-2.5,9.55,3.7));
#5678=AXIS2_PLACEMENT_3D('',#6688,#6689,#6690);
#5679=CARTESIAN_POINT('',(-2.5,5.55,3.7));
#5680=CARTESIAN_POINT('',(-2.5,7.55,3.7));
#5681=VECTOR('',#6691,1.0);
#5682=CARTESIAN_POINT('',(-2.2,5.55,3.4));
#5683=AXIS2_PLACEMENT_3D('',#6692,#6693,#6694);
#5684=AXIS2_PLACEMENT_3D('',#6695,#6696,#6697);
#5685=CARTESIAN_POINT('',(-0.300000000000001,11.85,5.68121938382404E-14));
#5686=CARTESIAN_POINT('',(-0.300000000000001,11.85,-0.400126503284621));
#5687=VECTOR('',#6698,1.0);
#5688=CARTESIAN_POINT('',(0.300000000000001,11.85,5.67879077095768E-14));
#5689=AXIS2_PLACEMENT_3D('',#6699,#6700,#6701);
#5690=CARTESIAN_POINT('',(0.300000000000001,11.85,-0.400126503284621));
#5691=VECTOR('',#6702,1.0);
#5692=CARTESIAN_POINT('',(-0.300000000000001,11.85,2.7));
#5693=CARTESIAN_POINT('',(-0.300000000000001,11.85,1.50000000000005));
#5694=CARTESIAN_POINT('',(-0.300000000000001,11.85,2.7));
#5695=VECTOR('',#6703,1.0);
#5696=AXIS2_PLACEMENT_3D('',#6704,#6705,#6706);
#5697=CARTESIAN_POINT('',(0.300000000000001,11.85,1.50000000000005));
#5698=CARTESIAN_POINT('',(0.300000000000001,11.85,2.7));
#5699=VECTOR('',#6707,1.0);
#5700=AXIS2_PLACEMENT_3D('',#6708,#6709,#6710);
#5701=CARTESIAN_POINT('',(0.0,9.55,3.1));
#5702=CARTESIAN_POINT('',(3.67381906146714E-17,5.55,3.1));
#5703=CARTESIAN_POINT('',(3.67381906146714E-17,7.55,3.1));
#5704=VECTOR('',#6711,1.0);
#5705=CARTESIAN_POINT('',(-3.67381906146714E-17,9.55,3.7));
#5706=AXIS2_PLACEMENT_3D('',#6712,#6713,#6714);
#5707=CARTESIAN_POINT('',(-3.67381906146714E-17,5.55,3.7));
#5708=CARTESIAN_POINT('',(-3.67381906146714E-17,7.55,3.7));
#5709=VECTOR('',#6715,1.0);
#5710=CARTESIAN_POINT('',(0.300000000000001,5.55,3.4));
#5711=AXIS2_PLACEMENT_3D('',#6716,#6717,#6718);
#5712=AXIS2_PLACEMENT_3D('',#6719,#6720,#6721);
#5713=CARTESIAN_POINT('',(2.5,9.55,3.1));
#5714=CARTESIAN_POINT('',(2.5,5.55,3.1));
#5715=CARTESIAN_POINT('',(2.5,7.55,3.1));
#5716=VECTOR('',#6722,1.0);
#5717=CARTESIAN_POINT('',(2.5,9.55,3.7));
#5718=AXIS2_PLACEMENT_3D('',#6723,#6724,#6725);
#5719=CARTESIAN_POINT('',(2.5,5.55,3.7));
#5720=CARTESIAN_POINT('',(2.5,7.55,3.7));
#5721=VECTOR('',#6726,1.0);
#5722=CARTESIAN_POINT('',(2.8,5.55,3.4));
#5723=AXIS2_PLACEMENT_3D('',#6727,#6728,#6729);
#5724=AXIS2_PLACEMENT_3D('',#6730,#6731,#6732);
#5725=CARTESIAN_POINT('',(2.2,11.85,5.68121938382404E-14));
#5726=CARTESIAN_POINT('',(2.2,11.85,-0.400124254639656));
#5727=VECTOR('',#6733,1.0);
#5728=CARTESIAN_POINT('',(2.8,11.85,5.67879077095768E-14));
#5729=AXIS2_PLACEMENT_3D('',#6734,#6735,#6736);
#5730=CARTESIAN_POINT('',(2.8,11.85,-0.400124254639656));
#5731=VECTOR('',#6737,1.0);
#5732=CARTESIAN_POINT('',(2.20051031264747,11.8674103550673,-0.800000000000002));
#5733=CARTESIAN_POINT('',(2.20017073846481,11.8616136184092,-0.800000000000002));
#5734=CARTESIAN_POINT('',(2.2,11.8558069781351,-0.800000000000002));
#5735=CARTESIAN_POINT('',(2.2,11.85,-0.800000000000002));
#5736=CARTESIAN_POINT('',(2.2,11.85,2.7));
#5737=CARTESIAN_POINT('',(2.2,11.85,1.50000000000005));
#5738=CARTESIAN_POINT('',(2.2,11.85,2.7));
#5739=VECTOR('',#6738,1.0);
#5740=AXIS2_PLACEMENT_3D('',#6739,#6740,#6741);
#5741=CARTESIAN_POINT('',(2.8,11.85,1.50000000000005));
#5742=CARTESIAN_POINT('',(2.8,11.85,2.7));
#5743=VECTOR('',#6742,1.0);
#5744=AXIS2_PLACEMENT_3D('',#6743,#6744,#6745);
#5745=CARTESIAN_POINT('',(2.825,11.2,3.06000000000006));
#5746=CARTESIAN_POINT('',(2.175,11.2,3.06000000000006));
#5747=CARTESIAN_POINT('',(2.825,11.2,3.06000000000006));
#5748=VECTOR('',#6746,1.0);
#5749=CARTESIAN_POINT('',(2.825,11.55,2.71000000000006));
#5750=AXIS2_PLACEMENT_3D('',#6747,#6748,#6749);
#5751=CARTESIAN_POINT('',(2.825,11.55,2.71000000000006));
#5752=VECTOR('',#6750,1.0);
#5753=CARTESIAN_POINT('',(2.49134132428571,11.55,2.71000000000006));
#5754=CARTESIAN_POINT('',(2.50865867565063,11.5500000000071,2.70999999991302));
#5755=CARTESIAN_POINT('',(2.5129245435569,11.5500000000083,2.7149284941262));
#5756=CARTESIAN_POINT('',(2.51534660405663,11.5498795323144,2.72105327504272));
#5757=CARTESIAN_POINT('',(2.51934243313403,11.5492747927239,2.73334483217635));
#5758=CARTESIAN_POINT('',(2.52072001617258,11.5488033729724,2.73959119224712));
#5759=CARTESIAN_POINT('',(2.52384026110843,11.5468744484064,2.75833056656991));
#5760=CARTESIAN_POINT('',(2.52458471391167,11.5448907834308,2.77095321598482));
#5761=CARTESIAN_POINT('',(2.52401364177964,11.5394959234365,2.79606663119013));
#5762=CARTESIAN_POINT('',(2.52275493670766,11.5361395691794,2.80832009820501));
#5763=CARTESIAN_POINT('',(2.51832690973586,11.5302284367629,2.82613932354261));
#5764=CARTESIAN_POINT('',(2.51644985131968,11.528114628999,2.83195950434932));
#5765=CARTESIAN_POINT('',(2.51222979284766,11.5249639882041,2.84002591659639));
#5766=CARTESIAN_POINT('',(2.51056307934764,11.5238949430242,2.84265696716613));
#5767=CARTESIAN_POINT('',(2.50624909260042,11.5220379365375,2.84710351011196));
#5768=CARTESIAN_POINT('',(2.50333685899891,11.5211994152456,2.84903573845276));
#5769=CARTESIAN_POINT('',(2.4968123183154,11.5211752966674,2.84909144377647));
#5770=CARTESIAN_POINT('',(2.49390317615065,11.5219871896746,2.84722258097814));
#5771=CARTESIAN_POINT('',(2.48952504189594,11.5238430024461,2.84278364662682));
#5772=CARTESIAN_POINT('',(2.48786571228154,11.5248999409297,2.84018642275733));
#5773=CARTESIAN_POINT('',(2.48357638550944,11.5280810678448,2.83205211209886));
#5774=CARTESIAN_POINT('',(2.48168077163558,11.5302192403251,2.82616589734548));
#5775=CARTESIAN_POINT('',(2.47724398142613,11.536138903096,2.80832439866658));
#5776=CARTESIAN_POINT('',(2.4759957035856,11.5394801052745,2.79611539727803));
#5777=CARTESIAN_POINT('',(2.4754123711118,11.5448466599876,2.77118320538318));
#5778=CARTESIAN_POINT('',(2.47615350044532,11.5468725257558,2.75835729238972));
#5779=CARTESIAN_POINT('',(2.4792887934949,11.5488078494747,2.73954366865669));
#5780=CARTESIAN_POINT('',(2.48066603315969,11.5492766920761,2.73331383987194));
#5781=CARTESIAN_POINT('',(2.48465879927715,11.5498797298778,2.7210416202552));
#5782=CARTESIAN_POINT('',(2.48703610144889,11.550000000001,2.71497396224212));
#5783=CARTESIAN_POINT('',(2.49134132436638,11.55,2.70999999992918));
#5784=CARTESIAN_POINT('',(2.175,11.55,2.71000000000006));
#5785=CARTESIAN_POINT('',(2.825,11.55,2.71000000000006));
#5786=VECTOR('',#6751,1.0);
#5787=AXIS2_PLACEMENT_3D('',#6752,#6753,#6754);
#5788=CARTESIAN_POINT('',(0.0,11.55,1.50000000000005));
#5789=AXIS2_PLACEMENT_3D('',#6755,#6756,#6757);
#5790=AXIS2_PLACEMENT_3D('',#6758,#6759,#6760);
#5791=CARTESIAN_POINT('',(2.5,11.55,1.50000000000005));
#5792=AXIS2_PLACEMENT_3D('',#6761,#6762,#6763);
#5793=AXIS2_PLACEMENT_3D('',#6764,#6765,#6766);
#5794=CARTESIAN_POINT('',(-2.5,11.55,1.50000000000005));
#5795=AXIS2_PLACEMENT_3D('',#6767,#6768,#6769);
#5796=AXIS2_PLACEMENT_3D('',#6770,#6771,#6772);
#5797=CARTESIAN_POINT('',(-4.95,11.15,1.50000000000005));
#5798=CARTESIAN_POINT('',(-2.825,11.15,1.50000000000005));
#5799=CARTESIAN_POINT('',(4.95,11.15,1.50000000000005));
#5800=VECTOR('',#6773,1.0);
#5801=CARTESIAN_POINT('',(-2.825,11.3311963564735,1.50000000000005));
#5802=CARTESIAN_POINT('',(-2.825,11.15,1.50000000000005));
#5803=VECTOR('',#6774,1.0);
#5804=CARTESIAN_POINT('',(-2.175,11.3311963564735,1.50000000000005));
#5805=CARTESIAN_POINT('',(-2.175,11.3311963564735,1.50000000000005));
#5806=VECTOR('',#6775,1.0);
#5807=CARTESIAN_POINT('',(-2.175,11.15,1.50000000000005));
#5808=CARTESIAN_POINT('',(-2.175,11.15,1.50000000000005));
#5809=VECTOR('',#6776,1.0);
#5810=CARTESIAN_POINT('',(-0.325,11.15,1.50000000000005));
#5811=CARTESIAN_POINT('',(4.95,11.15,1.50000000000005));
#5812=VECTOR('',#6777,1.0);
#5813=CARTESIAN_POINT('',(-0.325,11.3311963564735,1.50000000000005));
#5814=CARTESIAN_POINT('',(-0.325,11.15,1.50000000000005));
#5815=VECTOR('',#6778,1.0);
#5816=CARTESIAN_POINT('',(0.325,11.3311963564735,1.50000000000005));
#5817=CARTESIAN_POINT('',(0.325,11.3311963564735,1.50000000000005));
#5818=VECTOR('',#6779,1.0);
#5819=CARTESIAN_POINT('',(0.325,11.15,1.50000000000005));
#5820=CARTESIAN_POINT('',(0.325,11.15,1.50000000000005));
#5821=VECTOR('',#6780,1.0);
#5822=CARTESIAN_POINT('',(2.175,11.15,1.50000000000005));
#5823=CARTESIAN_POINT('',(4.95,11.15,1.50000000000005));
#5824=VECTOR('',#6781,1.0);
#5825=CARTESIAN_POINT('',(2.175,11.3311963564735,1.50000000000005));
#5826=CARTESIAN_POINT('',(2.175,11.15,1.50000000000005));
#5827=VECTOR('',#6782,1.0);
#5828=CARTESIAN_POINT('',(2.825,11.3311963564735,1.50000000000005));
#5829=CARTESIAN_POINT('',(2.825,11.3311963564735,1.50000000000005));
#5830=VECTOR('',#6783,1.0);
#5831=CARTESIAN_POINT('',(2.825,11.15,1.50000000000005));
#5832=CARTESIAN_POINT('',(2.825,11.15,1.50000000000005));
#5833=VECTOR('',#6784,1.0);
#5834=CARTESIAN_POINT('',(4.95,11.15,1.50000000000005));
#5835=CARTESIAN_POINT('',(4.95,11.15,1.50000000000005));
#5836=VECTOR('',#6785,1.0);
#5837=CARTESIAN_POINT('',(4.95,12.7,1.50000000000005));
#5838=CARTESIAN_POINT('',(4.95,11.15,1.50000000000005));
#5839=VECTOR('',#6786,1.0);
#5840=CARTESIAN_POINT('',(-4.95,12.7,1.50000000000005));
#5841=CARTESIAN_POINT('',(4.95,12.7,1.50000000000005));
#5842=VECTOR('',#6787,1.0);
#5843=CARTESIAN_POINT('',(-4.95,11.15,1.50000000000005));
#5844=VECTOR('',#6788,1.0);
#5845=AXIS2_PLACEMENT_3D('',#6789,#6790,#6791);
#5846=AXIS2_PLACEMENT_3D('',#6792,#6793,#6794);
#5847=AXIS2_PLACEMENT_3D('',#6795,#6796,#6797);
#5848=CARTESIAN_POINT('',(-2.175,11.15,3.05641016151384));
#5849=CARTESIAN_POINT('',(-2.825,11.15,3.05641016151384));
#5850=CARTESIAN_POINT('',(-2.175,11.15,3.05641016151384));
#5851=VECTOR('',#6798,1.0);
#5852=CARTESIAN_POINT('',(-2.825,11.15,3.05641016151384));
#5853=VECTOR('',#6799,1.0);
#5854=CARTESIAN_POINT('',(-4.95,11.15,4.15000000000006));
#5855=CARTESIAN_POINT('',(-4.95,11.15,4.15000000000006));
#5856=VECTOR('',#6800,1.0);
#5857=CARTESIAN_POINT('',(4.95,11.15,4.15000000000006));
#5858=CARTESIAN_POINT('',(4.95,11.15,4.15000000000006));
#5859=VECTOR('',#6801,1.0);
#5860=CARTESIAN_POINT('',(4.95,11.15,4.15000000000006));
#5861=VECTOR('',#6802,1.0);
#5862=CARTESIAN_POINT('',(2.825,11.15,3.05641016151384));
#5863=CARTESIAN_POINT('',(2.825,11.15,3.05641016151384));
#5864=VECTOR('',#6803,1.0);
#5865=CARTESIAN_POINT('',(2.175,11.15,3.05641016151384));
#5866=CARTESIAN_POINT('',(2.825,11.15,3.05641016151384));
#5867=VECTOR('',#6804,1.0);
#5868=CARTESIAN_POINT('',(2.175,11.15,3.05641016151384));
#5869=VECTOR('',#6805,1.0);
#5870=CARTESIAN_POINT('',(0.325,11.15,3.05641016151384));
#5871=CARTESIAN_POINT('',(0.325,11.15,3.05641016151384));
#5872=VECTOR('',#6806,1.0);
#5873=CARTESIAN_POINT('',(-0.325,11.15,3.05641016151384));
#5874=CARTESIAN_POINT('',(0.325,11.15,3.05641016151384));
#5875=VECTOR('',#6807,1.0);
#5876=CARTESIAN_POINT('',(-0.325,11.15,3.05641016151384));
#5877=VECTOR('',#6808,1.0);
#5878=CARTESIAN_POINT('',(-2.175,11.15,3.05641016151384));
#5879=VECTOR('',#6809,1.0);
#5880=AXIS2_PLACEMENT_3D('',#6810,#6811,#6812);
#5881=CARTESIAN_POINT('',(-2.50865867569526,11.55,2.7100000000001));
#5882=CARTESIAN_POINT('',(-2.5028862252255,11.5498535232403,2.7091899729071));
#5883=CARTESIAN_POINT('',(-2.49711377475565,11.5498535232404,2.70918997290799));
#5884=CARTESIAN_POINT('',(-2.49134132428571,11.5500000000005,2.71000000000277));
#5885=AXIS2_PLACEMENT_3D('',#6813,#6814,#6815);
#5886=CARTESIAN_POINT('',(-0.00865867569526074,11.55,2.7100000000001));
#5887=CARTESIAN_POINT('',(-0.00288622522549889,11.5498535232403,2.7091899729071));
#5888=CARTESIAN_POINT('',(0.002886225244351,11.5498535232404,2.70918997290799));
#5889=CARTESIAN_POINT('',(0.00865867571428892,11.5500000000005,2.71000000000277));
#5890=AXIS2_PLACEMENT_3D('',#6816,#6817,#6818);
#5891=CARTESIAN_POINT('',(-1.975,12.7,5.65953534037433E-14));
#5892=CARTESIAN_POINT('',(-1.975,14.4,5.65953534037433E-14));
#5893=CARTESIAN_POINT('',(-1.975,12.7,5.65953534037433E-14));
#5894=VECTOR('',#6819,1.0);
#5895=CARTESIAN_POINT('',(-0.525,12.7,5.6621374255883E-14));
#5896=CARTESIAN_POINT('',(-0.525,12.7,-3.54716256367738E-14));
#5897=VECTOR('',#6820,1.0);
#5898=CARTESIAN_POINT('',(-0.525000000000002,14.4,5.65953534037433E-14));
#5899=CARTESIAN_POINT('',(-0.525000000000002,14.4,5.65953534037433E-14));
#5900=VECTOR('',#6821,1.0);
#5901=CARTESIAN_POINT('',(0.525000000000004,14.4,5.65953534037433E-14));
#5902=CARTESIAN_POINT('',(4.95,14.4,5.63785129692462E-14));
#5903=VECTOR('',#6822,1.0);
#5904=CARTESIAN_POINT('',(0.525,12.7,5.65953534037433E-14));
#5905=CARTESIAN_POINT('',(0.525,12.7,5.65953534037433E-14));
#5906=VECTOR('',#6823,1.0);
#5907=CARTESIAN_POINT('',(1.975,12.7,5.6621374255883E-14));
#5908=CARTESIAN_POINT('',(1.975,12.7,-3.54716256367738E-14));
#5909=VECTOR('',#6824,1.0);
#5910=CARTESIAN_POINT('',(1.975,14.4,5.65953534037433E-14));
#5911=CARTESIAN_POINT('',(1.975,14.4,5.65953534037433E-14));
#5912=VECTOR('',#6825,1.0);
#5913=CARTESIAN_POINT('',(3.025,14.4,5.63785129692462E-14));
#5914=CARTESIAN_POINT('',(4.95,14.4,5.63785129692462E-14));
#5915=VECTOR('',#6826,1.0);
#5916=CARTESIAN_POINT('',(3.025,12.7,6.50521303491303E-16));
#5917=CARTESIAN_POINT('',(3.025,12.7,6.50521303491303E-16));
#5918=VECTOR('',#6827,1.0);
#5919=CARTESIAN_POINT('',(3.25,12.7,5.6621374255883E-14));
#5920=CARTESIAN_POINT('',(3.25,12.7,6.50521303491303E-16));
#5921=VECTOR('',#6828,1.0);
#5922=CARTESIAN_POINT('',(3.25,10.5,5.6621374255883E-14));
#5923=CARTESIAN_POINT('',(3.25,10.5,6.50521303491303E-16));
#5924=VECTOR('',#6829,1.0);
#5925=CARTESIAN_POINT('',(4.25,10.5,5.6621374255883E-14));
#5926=CARTESIAN_POINT('',(4.25,10.5,6.50521303491303E-16));
#5927=VECTOR('',#6830,1.0);
#5928=CARTESIAN_POINT('',(4.25,14.4,5.63785129692462E-14));
#5929=CARTESIAN_POINT('',(4.25,14.4,6.50521303491303E-16));
#5930=VECTOR('',#6831,1.0);
#5931=CARTESIAN_POINT('',(4.95,14.4,5.64869331864948E-14));
#5932=CARTESIAN_POINT('',(4.95,14.4,5.63785129692462E-14));
#5933=VECTOR('',#6832,1.0);
#5934=CARTESIAN_POINT('',(4.95,7.0,5.6621374255883E-14));
#5935=CARTESIAN_POINT('',(4.95,14.4,5.6621374255883E-14));
#5936=VECTOR('',#6833,1.0);
#5937=CARTESIAN_POINT('',(-4.95,7.0,5.6621374255883E-14));
#5938=CARTESIAN_POINT('',(4.95,7.0,5.6621374255883E-14));
#5939=VECTOR('',#6834,1.0);
#5940=CARTESIAN_POINT('',(-4.95,14.4,5.63785129692462E-14));
#5941=CARTESIAN_POINT('',(-4.95,14.4,5.6621374255883E-14));
#5942=VECTOR('',#6835,1.0);
#5943=CARTESIAN_POINT('',(-4.25,14.4,5.63785129692462E-14));
#5944=CARTESIAN_POINT('',(4.95,14.4,5.63785129692462E-14));
#5945=VECTOR('',#6836,1.0);
#5946=CARTESIAN_POINT('',(-4.25,10.5,-5.44811591673966E-14));
#5947=CARTESIAN_POINT('',(-4.25,10.5,-5.44811591673966E-14));
#5948=VECTOR('',#6837,1.0);
#5949=CARTESIAN_POINT('',(-3.25,10.5,5.6621374255883E-14));
#5950=CARTESIAN_POINT('',(-3.25,10.5,-4.86806775445991E-14));
#5951=VECTOR('',#6838,1.0);
#5952=CARTESIAN_POINT('',(-3.25,12.7,5.6621374255883E-14));
#5953=CARTESIAN_POINT('',(-3.25,12.7,-4.93854089567147E-14));
#5954=VECTOR('',#6839,1.0);
#5955=CARTESIAN_POINT('',(-3.025,12.7,5.6621374255883E-14));
#5956=CARTESIAN_POINT('',(-3.025,12.7,-4.81927865669807E-14));
#5957=VECTOR('',#6840,1.0);
#5958=CARTESIAN_POINT('',(-3.025,14.4,5.63785129692462E-14));
#5959=CARTESIAN_POINT('',(-3.025,14.4,-4.81927865669807E-14));
#5960=VECTOR('',#6841,1.0);
#5961=CARTESIAN_POINT('',(4.95,14.4,5.63785129692462E-14));
#5962=VECTOR('',#6842,1.0);
#5963=AXIS2_PLACEMENT_3D('',#6843,#6844,#6845);
#5964=AXIS2_PLACEMENT_3D('',#6846,#6847,#6848);
#5965=CARTESIAN_POINT('',(2.49134132428571,11.5500000000005,2.71000000000277));
#5966=CARTESIAN_POINT('',(2.49711377475565,11.5498535232404,2.70918997290799));
#5967=CARTESIAN_POINT('',(2.5028862252255,11.5498535232403,2.7091899729071));
#5968=CARTESIAN_POINT('',(2.50865867569526,11.55,2.7100000000001));
#5969=CARTESIAN_POINT('',(2.825,11.3311963564735,1.50000000000005));
#5970=VECTOR('',#6849,1.0);
#5971=CARTESIAN_POINT('',(2.175,11.3311963564735,1.50000000000005));
#5972=VECTOR('',#6850,1.0);
#5973=AXIS2_PLACEMENT_3D('',#6851,#6852,#6853);
#5974=AXIS2_PLACEMENT_3D('',#6854,#6855,#6856);
#5975=CARTESIAN_POINT('',(-4.95,7.0,-0.299999999999944));
#5976=CARTESIAN_POINT('',(-4.95,7.0,5.6621374255883E-14));
#5977=VECTOR('',#6857,1.0);
#5978=CARTESIAN_POINT('',(-4.95,2.9,-0.3));
#5979=CARTESIAN_POINT('',(-4.95,14.4,-0.3));
#5980=VECTOR('',#6858,1.0);
#5981=CARTESIAN_POINT('',(-4.95,2.9,6.4));
#5982=CARTESIAN_POINT('',(-4.95,2.9,6.4));
#5983=VECTOR('',#6859,1.0);
#5984=CARTESIAN_POINT('',(-4.95,11.55,6.40000000000001));
#5985=CARTESIAN_POINT('',(-4.95,14.4,6.4));
#5986=VECTOR('',#6860,1.0);
#5987=CARTESIAN_POINT('',(-4.95,11.55,5.15000000000005));
#5988=CARTESIAN_POINT('',(-4.95,11.55,6.40000000000001));
#5989=VECTOR('',#6861,1.0);
#5990=CARTESIAN_POINT('',(-4.95,12.7,5.15000000000005));
#5991=CARTESIAN_POINT('',(-4.95,11.55,5.15000000000005));
#5992=VECTOR('',#6862,1.0);
#5993=CARTESIAN_POINT('',(-4.95,12.7,4.15000000000006));
#5994=CARTESIAN_POINT('',(-4.95,12.7,5.15000000000005));
#5995=VECTOR('',#6863,1.0);
#5996=CARTESIAN_POINT('',(-4.95,12.7,4.15000000000006));
#5997=VECTOR('',#6864,1.0);
#5998=CARTESIAN_POINT('',(-4.95,14.4,0.400000000000052));
#5999=CARTESIAN_POINT('',(-4.95,12.7,1.50000000000005));
#6000=VECTOR('',#6865,1.0);
#6001=CARTESIAN_POINT('',(-4.95,14.4,6.4));
#6002=VECTOR('',#6866,1.0);
#6003=CARTESIAN_POINT('',(-0.75,5.7,5.61));
#6004=CARTESIAN_POINT('',(-0.75,5.85,5.61));
#6005=CARTESIAN_POINT('',(-0.75,5.85,5.61));
#6006=VECTOR('',#6867,1.0);
#6007=CARTESIAN_POINT('',(-0.749999999999996,5.7,5.15));
#6008=CARTESIAN_POINT('',(-0.749999999999996,5.7,0.255000000000007));
#6009=VECTOR('',#6868,1.0);
#6010=CARTESIAN_POINT('',(-0.750000000000001,9.55,5.15));
#6011=CARTESIAN_POINT('',(-0.750000000000004,11.55,5.15));
#6012=VECTOR('',#6869,1.0);
#6013=CARTESIAN_POINT('',(-0.750000000000004,11.55,5.15));
#6014=CARTESIAN_POINT('',(-0.750000000000004,11.55,5.15));
#6015=VECTOR('',#6870,1.0);
#6016=CARTESIAN_POINT('',(-0.750000000000004,11.55,5.70000000000003));
#6017=CARTESIAN_POINT('',(-0.750000000000004,11.55,0.255000000000007));
#6018=VECTOR('',#6871,1.0);
#6019=CARTESIAN_POINT('',(-0.749999999999985,5.84999999999997,5.70000000000001));
#6020=CARTESIAN_POINT('',(-0.750000000000004,11.55,5.70000000000003));
#6021=VECTOR('',#6872,1.0);
#6022=CARTESIAN_POINT('',(-0.75,5.85,5.8));
#6023=VECTOR('',#6873,1.0);
#6024=CARTESIAN_POINT('',(0.75,5.85,5.61));
#6025=CARTESIAN_POINT('',(0.749999999999996,5.7,5.61));
#6026=CARTESIAN_POINT('',(0.75,4.2,5.61));
#6027=VECTOR('',#6874,1.0);
#6028=CARTESIAN_POINT('',(0.749999999999999,5.85,5.70000000000002));
#6029=CARTESIAN_POINT('',(0.75,5.85,5.8));
#6030=VECTOR('',#6875,1.0);
#6031=CARTESIAN_POINT('',(0.75,11.55,5.70000000000004));
#6032=CARTESIAN_POINT('',(0.749999999999996,5.7,5.70000000000004));
#6033=VECTOR('',#6876,1.0);
#6034=CARTESIAN_POINT('',(0.75,11.55,5.15));
#6035=CARTESIAN_POINT('',(0.75,11.55,0.255000000000014));
#6036=VECTOR('',#6877,1.0);
#6037=CARTESIAN_POINT('',(0.749999999999999,9.55,5.15));
#6038=CARTESIAN_POINT('',(0.749999999999996,5.7,5.15));
#6039=VECTOR('',#6878,1.0);
#6040=CARTESIAN_POINT('',(0.749999999999996,5.7,5.15));
#6041=CARTESIAN_POINT('',(0.749999999999996,5.7,5.15));
#6042=VECTOR('',#6879,1.0);
#6043=CARTESIAN_POINT('',(0.749999999999996,5.7,0.254999999999971));
#6044=VECTOR('',#6880,1.0);
#6045=CARTESIAN_POINT('',(-0.75,4.2,5.7));
#6046=CARTESIAN_POINT('',(-2.7,4.2,5.7));
#6047=CARTESIAN_POINT('',(2.7,4.2,5.7));
#6048=VECTOR('',#6881,1.0);
#6049=CARTESIAN_POINT('',(-0.750000000000004,11.55,5.70000000000003));
#6050=VECTOR('',#6882,1.0);
#6051=CARTESIAN_POINT('',(-2.7,11.55,5.69999999999999));
#6052=CARTESIAN_POINT('',(-2.7,11.55,5.69999999999999));
#6053=VECTOR('',#6883,1.0);
#6054=CARTESIAN_POINT('',(-2.7,7.9,5.69999999999999));
#6055=CARTESIAN_POINT('',(-2.7,116.75,5.69999999999999));
#6056=VECTOR('',#6884,1.0);
#6057=CARTESIAN_POINT('',(-1.7,7.9,5.70000000000002));
#6058=CARTESIAN_POINT('',(-2.7,7.9,5.70000000000002));
#6059=VECTOR('',#6885,1.0);
#6060=CARTESIAN_POINT('',(-1.7,6.99999999999998,5.70000000000002));
#6061=CARTESIAN_POINT('',(-1.7,5.98756443470001,5.70000000000002));
#6062=VECTOR('',#6886,1.0);
#6063=CARTESIAN_POINT('',(-2.3,7.00000000000001,5.70000000000002));
#6064=CARTESIAN_POINT('',(-2.3,7.00000000000001,5.70000000000002));
#6065=VECTOR('',#6887,1.0);
#6066=CARTESIAN_POINT('',(-2.3,5.9875644347,5.70000000000002));
#6067=CARTESIAN_POINT('',(-2.3,7.00000000000001,5.70000000000002));
#6068=VECTOR('',#6888,1.0);
#6069=CARTESIAN_POINT('',(-2.7,5.9875644347017,5.69999999999998));
#6070=CARTESIAN_POINT('',(-2.7,5.98756443470045,5.69999999999925));
#6071=VECTOR('',#6889,1.0);
#6072=CARTESIAN_POINT('',(-2.7,116.75,5.69999999999999));
#6073=VECTOR('',#6890,1.0);
#6074=CARTESIAN_POINT('',(0.75,4.2,5.7));
#6075=CARTESIAN_POINT('',(0.749999999999996,5.7,5.70000000000004));
#6076=VECTOR('',#6891,1.0);
#6077=CARTESIAN_POINT('',(2.7,4.2,5.7));
#6078=CARTESIAN_POINT('',(2.7,4.2,5.7));
#6079=VECTOR('',#6892,1.0);
#6080=CARTESIAN_POINT('',(2.7,5.98756443470045,5.69999999999925));
#6081=CARTESIAN_POINT('',(2.7,116.75,5.69999999999999));
#6082=VECTOR('',#6893,1.0);
#6083=CARTESIAN_POINT('',(2.3,5.9875644347,5.70000000000002));
#6084=CARTESIAN_POINT('',(2.7,5.98756443470045,5.69999999999925));
#6085=VECTOR('',#6894,1.0);
#6086=CARTESIAN_POINT('',(2.3,7.00000000000001,5.70000000000002));
#6087=CARTESIAN_POINT('',(2.3,7.00000000000001,5.70000000000002));
#6088=VECTOR('',#6895,1.0);
#6089=CARTESIAN_POINT('',(1.7,7.00000000000001,5.70000000000002));
#6090=CARTESIAN_POINT('',(2.3,7.00000000000001,5.70000000000002));
#6091=VECTOR('',#6896,1.0);
#6092=CARTESIAN_POINT('',(1.7,7.9,5.69999999999999));
#6093=CARTESIAN_POINT('',(1.7,5.98756443470001,5.70000000000002));
#6094=VECTOR('',#6897,1.0);
#6095=CARTESIAN_POINT('',(2.7,7.9,5.70000000000002));
#6096=CARTESIAN_POINT('',(2.7,7.9,5.70000000000002));
#6097=VECTOR('',#6898,1.0);
#6098=CARTESIAN_POINT('',(2.7,11.55,5.69999999999999));
#6099=CARTESIAN_POINT('',(2.7,116.75,5.69999999999999));
#6100=VECTOR('',#6899,1.0);
#6101=CARTESIAN_POINT('',(-2.7,11.55,5.69999999999999));
#6102=VECTOR('',#6900,1.0);
#6103=CARTESIAN_POINT('',(0.600000000000001,5.7,5.61));
#6104=CARTESIAN_POINT('',(-0.749999999999996,5.7,5.61));
#6105=VECTOR('',#6901,1.0);
#6106=CARTESIAN_POINT('',(-0.749999999999996,5.7,5.15));
#6107=VECTOR('',#6902,1.0);
#6108=CARTESIAN_POINT('',(-0.600000000000003,5.7,5.61));
#6109=CARTESIAN_POINT('',(-0.749999999999996,5.7,5.61));
#6110=VECTOR('',#6903,1.0);
#6111=CARTESIAN_POINT('',(-0.600000000000001,5.7,5.8));
#6112=CARTESIAN_POINT('',(-0.600000000000001,5.7,5.8));
#6113=VECTOR('',#6904,1.0);
#6114=CARTESIAN_POINT('',(0.600000000000001,5.7,5.8));
#6115=CARTESIAN_POINT('',(0.600000000000001,5.7,5.8));
#6116=VECTOR('',#6905,1.0);
#6117=CARTESIAN_POINT('',(0.600000000000001,5.7,5.8));
#6118=VECTOR('',#6906,1.0);
#6119=CARTESIAN_POINT('',(4.95,11.55,5.15000000000005));
#6120=CARTESIAN_POINT('',(4.95,11.55,5.15000000000005));
#6121=VECTOR('',#6907,1.0);
#6122=CARTESIAN_POINT('',(2.7,11.55,6.40000000000001));
#6123=CARTESIAN_POINT('',(2.7,11.55,5.69999999999999));
#6124=VECTOR('',#6908,1.0);
#6125=CARTESIAN_POINT('',(4.95,11.55,6.40000000000001));
#6126=CARTESIAN_POINT('',(4.95,11.55,6.40000000000001));
#6127=VECTOR('',#6909,1.0);
#6128=CARTESIAN_POINT('',(4.95,11.55,6.40000000000001));
#6129=VECTOR('',#6910,1.0);
#6130=CARTESIAN_POINT('',(3.2,9.55,5.15));
#6131=CARTESIAN_POINT('',(3.2,9.55,5.15));
#6132=VECTOR('',#6911,1.0);
#6133=CARTESIAN_POINT('',(3.2,2.9,5.15));
#6134=CARTESIAN_POINT('',(3.2,9.55,5.15));
#6135=VECTOR('',#6912,1.0);
#6136=CARTESIAN_POINT('',(2.7,2.9,5.15));
#6137=CARTESIAN_POINT('',(3.2,2.9,5.15));
#6138=VECTOR('',#6913,1.0);
#6139=CARTESIAN_POINT('',(2.7,4.2,5.15));
#6140=CARTESIAN_POINT('',(2.7,2.9,5.15));
#6141=VECTOR('',#6914,1.0);
#6142=CARTESIAN_POINT('',(-2.7,4.2,5.15));
#6143=CARTESIAN_POINT('',(2.7,4.2,5.15));
#6144=VECTOR('',#6915,1.0);
#6145=CARTESIAN_POINT('',(-2.7,2.9,5.15));
#6146=CARTESIAN_POINT('',(-2.7,4.2,5.15));
#6147=VECTOR('',#6916,1.0);
#6148=CARTESIAN_POINT('',(-3.2,2.9,5.15));
#6149=CARTESIAN_POINT('',(3.2,2.9,5.15));
#6150=VECTOR('',#6917,1.0);
#6151=CARTESIAN_POINT('',(-3.2,9.55,5.15));
#6152=CARTESIAN_POINT('',(-3.2,9.55,5.15));
#6153=VECTOR('',#6918,1.0);
#6154=CARTESIAN_POINT('',(3.2,9.55,5.15));
#6155=VECTOR('',#6919,1.0);
#6156=CARTESIAN_POINT('',(-2.3,7.20000000000001,6.40000000000002));
#6157=CARTESIAN_POINT('',(-2.3,5.98756443470045,5.69999999999924));
#6158=VECTOR('',#6920,1.0);
#6159=CARTESIAN_POINT('',(-2.7,7.19999999999997,6.4));
#6160=CARTESIAN_POINT('',(-2.7,7.20000000000001,6.40000000000002));
#6161=VECTOR('',#6921,1.0);
#6162=CARTESIAN_POINT('',(-2.7,7.20000000000001,6.40000000000002));
#6163=VECTOR('',#6922,1.0);
#6164=CARTESIAN_POINT('',(-2.3,7.70000000000001,6.40000000000002));
#6165=CARTESIAN_POINT('',(-2.3,7.20000000000001,6.40000000000002));
#6166=VECTOR('',#6923,1.0);
#6167=CARTESIAN_POINT('',(-1.7,7.70000000000001,6.40000000000002));
#6168=CARTESIAN_POINT('',(-2.3,7.70000000000001,6.40000000000002));
#6169=VECTOR('',#6924,1.0);
#6170=CARTESIAN_POINT('',(-1.7,7.90000000000001,6.40000000000002));
#6171=CARTESIAN_POINT('',(-1.7,7.90000000000001,6.40000000000002));
#6172=VECTOR('',#6925,1.0);
#6173=CARTESIAN_POINT('',(-2.7,7.9,6.4));
#6174=CARTESIAN_POINT('',(-2.7,7.90000000000001,6.40000000000002));
#6175=VECTOR('',#6926,1.0);
#6176=CARTESIAN_POINT('',(-2.7,11.55,6.40000000000001));
#6177=CARTESIAN_POINT('',(-2.7,116.75,6.4));
#6178=VECTOR('',#6927,1.0);
#6179=CARTESIAN_POINT('',(4.95,11.55,6.40000000000001));
#6180=VECTOR('',#6928,1.0);
#6181=CARTESIAN_POINT('',(-2.7,2.9,6.4));
#6182=CARTESIAN_POINT('',(4.95,2.9,6.4));
#6183=VECTOR('',#6929,1.0);
#6184=CARTESIAN_POINT('',(-2.7,116.75,6.4));
#6185=VECTOR('',#6930,1.0);
#6186=CARTESIAN_POINT('',(-2.7,2.9,6.4));
#6187=VECTOR('',#6931,1.0);
#6188=CARTESIAN_POINT('',(-2.7,4.2,0.254999999999971));
#6189=VECTOR('',#6932,1.0);
#6190=CARTESIAN_POINT('',(-2.7,7.9,5.70000000000002));
#6191=VECTOR('',#6933,1.0);
#6192=CARTESIAN_POINT('',(-2.7,11.55,6.4));
#6193=VECTOR('',#6934,1.0);
#6194=CARTESIAN_POINT('',(2.3,7.20000000000001,6.40000000000002));
#6195=CARTESIAN_POINT('',(2.3,5.98756443470045,5.69999999999924));
#6196=VECTOR('',#6935,1.0);
#6197=CARTESIAN_POINT('',(2.7,7.20000000000001,6.40000000000002));
#6198=CARTESIAN_POINT('',(2.7,7.20000000000001,6.40000000000002));
#6199=VECTOR('',#6936,1.0);
#6200=CARTESIAN_POINT('',(2.7,7.20000000000001,6.40000000000002));
#6201=VECTOR('',#6937,1.0);
#6202=CARTESIAN_POINT('',(2.7,2.9,6.4));
#6203=CARTESIAN_POINT('',(2.7,116.75,6.4));
#6204=VECTOR('',#6938,1.0);
#6205=CARTESIAN_POINT('',(2.7,4.2,0.254999999999971));
#6206=VECTOR('',#6939,1.0);
#6207=CARTESIAN_POINT('',(2.7,2.9,5.69999999999999));
#6208=VECTOR('',#6940,1.0);
#6209=CARTESIAN_POINT('',(2.3,7.70000000000001,6.40000000000002));
#6210=CARTESIAN_POINT('',(2.3,7.20000000000001,6.40000000000002));
#6211=VECTOR('',#6941,1.0);
#6212=CARTESIAN_POINT('',(4.95,2.9,6.4));
#6213=CARTESIAN_POINT('',(4.95,2.9,6.4));
#6214=VECTOR('',#6942,1.0);
#6215=CARTESIAN_POINT('',(4.95,14.4,6.4));
#6216=VECTOR('',#6943,1.0);
#6217=CARTESIAN_POINT('',(2.7,7.90000000000001,6.40000000000002));
#6218=CARTESIAN_POINT('',(2.7,116.75,6.4));
#6219=VECTOR('',#6944,1.0);
#6220=CARTESIAN_POINT('',(1.7,7.90000000000001,6.40000000000002));
#6221=CARTESIAN_POINT('',(2.7,7.90000000000001,6.40000000000002));
#6222=VECTOR('',#6945,1.0);
#6223=CARTESIAN_POINT('',(1.7,7.70000000000001,6.40000000000002));
#6224=CARTESIAN_POINT('',(1.7,7.90000000000001,6.40000000000002));
#6225=VECTOR('',#6946,1.0);
#6226=CARTESIAN_POINT('',(2.3,7.70000000000001,6.40000000000002));
#6227=VECTOR('',#6947,1.0);
#6228=CARTESIAN_POINT('',(4.95,14.4,0.400000000000052));
#6229=CARTESIAN_POINT('',(4.95,14.4,-0.3));
#6230=VECTOR('',#6948,1.0);
#6231=CARTESIAN_POINT('',(4.25,14.4,-0.299999999999999));
#6232=CARTESIAN_POINT('',(4.25,14.4,6.50521303491303E-16));
#6233=VECTOR('',#6949,1.0);
#6234=CARTESIAN_POINT('',(3.025,14.4,-0.299999999999999));
#6235=CARTESIAN_POINT('',(3.025,14.4,-0.299999999999999));
#6236=VECTOR('',#6950,1.0);
#6237=CARTESIAN_POINT('',(3.025,14.4,6.50521303491303E-16));
#6238=VECTOR('',#6951,1.0);
#6239=CARTESIAN_POINT('',(1.975,14.4,-0.299999999999943));
#6240=CARTESIAN_POINT('',(1.975,14.4,-0.299999999999943));
#6241=VECTOR('',#6952,1.0);
#6242=CARTESIAN_POINT('',(0.525000000000004,14.4,-0.299999999999943));
#6243=CARTESIAN_POINT('',(0.525000000000004,14.4,-0.299999999999943));
#6244=VECTOR('',#6953,1.0);
#6245=CARTESIAN_POINT('',(0.525000000000004,14.4,-0.299999999999943));
#6246=VECTOR('',#6954,1.0);
#6247=CARTESIAN_POINT('',(-0.525000000000002,14.4,-0.299999999999943));
#6248=CARTESIAN_POINT('',(-0.525000000000002,14.4,-0.299999999999943));
#6249=VECTOR('',#6955,1.0);
#6250=CARTESIAN_POINT('',(-1.975,14.4,-0.299999999999943));
#6251=CARTESIAN_POINT('',(-1.975,14.4,-0.299999999999943));
#6252=VECTOR('',#6956,1.0);
#6253=CARTESIAN_POINT('',(-1.975,14.4,-0.299999999999943));
#6254=VECTOR('',#6957,1.0);
#6255=CARTESIAN_POINT('',(-3.025,14.4,-0.300000000000049));
#6256=CARTESIAN_POINT('',(-3.025,14.4,-4.90059381963448E-14));
#6257=VECTOR('',#6958,1.0);
#6258=CARTESIAN_POINT('',(-4.25,14.4,-0.300000000000054));
#6259=CARTESIAN_POINT('',(-4.25,14.4,-0.300000000000055));
#6260=VECTOR('',#6959,1.0);
#6261=CARTESIAN_POINT('',(-4.25,14.4,-5.44811591673966E-14));
#6262=VECTOR('',#6960,1.0);
#6263=CARTESIAN_POINT('',(4.95,14.4,0.400000000000052));
#6264=VECTOR('',#6961,1.0);
#6265=CARTESIAN_POINT('',(2.7,7.9,5.70000000000002));
#6266=VECTOR('',#6962,1.0);
#6267=CARTESIAN_POINT('',(4.95,7.0,-0.299999999999944));
#6268=CARTESIAN_POINT('',(4.95,7.0,-0.299999999999944));
#6269=VECTOR('',#6963,1.0);
#6270=CARTESIAN_POINT('',(4.95,2.9,-0.3));
#6271=CARTESIAN_POINT('',(4.95,14.4,-0.3));
#6272=VECTOR('',#6964,1.0);
#6273=CARTESIAN_POINT('',(-4.95,2.9,-0.3));
#6274=VECTOR('',#6965,1.0);
#6275=CARTESIAN_POINT('',(4.95,7.0,5.6621374255883E-14));
#6276=VECTOR('',#6966,1.0);
#6277=CARTESIAN_POINT('',(4.95,12.7,1.50000000000005));
#6278=VECTOR('',#6967,1.0);
#6279=CARTESIAN_POINT('',(4.95,12.7,4.15000000000006));
#6280=CARTESIAN_POINT('',(4.95,12.7,4.15000000000006));
#6281=VECTOR('',#6968,1.0);
#6282=CARTESIAN_POINT('',(4.95,12.7,5.15000000000005));
#6283=CARTESIAN_POINT('',(4.95,12.7,5.15000000000005));
#6284=VECTOR('',#6969,1.0);
#6285=CARTESIAN_POINT('',(4.95,11.55,5.15000000000005));
#6286=VECTOR('',#6970,1.0);
#6287=CARTESIAN_POINT('',(4.95,2.9,-0.3));
#6288=VECTOR('',#6971,1.0);
#6289=CARTESIAN_POINT('',(3.2,2.9,5.9));
#6290=CARTESIAN_POINT('',(3.2,2.9,5.9));
#6291=VECTOR('',#6972,1.0);
#6292=CARTESIAN_POINT('',(4.1,2.9,5.9));
#6293=CARTESIAN_POINT('',(4.1,2.9,5.9));
#6294=VECTOR('',#6973,1.0);
#6295=CARTESIAN_POINT('',(4.1,2.9,0.699999999999995));
#6296=CARTESIAN_POINT('',(4.1,2.9,0.699999999999995));
#6297=VECTOR('',#6974,1.0);
#6298=CARTESIAN_POINT('',(-4.1,2.9,0.699999999999999));
#6299=CARTESIAN_POINT('',(-4.1,2.9,0.699999999999999));
#6300=VECTOR('',#6975,1.0);
#6301=CARTESIAN_POINT('',(-4.1,2.9,5.9));
#6302=CARTESIAN_POINT('',(-4.1,2.9,5.9));
#6303=VECTOR('',#6976,1.0);
#6304=CARTESIAN_POINT('',(-3.2,2.9,5.9));
#6305=CARTESIAN_POINT('',(-3.2,2.9,5.9));
#6306=VECTOR('',#6977,1.0);
#6307=CARTESIAN_POINT('',(-3.2,2.9,5.15));
#6308=VECTOR('',#6978,1.0);
#6309=CARTESIAN_POINT('',(-4.1,9.55,0.699999999999999));
#6310=CARTESIAN_POINT('',(-4.1,9.55,0.699999999999999));
#6311=VECTOR('',#6979,1.0);
#6312=CARTESIAN_POINT('',(-4.1,9.55,5.9));
#6313=CARTESIAN_POINT('',(-4.1,9.55,5.9));
#6314=VECTOR('',#6980,1.0);
#6315=CARTESIAN_POINT('',(-4.1,9.55,5.9));
#6316=VECTOR('',#6981,1.0);
#6317=CARTESIAN_POINT('',(4.1,9.55,0.699999999999995));
#6318=CARTESIAN_POINT('',(4.1,9.55,0.699999999999995));
#6319=VECTOR('',#6982,1.0);
#6320=CARTESIAN_POINT('',(-4.1,9.55,0.699999999999999));
#6321=VECTOR('',#6983,1.0);
#6322=CARTESIAN_POINT('',(4.1,9.55,5.9));
#6323=CARTESIAN_POINT('',(4.1,9.55,5.9));
#6324=VECTOR('',#6984,1.0);
#6325=CARTESIAN_POINT('',(4.1,9.55,0.699999999999995));
#6326=VECTOR('',#6985,1.0);
#6327=CARTESIAN_POINT('',(3.2,9.55,5.9));
#6328=CARTESIAN_POINT('',(3.2,9.55,5.9));
#6329=VECTOR('',#6986,1.0);
#6330=CARTESIAN_POINT('',(4.1,9.55,5.9));
#6331=VECTOR('',#6987,1.0);
#6332=CARTESIAN_POINT('',(3.2,9.55,5.9));
#6333=VECTOR('',#6988,1.0);
#6334=CARTESIAN_POINT('',(-3.2,9.55,5.9));
#6335=CARTESIAN_POINT('',(-3.2,9.55,5.9));
#6336=VECTOR('',#6989,1.0);
#6337=CARTESIAN_POINT('',(-3.2,9.55,5.15));
#6338=VECTOR('',#6990,1.0);
#6339=CARTESIAN_POINT('',(-3.2,9.55,5.9));
#6340=VECTOR('',#6991,1.0);
#6341=AXIS2_PLACEMENT_3D('',#6992,#6993,#6994);
#6342=AXIS2_PLACEMENT_3D('',#6995,#6996,#6997);
#6343=AXIS2_PLACEMENT_3D('',#6998,#6999,#7000);
#6344=CARTESIAN_POINT('',(3.2,9.55,5.15));
#6345=VECTOR('',#7001,1.0);
#6346=CARTESIAN_POINT('',(0.75,4.2,5.8));
#6347=CARTESIAN_POINT('',(0.75,4.2,5.8));
#6348=VECTOR('',#7002,1.0);
#6349=CARTESIAN_POINT('',(-0.75,4.2,5.8));
#6350=CARTESIAN_POINT('',(-0.75,4.2,5.8));
#6351=VECTOR('',#7003,1.0);
#6352=CARTESIAN_POINT('',(-0.75,4.2,5.8));
#6353=VECTOR('',#7004,1.0);
#6354=CARTESIAN_POINT('',(4.95,11.55,5.15000000000005));
#6355=VECTOR('',#7005,1.0);
#6356=CARTESIAN_POINT('',(4.95,12.7,5.15000000000005));
#6357=VECTOR('',#7006,1.0);
#6358=CARTESIAN_POINT('',(4.95,12.7,4.15000000000006));
#6359=VECTOR('',#7007,1.0);
#6360=CARTESIAN_POINT('',(1.7,7.9,5.70000000000002));
#6361=VECTOR('',#7008,1.0);
#6362=CARTESIAN_POINT('',(1.7,7.70000000000001,6.40000000000002));
#6363=VECTOR('',#7009,1.0);
#6364=CARTESIAN_POINT('',(2.3,7.70000000000001,6.40000000000002));
#6365=VECTOR('',#7010,1.0);
#6366=CARTESIAN_POINT('',(-1.7,7.9,5.70000000000002));
#6367=VECTOR('',#7011,1.0);
#6368=CARTESIAN_POINT('',(-1.7,7.70000000000001,6.40000000000002));
#6369=VECTOR('',#7012,1.0);
#6370=CARTESIAN_POINT('',(-2.3,7.70000000000001,6.40000000000002));
#6371=VECTOR('',#7013,1.0);
#6372=CARTESIAN_POINT('',(-0.75,5.85,5.8));
#6373=CARTESIAN_POINT('',(-0.75,5.85,5.8));
#6374=VECTOR('',#7014,1.0);
#6375=CARTESIAN_POINT('',(-0.75,5.85,5.8));
#6376=VECTOR('',#7015,1.0);
#6377=CARTESIAN_POINT('',(0.75,5.85,5.8));
#6378=CARTESIAN_POINT('',(0.75,5.85,5.8));
#6379=VECTOR('',#7016,1.0);
#6380=CARTESIAN_POINT('',(0.75,4.2,5.8));
#6381=VECTOR('',#7017,1.0);
#6382=CARTESIAN_POINT('',(0.75,5.85,5.61));
#6383=VECTOR('',#7018,1.0);
#6384=CARTESIAN_POINT('',(-0.600000000000001,5.7,5.61));
#6385=VECTOR('',#7019,1.0);
#6386=CARTESIAN_POINT('',(0.75,5.85,5.8));
#6387=VECTOR('',#7020,1.0);
#6388=CARTESIAN_POINT('',(-0.600000000000001,5.7,5.8));
#6389=VECTOR('',#7021,1.0);
#6390=CARTESIAN_POINT('',(-4.25,10.5,-0.300000000000054));
#6391=CARTESIAN_POINT('',(-4.25,10.5,-0.300000000000054));
#6392=VECTOR('',#7022,1.0);
#6393=CARTESIAN_POINT('',(-4.25,10.5,-5.44811591673966E-14));
#6394=VECTOR('',#7023,1.0);
#6395=CARTESIAN_POINT('',(-3.025,12.7,-0.300000000000048));
#6396=CARTESIAN_POINT('',(-3.025,14.4,-0.300000000000048));
#6397=VECTOR('',#7024,1.0);
#6398=CARTESIAN_POINT('',(-3.025,12.7,-4.81927865669807E-14));
#6399=VECTOR('',#7025,1.0);
#6400=CARTESIAN_POINT('',(-3.25,12.7,-0.300000000000049));
#6401=CARTESIAN_POINT('',(-3.025,12.7,-0.300000000000048));
#6402=VECTOR('',#7026,1.0);
#6403=CARTESIAN_POINT('',(-3.25,12.7,-4.93854089567147E-14));
#6404=VECTOR('',#7027,1.0);
#6405=CARTESIAN_POINT('',(-3.25,10.5,-0.300000000000049));
#6406=CARTESIAN_POINT('',(-3.25,12.7,-0.300000000000049));
#6407=VECTOR('',#7028,1.0);
#6408=CARTESIAN_POINT('',(-3.25,10.5,-4.93854089567147E-14));
#6409=VECTOR('',#7029,1.0);
#6410=CARTESIAN_POINT('',(-3.25,10.5,-0.300000000000049));
#6411=VECTOR('',#7030,1.0);
#6412=CARTESIAN_POINT('',(3.025,12.7,-0.299999999999999));
#6413=CARTESIAN_POINT('',(3.025,12.7,-0.299999999999999));
#6414=VECTOR('',#7031,1.0);
#6415=CARTESIAN_POINT('',(3.025,12.7,6.50521303491303E-16));
#6416=VECTOR('',#7032,1.0);
#6417=CARTESIAN_POINT('',(4.25,10.5,-0.299999999999999));
#6418=CARTESIAN_POINT('',(4.25,14.4,-0.299999999999999));
#6419=VECTOR('',#7033,1.0);
#6420=CARTESIAN_POINT('',(4.25,10.5,6.50521303491303E-16));
#6421=VECTOR('',#7034,1.0);
#6422=CARTESIAN_POINT('',(3.25,10.5,-0.299999999999999));
#6423=CARTESIAN_POINT('',(4.25,10.5,-0.299999999999999));
#6424=VECTOR('',#7035,1.0);
#6425=CARTESIAN_POINT('',(3.25,10.5,6.50521303491303E-16));
#6426=VECTOR('',#7036,1.0);
#6427=CARTESIAN_POINT('',(3.25,12.7,-0.299999999999999));
#6428=CARTESIAN_POINT('',(3.25,10.5,-0.299999999999999));
#6429=VECTOR('',#7037,1.0);
#6430=CARTESIAN_POINT('',(3.25,12.7,6.50521303491303E-16));
#6431=VECTOR('',#7038,1.0);
#6432=CARTESIAN_POINT('',(3.25,12.7,-0.299999999999999));
#6433=VECTOR('',#7039,1.0);
#6434=CARTESIAN_POINT('',(0.525,12.7,-0.299999999999943));
#6435=CARTESIAN_POINT('',(0.525,12.7,-0.299999999999943));
#6436=VECTOR('',#7040,1.0);
#6437=CARTESIAN_POINT('',(0.525,12.7,-0.299999999999943));
#6438=VECTOR('',#7041,1.0);
#6439=CARTESIAN_POINT('',(1.975,12.7,-0.299999999999943));
#6440=CARTESIAN_POINT('',(1.975,12.7,-0.299999999999943));
#6441=VECTOR('',#7042,1.0);
#6442=CARTESIAN_POINT('',(1.975,14.4,-0.299999999999943));
#6443=VECTOR('',#7043,1.0);
#6444=CARTESIAN_POINT('',(1.975,12.7,-0.300000000000035));
#6445=VECTOR('',#7044,1.0);
#6446=CARTESIAN_POINT('',(-1.975,12.7,-0.299999999999943));
#6447=CARTESIAN_POINT('',(-1.975,12.7,-0.299999999999943));
#6448=VECTOR('',#7045,1.0);
#6449=CARTESIAN_POINT('',(-1.975,12.7,-0.299999999999943));
#6450=VECTOR('',#7046,1.0);
#6451=CARTESIAN_POINT('',(-0.525,12.7,-0.299999999999943));
#6452=CARTESIAN_POINT('',(-0.525,12.7,-0.299999999999943));
#6453=VECTOR('',#7047,1.0);
#6454=CARTESIAN_POINT('',(-0.525000000000002,14.4,-0.299999999999943));
#6455=VECTOR('',#7048,1.0);
#6456=CARTESIAN_POINT('',(-0.525,12.7,-0.300000000000035));
#6457=VECTOR('',#7049,1.0);
#6458=AXIS2_PLACEMENT_3D('',#7050,#7051,#7052);
#6459=AXIS2_PLACEMENT_3D('',#7053,#7054,#7055);
#6460=AXIS2_PLACEMENT_3D('',#7056,#7057,#7058);
#6461=CARTESIAN_POINT('',(-0.300000000000001,11.85,-0.800000000000002));
#6462=CARTESIAN_POINT('',(-0.300000000000001,11.8361941945383,-0.800000000000002));
#6463=CARTESIAN_POINT('',(-0.299034939612993,11.8223902987593,-0.800000000000002));
#6464=CARTESIAN_POINT('',(-0.297130387954968,11.8087168572896,-0.800000000000002));
#6465=AXIS2_PLACEMENT_3D('',#7059,#7060,#7061);
#6466=CARTESIAN_POINT('',(-2.8,11.85,-0.800000000000002));
#6467=CARTESIAN_POINT('',(-2.8,11.8248511488496,-0.800000000000002));
#6468=CARTESIAN_POINT('',(-2.79679766109658,11.7997086345578,-0.800000000000002));
#6469=CARTESIAN_POINT('',(-2.79054753895051,11.7753494609019,-0.800000000000002));
#6470=CARTESIAN_POINT('',(2.35135076662134,11.8939335293507,-3.64679942669149));
#6471=CARTESIAN_POINT('',(2.35423904433697,11.9053413492368,-3.65095153356779));
#6472=CARTESIAN_POINT('',(2.35895837109141,11.9160008496541,-3.65483127443178));
#6473=CARTESIAN_POINT('',(2.36550874688465,11.9259120306028,-3.65843864928346));
#6474=CARTESIAN_POINT('',(2.37031308608555,11.9331813349393,-3.66108445968569));
#6475=CARTESIAN_POINT('',(2.37610242219663,11.9400480873239,-3.66358375315971));
#6476=CARTESIAN_POINT('',(2.38287675521789,11.9465122877566,-3.66593652970552));
#6477=CARTESIAN_POINT('',(2.38626392172852,11.949744387973,-3.66711291797842));
#6478=CARTESIAN_POINT('',(2.3898973374667,11.9528758502014,-3.66825267701928));
#6479=CARTESIAN_POINT('',(2.39377700243241,11.9559066744419,-3.66935580682808));
#6480=CARTESIAN_POINT('',(2.39571683491527,11.9574220865621,-3.66990737173248));
#6481=CARTESIAN_POINT('',(2.39771822970502,11.9589123391854,-3.67044977932887));
#6482=CARTESIAN_POINT('',(2.39978118680165,11.9603774323116,-3.67098302961724));
#6483=CARTESIAN_POINT('',(2.40081266534997,11.9611099788748,-3.67124965476143));
#6484=CARTESIAN_POINT('',(2.401859534475,11.9618362355637,-3.67151399057861));
#6485=CARTESIAN_POINT('',(2.40292179417676,11.9625562023783,-3.67177603706879));
#6486=CARTESIAN_POINT('',(2.40398405387852,11.9632761691929,-3.67203808355897));
#6487=CARTESIAN_POINT('',(2.40518611982466,11.9640703646553,-3.67232714706746));
#6488=CARTESIAN_POINT('',(2.4061547450122,11.9646972331994,-3.67255530855832));
#6489=CARTESIAN_POINT('',(2.43715075101341,11.9847570266123,-3.679856476266));
#6490=CARTESIAN_POINT('',(2.4729575207863,11.9935036045959,-3.68303997030366));
#6491=CARTESIAN_POINT('',(2.51292858900996,11.9909778175406,-3.68212065899743));
#6492=CARTESIAN_POINT('',(2.5329141231218,11.9897149240129,-3.68166100334432));
#6493=CARTESIAN_POINT('',(2.55134197198216,11.9855803324863,-3.68015613509781));
#6494=CARTESIAN_POINT('',(2.56821213559104,11.9785740429607,-3.67760605425789));
#6495=CARTESIAN_POINT('',(2.57664721739549,11.9750708981979,-3.67633101383793));
#6496=CARTESIAN_POINT('',(2.58469287788706,11.9708498289353,-3.67479467026962));
#6497=CARTESIAN_POINT('',(2.59234911706577,11.9659108351731,-3.67299702355296));
#6498=CARTESIAN_POINT('',(2.59617723665512,11.9634413382919,-3.67209820019463));
#6499=CARTESIAN_POINT('',(2.59990800091626,11.9607923602859,-3.67113405104921));
#6500=CARTESIAN_POINT('',(2.60354140984917,11.9579639011548,-3.67010457611671));
#6501=CARTESIAN_POINT('',(2.60535811431563,11.9565496715893,-3.66958983865046));
#6502=CARTESIAN_POINT('',(2.60715047995004,11.9550905717426,-3.66905876973743));
#6503=CARTESIAN_POINT('',(2.60891850675239,11.9535866016146,-3.66851136937763));
#6504=CARTESIAN_POINT('',(2.61068653355474,11.9520826314867,-3.66796396901784));
#6505=CARTESIAN_POINT('',(2.61231596189582,11.950639701383,-3.66743878540999));
#6506=CARTESIAN_POINT('',(2.61414957066328,11.948940080387,-3.66682017395793));
#6507=CARTESIAN_POINT('',(2.64348731094259,11.9217461444513,-3.65692239072499));
#6508=CARTESIAN_POINT('',(2.65580754166876,11.8896275331951,-3.64523217226199));
#6509=CARTESIAN_POINT('',(2.65111026284177,11.8525842466184,-3.63174951856894));
#6510=CARTESIAN_POINT('',(0.146891718461414,11.8721017174945,-3.6409630741437));
#6511=CARTESIAN_POINT('',(0.152571937486139,11.854185365972,-3.64748409280456));
#6512=CARTESIAN_POINT('',(0.153808903945413,11.8368719502274,-3.65378566078907));
#6513=CARTESIAN_POINT('',(0.150602617839238,11.8201614702608,-3.65986777809721));
#6514=CARTESIAN_POINT('',(0.14899947478615,11.8118062302775,-3.66290883675129));
#6515=CARTESIAN_POINT('',(0.1462855185917,11.8036017242387,-3.66589503273627));
#6516=CARTESIAN_POINT('',(0.142460749255887,11.7955479521443,-3.66882636605217));
#6517=CARTESIAN_POINT('',(0.140548364587981,11.7915210660972,-3.67029203271012));
#6518=CARTESIAN_POINT('',(0.138358276634734,11.7875318635361,-3.67174398370079));
#6519=CARTESIAN_POINT('',(0.135890485396147,11.7835803444612,-3.6731822190242));
#6520=CARTESIAN_POINT('',(0.134656589776853,11.7816045849238,-3.6739013366859));
#6521=CARTESIAN_POINT('',(0.133353268336224,11.7796382462579,-3.67461702543078));
#6522=CARTESIAN_POINT('',(0.13198052107426,11.7776813284635,-3.67532928525885));
#6523=CARTESIAN_POINT('',(0.130607773812296,11.7757244106691,-3.67604154508691));
#6524=CARTESIAN_POINT('',(0.129043541601737,11.7736204172903,-3.67680733604989));
#6525=CARTESIAN_POINT('',(0.127654001824362,11.7718388376949,-3.67745577799259));
#6526=CARTESIAN_POINT('',(0.116537683605364,11.7575862009318,-3.68264331353416));
#6527=CARTESIAN_POINT('',(0.103192168051767,11.7459664591757,-3.68687255366322));
#6528=CARTESIAN_POINT('',(0.0876174551635711,11.7369796124268,-3.69014349837975));
#6529=CARTESIAN_POINT('',(0.0798300987194732,11.7324861890523,-3.69177897073802));
#6530=CARTESIAN_POINT('',(0.0714854429417257,11.7286509894296,-3.69317486924315));
#6531=CARTESIAN_POINT('',(0.0625834878303284,11.7254740135586,-3.69433119389516));
#6532=CARTESIAN_POINT('',(0.0581325102746297,11.7238855256232,-3.69490935622116));
#6533=CARTESIAN_POINT('',(0.0535422078855186,11.7224615936256,-3.69542762508389));
#6534=CARTESIAN_POINT('',(0.0488125806629951,11.7212022175661,-3.69588600048332));
#6535=CARTESIAN_POINT('',(0.0440829534404716,11.7199428415065,-3.69634437588276));
#6536=CARTESIAN_POINT('',(0.0390856153728278,11.7188241742791,-3.69675153745557));
#6537=CARTESIAN_POINT('',(0.0342057244951874,11.7179177572011,-3.69708144629179));
#6538=CARTESIAN_POINT('',(0.0146861609846257,11.7142920888891,-3.69840108163669));
#6539=CARTESIAN_POINT('',(-0.00421259818811885,11.71359379611,-3.69865523942306));
#6540=CARTESIAN_POINT('',(-0.0224905530230463,11.715822878864,-3.69784391965092));
#6541=CARTESIAN_POINT('',(-0.03162953044051,11.7169374202409,-3.69743825976485));
#6542=CARTESIAN_POINT('',(-0.0406133067735193,11.7187838055011,-3.69676623048914));
#6543=CARTESIAN_POINT('',(-0.0494418820220745,11.7213620346446,-3.69582783182381));
#6544=CARTESIAN_POINT('',(-0.053856169646352,11.7226511492163,-3.69535863249115));
#6545=CARTESIAN_POINT('',(-0.0582316569995161,11.7241232247588,-3.69482284081107));
#6546=CARTESIAN_POINT('',(-0.0625683440815665,11.7257782612722,-3.69422045678359));
#6547=CARTESIAN_POINT('',(-0.0647366876225917,11.7266057795288,-3.69391926476985));
#6548=CARTESIAN_POINT('',(-0.0668953310958385,11.7274790380282,-3.69360142466926));
#6549=CARTESIAN_POINT('',(-0.069044274501307,11.7283980367703,-3.69326693648182));
#6550=CARTESIAN_POINT('',(-0.0701187462040412,11.7288575361413,-3.6930996923881));
#6551=CARTESIAN_POINT('',(-0.0711907928898308,11.729328470573,-3.69292828627266));
#6552=CARTESIAN_POINT('',(-0.0722604145586758,11.7298108400654,-3.69275271813551));
#6553=CARTESIAN_POINT('',(-0.0733300362275208,11.7302932095578,-3.69257714999837));
#6554=CARTESIAN_POINT('',(-0.0742846225164968,11.7307335799149,-3.69241686829635));
#6555=CARTESIAN_POINT('',(-0.075462004514377,11.7312922537246,-3.69221352765893));
#6556=CARTESIAN_POINT('',(-0.094300116480461,11.7402310346809,-3.68896007746021));
#6557=CARTESIAN_POINT('',(-0.109732110852372,11.7511639662365,-3.68498081580071));
#6558=CARTESIAN_POINT('',(-0.121757987630111,11.7640910483914,-3.68027574268044));
#6559=CARTESIAN_POINT('',(-0.12777092601898,11.7705545894688,-3.6779232061203));
#6560=CARTESIAN_POINT('',(-0.132932335009307,11.777516668196,-3.67538921669496));
#6561=CARTESIAN_POINT('',(-0.137242214601089,11.7849772845731,-3.67267377440443));
#6562=CARTESIAN_POINT('',(-0.139397154396981,11.7887075927616,-3.67131605325917));
#6563=CARTESIAN_POINT('',(-0.141339211843237,11.7925625353626,-3.6699129688976));
#6564=CARTESIAN_POINT('',(-0.143068386939857,11.796542112376,-3.66846452131974));
#6565=CARTESIAN_POINT('',(-0.144797562036477,11.8005216893895,-3.66701607374188));
#6566=CARTESIAN_POINT('',(-0.146266422305572,11.804472008659,-3.66557827511194));
#6567=CARTESIAN_POINT('',(-0.147617265180809,11.8088547466537,-3.66398308893726));
#6568=CARTESIAN_POINT('',(-2.79055210845388,11.9609199240995,-3.16994584265073));
#6569=CARTESIAN_POINT('',(-2.79671183279274,11.9822754679311,-3.17734687766686));
#6570=CARTESIAN_POINT('',(-2.79989590718994,12.0048549081888,-3.18528463843));
#6571=CARTESIAN_POINT('',(-2.79991490592565,12.0274666816565,-3.1933505871549));
#6572=CARTESIAN_POINT('',(-2.35156836724841,11.8941936946213,-3.64689411910594));
#6573=CARTESIAN_POINT('',(-2.35614785455942,11.9113863848948,-3.6531517466124));
#6574=CARTESIAN_POINT('',(-2.36568481708194,11.9270932281967,-3.65886857004859));
#6575=CARTESIAN_POINT('',(-2.38984985847521,11.9543242273411,-3.66877984318589));
#6576=CARTESIAN_POINT('',(-2.40506568978102,11.9652032005575,-3.67273946561448));
#6577=CARTESIAN_POINT('',(-2.4384132955329,11.9819173040649,-3.67882290178686));
#6578=CARTESIAN_POINT('',(-2.45634494461926,11.9874592266643,-3.68083999665119));
#6579=CARTESIAN_POINT('',(-2.49390425762946,11.9921829153231,-3.68255927872038));
#6580=CARTESIAN_POINT('',(-2.51271953396522,11.991933229405,-3.68246840047653));
#6581=CARTESIAN_POINT('',(-2.55005017043193,11.9857812746004,-3.68022927204716));
#6582=CARTESIAN_POINT('',(-2.56738455216142,11.9796285424375,-3.67798986068097));
#6583=CARTESIAN_POINT('',(-2.60013480603888,11.9617389360415,-3.67147857644727));
#6584=CARTESIAN_POINT('',(-2.61449309999717,11.9504579896497,-3.66737264774775));
#6585=CARTESIAN_POINT('',(-2.63750024759654,11.9221035023444,-3.65705245836116));
#6586=CARTESIAN_POINT('',(-2.64574652956859,11.9059885866672,-3.65118710872706));
#6587=CARTESIAN_POINT('',(-2.65337418883457,11.8712309493378,-3.63853636332581));
#6588=CARTESIAN_POINT('',(-2.65260228088287,11.8531792068838,-3.63196606639533));
#6589=CARTESIAN_POINT('',(-2.64771353774608,11.8361568549959,-3.62577043699168));
#6590=CARTESIAN_POINT('',(0.325,11.3311963564735,1.50000000000005));
#6591=VECTOR('',#7062,1.0);
#6592=CARTESIAN_POINT('',(-0.325,11.3311963564735,1.50000000000005));
#6593=VECTOR('',#7063,1.0);
#6594=AXIS2_PLACEMENT_3D('',#7064,#7065,#7066);
#6595=AXIS2_PLACEMENT_3D('',#7067,#7068,#7069);
#6596=CARTESIAN_POINT('',(-2.175,11.3311963564735,1.50000000000005));
#6597=VECTOR('',#7070,1.0);
#6598=CARTESIAN_POINT('',(-2.825,11.3311963564735,1.50000000000005));
#6599=VECTOR('',#7071,1.0);
#6600=AXIS2_PLACEMENT_3D('',#7072,#7073,#7074);
#6601=AXIS2_PLACEMENT_3D('',#7075,#7076,#7077);
#6602=CARTESIAN_POINT('',(2.5,11.15,2.7));
#6603=DIRECTION('',(-1.0,0.0,0.0));
#6604=DIRECTION('',(0.0,-0.0,1.0));
#6605=CARTESIAN_POINT('',(2.5,11.15,3.4));
#6606=DIRECTION('',(0.0,-1.0,0.0));
#6607=DIRECTION('',(0.0,0.0,1.0));
#6608=CARTESIAN_POINT('',(2.5,11.15,2.7));
#6609=DIRECTION('',(1.0,0.0,-0.0));
#6610=DIRECTION('',(0.0,0.0,1.0));
#6611=CARTESIAN_POINT('',(2.5,11.15,2.7));
#6612=DIRECTION('',(1.0,0.0,-0.0));
#6613=DIRECTION('',(0.0,0.0,1.0));
#6614=CARTESIAN_POINT('',(2.5,11.85,2.7));
#6615=DIRECTION('',(0.0,-5.0532154980743E-16,1.0));
#6616=DIRECTION('',(1.0,0.0,0.0));
#6617=CARTESIAN_POINT('',(2.5,11.85,2.7));
#6618=DIRECTION('',(0.0,-5.0532154980743E-16,1.0));
#6619=DIRECTION('',(1.0,0.0,0.0));
#6620=CARTESIAN_POINT('',(-3.67381906146714E-17,11.15,2.7));
#6621=DIRECTION('',(-1.0,0.0,0.0));
#6622=DIRECTION('',(0.0,-0.0,1.0));
#6623=CARTESIAN_POINT('',(0.0,11.15,3.4));
#6624=DIRECTION('',(0.0,1.0,0.0));
#6625=DIRECTION('',(0.0,0.0,1.0));
#6626=CARTESIAN_POINT('',(-3.67381906146714E-17,11.15,2.7));
#6627=DIRECTION('',(1.0,0.0,-0.0));
#6628=DIRECTION('',(0.0,0.0,1.0));
#6629=CARTESIAN_POINT('',(-3.67381906146714E-17,11.15,2.7));
#6630=DIRECTION('',(1.0,0.0,-0.0));
#6631=DIRECTION('',(0.0,0.0,1.0));
#6632=CARTESIAN_POINT('',(0.0,11.85,2.7));
#6633=DIRECTION('',(0.0,-5.0532154980743E-16,1.0));
#6634=DIRECTION('',(1.0,0.0,0.0));
#6635=CARTESIAN_POINT('',(0.0,11.85,2.7));
#6636=DIRECTION('',(0.0,-5.0532154980743E-16,1.0));
#6637=DIRECTION('',(1.0,0.0,0.0));
#6638=CARTESIAN_POINT('',(-2.5,11.15,2.7));
#6639=DIRECTION('',(-1.0,0.0,0.0));
#6640=DIRECTION('',(0.0,-0.0,1.0));
#6641=CARTESIAN_POINT('',(-2.5,11.15,3.4));
#6642=DIRECTION('',(0.0,1.0,0.0));
#6643=DIRECTION('',(0.0,0.0,1.0));
#6644=CARTESIAN_POINT('',(-2.5,11.15,2.7));
#6645=DIRECTION('',(1.0,0.0,-0.0));
#6646=DIRECTION('',(0.0,0.0,1.0));
#6647=CARTESIAN_POINT('',(-2.5,11.15,2.7));
#6648=DIRECTION('',(1.0,0.0,-0.0));
#6649=DIRECTION('',(0.0,0.0,1.0));
#6650=CARTESIAN_POINT('',(-2.5,11.85,2.7));
#6651=DIRECTION('',(0.0,-5.0532154980743E-16,1.0));
#6652=DIRECTION('',(1.0,0.0,0.0));
#6653=CARTESIAN_POINT('',(-2.5,11.85,2.7));
#6654=DIRECTION('',(0.0,-5.0532154980743E-16,1.0));
#6655=DIRECTION('',(1.0,0.0,0.0));
#6656=DIRECTION('',(-1.0,0.0,-0.0));
#6657=CARTESIAN_POINT('',(-2.175,11.2,2.71000000000006));
#6658=DIRECTION('',(1.0,0.0,0.0));
#6659=DIRECTION('',(0.0,0.0,-1.0));
#6660=DIRECTION('',(-1.0,0.0,0.0));
#6661=DIRECTION('',(-1.0,0.0,0.0));
#6662=CARTESIAN_POINT('',(-2.825,11.2,2.71000000000006));
#6663=DIRECTION('',(1.0,0.0,0.0));
#6664=DIRECTION('',(0.0,0.0,-1.0));
#6665=DIRECTION('',(-1.0,0.0,-0.0));
#6666=CARTESIAN_POINT('',(0.325,11.2,2.71000000000006));
#6667=DIRECTION('',(1.0,0.0,0.0));
#6668=DIRECTION('',(0.0,0.0,-1.0));
#6669=DIRECTION('',(-1.0,0.0,0.0));
#6670=DIRECTION('',(-1.0,0.0,0.0));
#6671=CARTESIAN_POINT('',(-0.325,11.2,2.71000000000006));
#6672=DIRECTION('',(1.0,0.0,0.0));
#6673=DIRECTION('',(0.0,0.0,-1.0));
#6674=DIRECTION('',(-0.0,0.0,-1.0));
#6675=CARTESIAN_POINT('',(-2.5,11.85,5.68121938382404E-14));
#6676=DIRECTION('',(0.0,0.0,1.0));
#6677=DIRECTION('',(-1.0,0.0,0.0));
#6678=DIRECTION('',(0.0,-0.0,1.0));
#6679=DIRECTION('',(-0.0,0.0,-1.0));
#6680=CARTESIAN_POINT('',(-2.5,11.85,2.7));
#6681=DIRECTION('',(0.0,-5.0532154980743E-16,1.0));
#6682=DIRECTION('',(1.0,0.0,0.0));
#6683=DIRECTION('',(0.0,-0.0,1.0));
#6684=CARTESIAN_POINT('',(-2.5,11.85,1.50000000000005));
#6685=DIRECTION('',(0.0,7.2280144832367E-16,-1.0));
#6686=DIRECTION('',(0.0,-1.0,-7.2280144832367E-16));
#6687=DIRECTION('',(0.0,-1.0,-0.0));
#6688=CARTESIAN_POINT('',(-2.5,9.55,3.4));
#6689=DIRECTION('',(0.0,-1.0,0.0));
#6690=DIRECTION('',(0.0,0.0,-1.0));
#6691=DIRECTION('',(-0.0,1.0,0.0));
#6692=CARTESIAN_POINT('',(-2.5,5.55,3.4));
#6693=DIRECTION('',(0.0,-1.0,0.0));
#6694=DIRECTION('',(1.0,0.0,0.0));
#6695=CARTESIAN_POINT('',(-2.5,5.55,3.4));
#6696=DIRECTION('',(0.0,-1.0,0.0));
#6697=DIRECTION('',(1.0,0.0,0.0));
#6698=DIRECTION('',(-0.0,0.0,-1.0));
#6699=CARTESIAN_POINT('',(0.0,11.85,5.68121938382404E-14));
#6700=DIRECTION('',(0.0,0.0,1.0));
#6701=DIRECTION('',(-1.0,0.0,0.0));
#6702=DIRECTION('',(0.0,-0.0,1.0));
#6703=DIRECTION('',(-0.0,0.0,-1.0));
#6704=CARTESIAN_POINT('',(0.0,11.85,2.7));
#6705=DIRECTION('',(0.0,-5.0532154980743E-16,1.0));
#6706=DIRECTION('',(1.0,0.0,0.0));
#6707=DIRECTION('',(0.0,-0.0,1.0));
#6708=CARTESIAN_POINT('',(0.0,11.85,1.50000000000005));
#6709=DIRECTION('',(0.0,7.2280144832367E-16,-1.0));
#6710=DIRECTION('',(0.0,-1.0,-7.2280144832367E-16));
#6711=DIRECTION('',(0.0,-1.0,-0.0));
#6712=CARTESIAN_POINT('',(0.0,9.55,3.4));
#6713=DIRECTION('',(0.0,-1.0,0.0));
#6714=DIRECTION('',(0.0,0.0,-1.0));
#6715=DIRECTION('',(0.0,1.0,0.0));
#6716=CARTESIAN_POINT('',(0.0,5.55,3.4));
#6717=DIRECTION('',(0.0,-1.0,0.0));
#6718=DIRECTION('',(1.0,0.0,0.0));
#6719=CARTESIAN_POINT('',(0.0,5.55,3.4));
#6720=DIRECTION('',(0.0,-1.0,0.0));
#6721=DIRECTION('',(1.0,0.0,0.0));
#6722=DIRECTION('',(0.0,-1.0,-0.0));
#6723=CARTESIAN_POINT('',(2.5,9.55,3.4));
#6724=DIRECTION('',(0.0,1.0,0.0));
#6725=DIRECTION('',(0.0,0.0,-1.0));
#6726=DIRECTION('',(-0.0,1.0,0.0));
#6727=CARTESIAN_POINT('',(2.5,5.55,3.4));
#6728=DIRECTION('',(0.0,-1.0,0.0));
#6729=DIRECTION('',(1.0,0.0,0.0));
#6730=CARTESIAN_POINT('',(2.5,5.55,3.4));
#6731=DIRECTION('',(0.0,-1.0,0.0));
#6732=DIRECTION('',(1.0,0.0,0.0));
#6733=DIRECTION('',(-0.0,0.0,-1.0));
#6734=CARTESIAN_POINT('',(2.5,11.85,5.68121938382404E-14));
#6735=DIRECTION('',(0.0,0.0,1.0));
#6736=DIRECTION('',(-1.0,0.0,0.0));
#6737=DIRECTION('',(0.0,-0.0,1.0));
#6738=DIRECTION('',(-0.0,0.0,-1.0));
#6739=CARTESIAN_POINT('',(2.5,11.85,2.7));
#6740=DIRECTION('',(0.0,-5.0532154980743E-16,1.0));
#6741=DIRECTION('',(1.0,0.0,0.0));
#6742=DIRECTION('',(0.0,-0.0,1.0));
#6743=CARTESIAN_POINT('',(2.5,11.85,1.50000000000005));
#6744=DIRECTION('',(0.0,-7.2280144832367E-16,1.0));
#6745=DIRECTION('',(0.0,-1.0,-7.2280144832367E-16));
#6746=DIRECTION('',(-1.0,0.0,-0.0));
#6747=CARTESIAN_POINT('',(2.825,11.2,2.71000000000006));
#6748=DIRECTION('',(1.0,0.0,0.0));
#6749=DIRECTION('',(0.0,0.0,-1.0));
#6750=DIRECTION('',(-1.0,0.0,0.0));
#6751=DIRECTION('',(-1.0,0.0,0.0));
#6752=CARTESIAN_POINT('',(2.175,11.2,2.71000000000006));
#6753=DIRECTION('',(1.0,0.0,0.0));
#6754=DIRECTION('',(0.0,0.0,-1.0));
#6755=CARTESIAN_POINT('',(0.0,11.85,1.50000000000005));
#6756=DIRECTION('',(0.0,7.2280144832367E-16,-1.0));
#6757=DIRECTION('',(0.0,-1.0,-7.2280144832367E-16));
#6758=CARTESIAN_POINT('',(0.0,11.85,1.50000000000005));
#6759=DIRECTION('',(0.0,7.2280144832367E-16,-1.0));
#6760=DIRECTION('',(0.0,-1.0,-7.2280144832367E-16));
#6761=CARTESIAN_POINT('',(2.5,11.85,1.50000000000005));
#6762=DIRECTION('',(0.0,-7.2280144832367E-16,1.0));
#6763=DIRECTION('',(0.0,-1.0,-7.2280144832367E-16));
#6764=CARTESIAN_POINT('',(2.5,11.85,1.50000000000005));
#6765=DIRECTION('',(0.0,-7.2280144832367E-16,1.0));
#6766=DIRECTION('',(0.0,-1.0,-7.2280144832367E-16));
#6767=CARTESIAN_POINT('',(-2.5,11.85,1.50000000000005));
#6768=DIRECTION('',(0.0,7.2280144832367E-16,-1.0));
#6769=DIRECTION('',(0.0,-1.0,-7.2280144832367E-16));
#6770=CARTESIAN_POINT('',(-2.5,11.85,1.50000000000005));
#6771=DIRECTION('',(0.0,7.2280144832367E-16,-1.0));
#6772=DIRECTION('',(0.0,-1.0,-7.2280144832367E-16));
#6773=DIRECTION('',(1.0,0.0,0.0));
#6774=DIRECTION('',(0.0,1.0,2.63277344632107E-14));
#6775=DIRECTION('',(-1.0,0.0,0.0));
#6776=DIRECTION('',(0.0,1.0,2.63277344632107E-14));
#6777=DIRECTION('',(1.0,0.0,0.0));
#6778=DIRECTION('',(0.0,1.0,2.63277344632107E-14));
#6779=DIRECTION('',(-1.0,0.0,0.0));
#6780=DIRECTION('',(0.0,1.0,2.63277344632107E-14));
#6781=DIRECTION('',(1.0,0.0,0.0));
#6782=DIRECTION('',(0.0,1.0,2.63277344632107E-14));
#6783=DIRECTION('',(-1.0,0.0,0.0));
#6784=DIRECTION('',(0.0,1.0,2.63277344632107E-14));
#6785=DIRECTION('',(1.0,0.0,0.0));
#6786=DIRECTION('',(0.0,1.0,8.39382327085551E-16));
#6787=DIRECTION('',(1.0,0.0,0.0));
#6788=DIRECTION('',(0.0,1.0,8.39382327085551E-16));
#6789=CARTESIAN_POINT('',(-2.5,11.15,3.4));
#6790=DIRECTION('',(0.0,1.0,0.0));
#6791=DIRECTION('',(0.0,0.0,1.0));
#6792=CARTESIAN_POINT('',(0.0,11.15,3.4));
#6793=DIRECTION('',(0.0,1.0,0.0));
#6794=DIRECTION('',(0.0,0.0,1.0));
#6795=CARTESIAN_POINT('',(2.5,11.15,3.4));
#6796=DIRECTION('',(0.0,-1.0,0.0));
#6797=DIRECTION('',(0.0,0.0,1.0));
#6798=DIRECTION('',(-1.0,0.0,0.0));
#6799=DIRECTION('',(0.0,-8.91653636745514E-15,-1.0));
#6800=DIRECTION('',(0.0,0.0,-1.0));
#6801=DIRECTION('',(1.0,0.0,0.0));
#6802=DIRECTION('',(0.0,0.0,-1.0));
#6803=DIRECTION('',(0.0,-8.91653636745514E-15,-1.0));
#6804=DIRECTION('',(-1.0,0.0,0.0));
#6805=DIRECTION('',(0.0,-8.91653636745514E-15,-1.0));
#6806=DIRECTION('',(0.0,-8.91653636745514E-15,-1.0));
#6807=DIRECTION('',(-1.0,0.0,0.0));
#6808=DIRECTION('',(0.0,-8.91653636745514E-15,-1.0));
#6809=DIRECTION('',(0.0,-8.91653636745514E-15,-1.0));
#6810=CARTESIAN_POINT('',(-2.5,11.85,2.7));
#6811=DIRECTION('',(0.0,-5.0532154980743E-16,1.0));
#6812=DIRECTION('',(1.0,0.0,0.0));
#6813=CARTESIAN_POINT('',(0.0,11.85,2.7));
#6814=DIRECTION('',(0.0,-5.0532154980743E-16,1.0));
#6815=DIRECTION('',(1.0,0.0,0.0));
#6816=CARTESIAN_POINT('',(0.0,11.85,5.68121938382404E-14));
#6817=DIRECTION('',(0.0,0.0,1.0));
#6818=DIRECTION('',(-1.0,0.0,0.0));
#6819=DIRECTION('',(2.04085114820801E-15,1.0,0.0));
#6820=DIRECTION('',(-1.0,0.0,-5.09171249224641E-15));
#6821=DIRECTION('',(1.02042557410401E-15,-1.0,0.0));
#6822=DIRECTION('',(-1.0,0.0,0.0));
#6823=DIRECTION('',(2.04085114820801E-15,1.0,0.0));
#6824=DIRECTION('',(-1.0,0.0,-5.09171249224641E-15));
#6825=DIRECTION('',(1.02042557410401E-15,-1.0,0.0));
#6826=DIRECTION('',(-1.0,0.0,0.0));
#6827=DIRECTION('',(0.0,1.0,0.0));
#6828=DIRECTION('',(-1.0,0.0,0.0));
#6829=DIRECTION('',(0.0,1.0,0.0));
#6830=DIRECTION('',(-1.0,0.0,0.0));
#6831=DIRECTION('',(4.44800891276104E-16,-1.0,0.0));
#6832=DIRECTION('',(-1.0,0.0,0.0));
#6833=DIRECTION('',(0.0,-1.0,0.0));
#6834=DIRECTION('',(1.0,0.0,0.0));
#6835=DIRECTION('',(0.0,-1.0,0.0));
#6836=DIRECTION('',(-1.0,0.0,0.0));
#6837=DIRECTION('',(4.44800891276104E-16,1.0,0.0));
#6838=DIRECTION('',(-1.0,0.0,-5.14996031930613E-15));
#6839=DIRECTION('',(0.0,-1.0,0.0));
#6840=DIRECTION('',(-1.0,0.0,-5.30054395437358E-15));
#6841=DIRECTION('',(0.0,-1.0,0.0));
#6842=DIRECTION('',(-1.0,0.0,0.0));
#6843=CARTESIAN_POINT('',(2.5,11.85,5.68121938382404E-14));
#6844=DIRECTION('',(0.0,0.0,1.0));
#6845=DIRECTION('',(-1.0,0.0,0.0));
#6846=CARTESIAN_POINT('',(-2.5,11.85,5.68121938382404E-14));
#6847=DIRECTION('',(0.0,0.0,1.0));
#6848=DIRECTION('',(-1.0,0.0,0.0));
#6849=DIRECTION('',(0.0,0.177943545473843,0.984040697646291));
#6850=DIRECTION('',(0.0,0.177943545473843,0.984040697646291));
#6851=CARTESIAN_POINT('',(2.175,11.2,2.71000000000006));
#6852=DIRECTION('',(1.0,0.0,0.0));
#6853=DIRECTION('',(0.0,0.0,-1.0));
#6854=CARTESIAN_POINT('',(2.825,11.2,2.71000000000006));
#6855=DIRECTION('',(1.0,0.0,0.0));
#6856=DIRECTION('',(0.0,0.0,-1.0));
#6857=DIRECTION('',(0.0,0.0,-1.0));
#6858=DIRECTION('',(0.0,-1.0,0.0));
#6859=DIRECTION('',(0.0,0.0,-1.0));
#6860=DIRECTION('',(0.0,-1.0,0.0));
#6861=DIRECTION('',(0.0,0.0,-1.0));
#6862=DIRECTION('',(0.0,1.0,7.54227598250782E-16));
#6863=DIRECTION('',(0.0,0.0,-1.0));
#6864=DIRECTION('',(0.0,-1.0,-5.59588218057035E-16));
#6865=DIRECTION('',(0.0,0.839570157152151,-0.543251278157274));
#6866=DIRECTION('',(0.0,0.0,-1.0));
#6867=DIRECTION('',(0.0,1.0,0.0));
#6868=DIRECTION('',(0.0,0.0,-1.0));
#6869=DIRECTION('',(-1.22320245100929E-15,1.0,0.0));
#6870=DIRECTION('',(-1.22320245100929E-15,1.0,0.0));
#6871=DIRECTION('',(0.0,0.0,1.0));
#6872=DIRECTION('',(1.22320245100929E-15,-1.0,0.0));
#6873=DIRECTION('',(0.0,0.0,1.0));
#6874=DIRECTION('',(0.0,-1.0,0.0));
#6875=DIRECTION('',(0.0,0.0,1.0));
#6876=DIRECTION('',(6.11601225504643E-16,1.0,0.0));
#6877=DIRECTION('',(0.0,0.0,1.0));
#6878=DIRECTION('',(-6.11601225504643E-16,-1.0,0.0));
#6879=DIRECTION('',(-6.11601225504643E-16,-1.0,0.0));
#6880=DIRECTION('',(0.0,0.0,-1.0));
#6881=DIRECTION('',(-1.0,0.0,0.0));
#6882=DIRECTION('',(1.22320245100929E-15,-1.0,0.0));
#6883=DIRECTION('',(1.0,0.0,0.0));
#6884=DIRECTION('',(0.0,1.0,0.0));
#6885=DIRECTION('',(1.0,0.0,0.0));
#6886=DIRECTION('',(0.0,1.0,0.0));
#6887=DIRECTION('',(1.0,0.0,0.0));
#6888=DIRECTION('',(0.0,-1.0,0.0));
#6889=DIRECTION('',(1.0,0.0,0.0));
#6890=DIRECTION('',(0.0,1.0,0.0));
#6891=DIRECTION('',(6.11601225504643E-16,1.0,0.0));
#6892=DIRECTION('',(-1.0,0.0,0.0));
#6893=DIRECTION('',(0.0,1.0,0.0));
#6894=DIRECTION('',(-1.0,0.0,0.0));
#6895=DIRECTION('',(0.0,-1.0,0.0));
#6896=DIRECTION('',(-1.0,0.0,0.0));
#6897=DIRECTION('',(0.0,1.0,0.0));
#6898=DIRECTION('',(-1.0,0.0,0.0));
#6899=DIRECTION('',(0.0,1.0,0.0));
#6900=DIRECTION('',(1.0,0.0,0.0));
#6901=DIRECTION('',(-1.0,-5.78241158658938E-16,0.0));
#6902=DIRECTION('',(-1.0,-5.78241158658938E-16,0.0));
#6903=DIRECTION('',(-1.0,-5.78241158658938E-16,0.0));
#6904=DIRECTION('',(0.0,0.0,1.0));
#6905=DIRECTION('',(-1.0,-7.22801448323668E-16,0.0));
#6906=DIRECTION('',(0.0,0.0,1.0));
#6907=DIRECTION('',(1.0,0.0,0.0));
#6908=DIRECTION('',(0.0,0.0,1.0));
#6909=DIRECTION('',(-1.0,0.0,0.0));
#6910=DIRECTION('',(0.0,0.0,-1.0));
#6911=DIRECTION('',(1.0,0.0,0.0));
#6912=DIRECTION('',(0.0,1.0,0.0));
#6913=DIRECTION('',(-1.0,0.0,0.0));
#6914=DIRECTION('',(0.0,-1.0,0.0));
#6915=DIRECTION('',(1.0,0.0,0.0));
#6916=DIRECTION('',(0.0,1.0,0.0));
#6917=DIRECTION('',(-1.0,0.0,0.0));
#6918=DIRECTION('',(0.0,1.0,0.0));
#6919=DIRECTION('',(1.0,0.0,0.0));
#6920=DIRECTION('',(0.0,0.866025403784439,0.499999999999999));
#6921=DIRECTION('',(1.0,0.0,0.0));
#6922=DIRECTION('',(0.0,-0.866025403784439,-0.5));
#6923=DIRECTION('',(0.0,1.0,0.0));
#6924=DIRECTION('',(1.0,0.0,0.0));
#6925=DIRECTION('',(0.0,-1.0,0.0));
#6926=DIRECTION('',(1.0,0.0,0.0));
#6927=DIRECTION('',(0.0,-1.0,0.0));
#6928=DIRECTION('',(-1.0,0.0,0.0));
#6929=DIRECTION('',(-1.0,0.0,0.0));
#6930=DIRECTION('',(0.0,-1.0,0.0));
#6931=DIRECTION('',(0.0,0.0,-1.0));
#6932=DIRECTION('',(0.0,0.0,1.0));
#6933=DIRECTION('',(0.0,4.95635278850516E-15,1.0));
#6934=DIRECTION('',(0.0,0.0,-1.0));
#6935=DIRECTION('',(0.0,0.866025403784439,0.499999999999999));
#6936=DIRECTION('',(0.0,-0.866025403784439,-0.5));
#6937=DIRECTION('',(-1.0,0.0,0.0));
#6938=DIRECTION('',(0.0,-1.0,0.0));
#6939=DIRECTION('',(0.0,0.0,1.0));
#6940=DIRECTION('',(0.0,0.0,1.0));
#6941=DIRECTION('',(0.0,1.0,0.0));
#6942=DIRECTION('',(-1.0,0.0,0.0));
#6943=DIRECTION('',(0.0,-1.0,0.0));
#6944=DIRECTION('',(0.0,-1.0,0.0));
#6945=DIRECTION('',(-1.0,0.0,0.0));
#6946=DIRECTION('',(0.0,-1.0,0.0));
#6947=DIRECTION('',(-1.0,0.0,0.0));
#6948=DIRECTION('',(0.0,0.0,1.0));
#6949=DIRECTION('',(0.0,0.0,-1.0));
#6950=DIRECTION('',(1.0,0.0,0.0));
#6951=DIRECTION('',(0.0,0.0,-1.0));
#6952=DIRECTION('',(0.0,0.0,1.0));
#6953=DIRECTION('',(1.0,0.0,0.0));
#6954=DIRECTION('',(0.0,0.0,1.0));
#6955=DIRECTION('',(0.0,0.0,1.0));
#6956=DIRECTION('',(1.0,0.0,0.0));
#6957=DIRECTION('',(0.0,0.0,1.0));
#6958=DIRECTION('',(0.0,0.0,-1.0));
#6959=DIRECTION('',(1.0,0.0,5.00060593840252E-15));
#6960=DIRECTION('',(0.0,0.0,-1.0));
#6961=DIRECTION('',(-1.0,0.0,0.0));
#6962=DIRECTION('',(0.0,4.95635278850516E-15,1.0));
#6963=DIRECTION('',(-1.0,0.0,0.0));
#6964=DIRECTION('',(0.0,-1.0,0.0));
#6965=DIRECTION('',(1.0,0.0,0.0));
#6966=DIRECTION('',(0.0,0.0,-1.0));
#6967=DIRECTION('',(0.0,0.839570157152151,-0.543251278157274));
#6968=DIRECTION('',(0.0,-1.0,-5.59588218057035E-16));
#6969=DIRECTION('',(0.0,0.0,-1.0));
#6970=DIRECTION('',(0.0,1.0,7.54227598250782E-16));
#6971=DIRECTION('',(0.0,0.0,1.0));
#6972=DIRECTION('',(-4.62592926927144E-15,0.0,-1.0));
#6973=DIRECTION('',(-1.0,0.0,0.0));
#6974=DIRECTION('',(6.67201336914156E-16,0.0,1.0));
#6975=DIRECTION('',(1.0,0.0,-5.42101086242752E-16));
#6976=DIRECTION('',(6.67201336914156E-16,0.0,-1.0));
#6977=DIRECTION('',(-1.0,0.0,0.0));
#6978=DIRECTION('',(-4.62592926927144E-15,0.0,1.0));
#6979=DIRECTION('',(0.0,1.0,0.0));
#6980=DIRECTION('',(-6.67201336914156E-16,0.0,1.0));
#6981=DIRECTION('',(0.0,1.0,0.0));
#6982=DIRECTION('',(0.0,1.0,0.0));
#6983=DIRECTION('',(-1.0,0.0,5.42101086242752E-16));
#6984=DIRECTION('',(0.0,1.0,0.0));
#6985=DIRECTION('',(-6.67201336914156E-16,0.0,-1.0));
#6986=DIRECTION('',(0.0,1.0,0.0));
#6987=DIRECTION('',(1.0,0.0,0.0));
#6988=DIRECTION('',(4.62592926927144E-15,0.0,1.0));
#6989=DIRECTION('',(0.0,1.0,0.0));
#6990=DIRECTION('',(4.62592926927144E-15,0.0,-1.0));
#6991=DIRECTION('',(1.0,0.0,0.0));
#6992=CARTESIAN_POINT('',(-2.5,9.55,3.4));
#6993=DIRECTION('',(0.0,-1.0,0.0));
#6994=DIRECTION('',(0.0,0.0,-1.0));
#6995=CARTESIAN_POINT('',(0.0,9.55,3.4));
#6996=DIRECTION('',(0.0,-1.0,0.0));
#6997=DIRECTION('',(0.0,0.0,-1.0));
#6998=CARTESIAN_POINT('',(2.5,9.55,3.4));
#6999=DIRECTION('',(0.0,1.0,0.0));
#7000=DIRECTION('',(0.0,0.0,-1.0));
#7001=DIRECTION('',(1.0,0.0,0.0));
#7002=DIRECTION('',(0.0,0.0,1.0));
#7003=DIRECTION('',(-1.0,0.0,0.0));
#7004=DIRECTION('',(0.0,0.0,1.0));
#7005=DIRECTION('',(1.0,0.0,0.0));
#7006=DIRECTION('',(1.0,0.0,0.0));
#7007=DIRECTION('',(1.0,0.0,0.0));
#7008=DIRECTION('',(0.0,4.95635278850516E-15,1.0));
#7009=DIRECTION('',(0.0,-0.707106781186548,-0.707106781186547));
#7010=DIRECTION('',(0.0,0.707106781186548,0.707106781186547));
#7011=DIRECTION('',(0.0,4.95635278850516E-15,1.0));
#7012=DIRECTION('',(0.0,-0.707106781186548,-0.707106781186547));
#7013=DIRECTION('',(0.0,0.707106781186548,0.707106781186547));
#7014=DIRECTION('',(0.0,0.0,1.0));
#7015=DIRECTION('',(0.0,1.0,0.0));
#7016=DIRECTION('',(0.0,0.0,1.0));
#7017=DIRECTION('',(0.0,-1.0,0.0));
#7018=DIRECTION('',(0.707106781186542,0.707106781186553,0.0));
#7019=DIRECTION('',(0.70710678118654,-0.707106781186555,0.0));
#7020=DIRECTION('',(0.707106781186542,0.707106781186553,0.0));
#7021=DIRECTION('',(0.70710678118654,-0.707106781186555,0.0));
#7022=DIRECTION('',(4.44800891276104E-16,1.0,0.0));
#7023=DIRECTION('',(0.0,0.0,-1.0));
#7024=DIRECTION('',(0.0,-1.0,0.0));
#7025=DIRECTION('',(0.0,0.0,-1.0));
#7026=DIRECTION('',(-1.0,0.0,-5.30054395437358E-15));
#7027=DIRECTION('',(0.0,0.0,-1.0));
#7028=DIRECTION('',(0.0,-1.0,0.0));
#7029=DIRECTION('',(0.0,0.0,-1.0));
#7030=DIRECTION('',(-1.0,0.0,-5.14996031930613E-15));
#7031=DIRECTION('',(0.0,1.0,0.0));
#7032=DIRECTION('',(0.0,0.0,-1.0));
#7033=DIRECTION('',(4.44800891276104E-16,-1.0,0.0));
#7034=DIRECTION('',(0.0,0.0,-1.0));
#7035=DIRECTION('',(-1.0,0.0,0.0));
#7036=DIRECTION('',(0.0,0.0,-1.0));
#7037=DIRECTION('',(0.0,1.0,0.0));
#7038=DIRECTION('',(0.0,0.0,-1.0));
#7039=DIRECTION('',(-1.0,0.0,0.0));
#7040=DIRECTION('',(2.04085114820801E-15,1.0,0.0));
#7041=DIRECTION('',(0.0,0.0,1.0));
#7042=DIRECTION('',(0.0,0.0,1.0));
#7043=DIRECTION('',(1.02042557410401E-15,-1.0,0.0));
#7044=DIRECTION('',(-1.0,0.0,-5.09171249224641E-15));
#7045=DIRECTION('',(2.04085114820801E-15,1.0,0.0));
#7046=DIRECTION('',(0.0,0.0,1.0));
#7047=DIRECTION('',(0.0,0.0,1.0));
#7048=DIRECTION('',(1.02042557410401E-15,-1.0,0.0));
#7049=DIRECTION('',(-1.0,0.0,-5.09171249224641E-15));
#7050=CARTESIAN_POINT('',(2.5,11.85,2.7));
#7051=DIRECTION('',(0.0,-5.0532154980743E-16,1.0));
#7052=DIRECTION('',(1.0,0.0,0.0));
#7053=CARTESIAN_POINT('',(2.5,5.55,3.4));
#7054=DIRECTION('',(0.0,-1.0,0.0));
#7055=DIRECTION('',(1.0,0.0,0.0));
#7056=CARTESIAN_POINT('',(0.0,5.55,3.4));
#7057=DIRECTION('',(0.0,-1.0,0.0));
#7058=DIRECTION('',(1.0,0.0,0.0));
#7059=CARTESIAN_POINT('',(-2.5,5.55,3.4));
#7060=DIRECTION('',(0.0,-1.0,0.0));
#7061=DIRECTION('',(1.0,0.0,0.0));
#7062=DIRECTION('',(0.0,0.177943545473843,0.984040697646291));
#7063=DIRECTION('',(0.0,0.177943545473843,0.984040697646291));
#7064=CARTESIAN_POINT('',(-0.325,11.2,2.71000000000006));
#7065=DIRECTION('',(1.0,0.0,0.0));
#7066=DIRECTION('',(0.0,0.0,-1.0));
#7067=CARTESIAN_POINT('',(0.325,11.2,2.71000000000006));
#7068=DIRECTION('',(1.0,0.0,0.0));
#7069=DIRECTION('',(0.0,0.0,-1.0));
#7070=DIRECTION('',(0.0,0.177943545473843,0.984040697646291));
#7071=DIRECTION('',(0.0,0.177943545473843,0.984040697646291));
#7072=CARTESIAN_POINT('',(-2.825,11.2,2.71000000000006));
#7073=DIRECTION('',(1.0,0.0,0.0));
#7074=DIRECTION('',(0.0,0.0,-1.0));
#7075=CARTESIAN_POINT('',(-2.175,11.2,2.71000000000006));
#7076=DIRECTION('',(1.0,0.0,0.0));
#7077=DIRECTION('',(0.0,0.0,-1.0));
#7078=PRESENTATION_LAYER_ASSIGNMENT('1','Layer 1',(#25));
ENDSEC;
END-ISO-10303-21;
