ISO-10303-21;
HEADER;
FILE_DESCRIPTION(('STEP AP242'),'1');
FILE_NAME('2035571207.stp','2026-04-06T10:31:00',('TraceParts'),('TraceParts S.A.S.'),'Spatial InterOp 3D',' ',' ');
FILE_SCHEMA(('AP242_MANAGED_MODEL_BASED_3D_ENGINEERING_MIM_LF  {1 0 10303 442 1 1 4}'));
ENDSEC;
DATA;
#1=MECHANICAL_DESIGN_GEOMETRIC_PRESENTATION_REPRESENTATION(' ',(#11,#12),#7);
#2=PRODUCT_DEFINITION_CONTEXT('',#13,'design');
#3=APPLICATION_PROTOCOL_DEFINITION('INTERNATIONAL STANDARD','ap242_managed_model_based_3d_engineering',2014,#13);
#4=PRODUCT_CATEGORY_RELATIONSHIP('NONE','NONE',#14,#15);
#5=SHAPE_DEFINITION_REPRESENTATION(#16,#17);
#6=SHAPE_DEFINITION_REPRESENTATION(#16,#18);
#7= (GEOMETRIC_REPRESENTATION_CONTEXT(3)GLOBAL_UNCERTAINTY_ASSIGNED_CONTEXT((#21))GLOBAL_UNIT_ASSIGNED_CONTEXT((#23,#24,#25))REPRESENTATION_CONTEXT('NONE','WORKSPACE'));
#11=STYLED_ITEM('',(#27),#28);
#12=STYLED_ITEM('',(#29),#30);
#13=APPLICATION_CONTEXT('managed model based 3d engineering');
#14=PRODUCT_CATEGORY('part','NONE');
#15=PRODUCT_RELATED_PRODUCT_CATEGORY('detail',' ',(#31));
#16=PRODUCT_DEFINITION_SHAPE('NONE','NONE',#32);
#17=ADVANCED_BREP_SHAPE_REPRESENTATION('1',(#28,#33),#7);
#18=ADVANCED_BREP_SHAPE_REPRESENTATION('2',(#30,#34),#7);
#21=UNCERTAINTY_MEASURE_WITH_UNIT(LENGTH_MEASURE(1.0E-06),#23,'','');
#23= (CONVERSION_BASED_UNIT('MILLIMETRE',#37)LENGTH_UNIT()NAMED_UNIT(#40));
#24= (NAMED_UNIT(#42)PLANE_ANGLE_UNIT()SI_UNIT($,.RADIAN.));
#25= (NAMED_UNIT(#42)SOLID_ANGLE_UNIT()SI_UNIT($,.STERADIAN.));
#27=PRESENTATION_STYLE_ASSIGNMENT((#48));
#28=MANIFOLD_SOLID_BREP('1',#49);
#29=PRESENTATION_STYLE_ASSIGNMENT((#50));
#30=MANIFOLD_SOLID_BREP('2',#51);
#31=PRODUCT('1','','PART--DESC',(#52));
#32=PRODUCT_DEFINITION('','NONE',#53,#2);
#33=AXIS2_PLACEMENT_3D('',#54,#55,#56);
#34=AXIS2_PLACEMENT_3D('',#57,#58,#59);
#37=LENGTH_MEASURE_WITH_UNIT(LENGTH_MEASURE(1.0),#60);
#40=DIMENSIONAL_EXPONENTS(1.0,0.0,0.0,0.0,0.0,0.0,0.0);
#42=DIMENSIONAL_EXPONENTS(0.0,0.0,0.0,0.0,0.0,0.0,0.0);
#48=SURFACE_STYLE_USAGE(.BOTH.,#61);
#49=CLOSED_SHELL('',(#62,#63,#64,#65,#66,#67,#68,#69,#70,#71,#72,#73,#74,#75,#76,#77,#78,#79,#80,#81,#82,#83,#84,#85,#86,#87,#88,#89,#90,#91,#92,#93,#94,#95,#96,#97,#98,#99,#100,#101,#102,#103,#104,#105,#106,#107,#108,#109,#110,#111,#112,#113,#114,#115,#116,#117,#118,#119,#120,#121,#122,#123,#124,#125,#126,#127,#128,#129,#130,#131,#132,#133,#134,#135,#136,#137,#138,#139,#140,#141,#142,#143,#144,#145,#146,#147,#148,#149,#150,#151,#152,#153,#154,#155,#156,#157,#158,#159,#160,#161,#162,#163,#164,#165,#166,#167,#168,#169,#170,#171,#172,#173,#174,#175,#176,#177,#178,#179,#180,#181,#182,#183,#184,#185,#186,#187,#188,#189,#190,#191,#192,#193,#194,#195,#196,#197,#198,#199,#200,#201,#202,#203,#204,#205,#206,#207,#208,#209,#210,#211,#212,#213,#214,#215,#216,#217,#218,#219,#220,#221,#222,#223,#224,#225,#226,#227,#228,#229,#230,#231,#232,#233,#234,#235,#236,#237,#238,#239,#240,#241,#242,#243,#244,#245,#246,#247,#248,#249,#250,#251,#252,#253,#254,#255,#256,#257,#258,#259,#260,#261,#262,#263,#264,#265,#266,#267,#268,#269,#270,#271,#272,#273,#274,#275,#276,#277,#278,#279,#280,#281,#282,#283,#284,#285,#286));
#50=SURFACE_STYLE_USAGE(.BOTH.,#287);
#51=CLOSED_SHELL('',(#288,#289,#290,#291,#292,#293));
#52=PRODUCT_CONTEXT('',#13,'mechanical');
#53=PRODUCT_DEFINITION_FORMATION_WITH_SPECIFIED_SOURCE(' ','NONE',#31,.NOT_KNOWN.);
#54=CARTESIAN_POINT('',(0.0,0.0,0.0));
#55=DIRECTION('',(0.0,0.0,1.0));
#56=DIRECTION('',(1.0,0.0,0.0));
#57=CARTESIAN_POINT('',(0.0,0.0,0.0));
#58=DIRECTION('',(0.0,0.0,1.0));
#59=DIRECTION('',(1.0,0.0,0.0));
#60= (NAMED_UNIT(#40)LENGTH_UNIT()SI_UNIT(.MILLI.,.METRE.));
#61=SURFACE_SIDE_STYLE('',(#295));
#62=ADVANCED_FACE('',(#296,#297),#298,.F.);
#63=ADVANCED_FACE('',(#299,#300),#301,.F.);
#64=ADVANCED_FACE('',(#302,#303,#304,#305,#306,#307,#308,#309,#310,#311,#312,#313,#314),#315,.T.);
#65=ADVANCED_FACE('',(#316),#317,.F.);
#66=ADVANCED_FACE('',(#318),#319,.F.);
#67=ADVANCED_FACE('',(#320),#321,.T.);
#68=ADVANCED_FACE('',(#322),#323,.F.);
#69=ADVANCED_FACE('',(#324),#325,.T.);
#70=ADVANCED_FACE('',(#326),#327,.T.);
#71=ADVANCED_FACE('',(#328),#329,.F.);
#72=ADVANCED_FACE('',(#330),#331,.T.);
#73=ADVANCED_FACE('',(#332),#333,.F.);
#74=ADVANCED_FACE('',(#334),#335,.T.);
#75=ADVANCED_FACE('',(#336),#337,.F.);
#76=ADVANCED_FACE('',(#338),#339,.F.);
#77=ADVANCED_FACE('',(#340),#341,.T.);
#78=ADVANCED_FACE('',(#342),#343,.F.);
#79=ADVANCED_FACE('',(#344),#345,.F.);
#80=ADVANCED_FACE('',(#346),#347,.F.);
#81=ADVANCED_FACE('',(#348),#349,.T.);
#82=ADVANCED_FACE('',(#350),#351,.F.);
#83=ADVANCED_FACE('',(#352),#353,.T.);
#84=ADVANCED_FACE('',(#354),#355,.T.);
#85=ADVANCED_FACE('',(#356),#357,.T.);
#86=ADVANCED_FACE('',(#358),#359,.T.);
#87=ADVANCED_FACE('',(#360),#361,.T.);
#88=ADVANCED_FACE('',(#362),#363,.T.);
#89=ADVANCED_FACE('',(#364),#365,.F.);
#90=ADVANCED_FACE('',(#366),#367,.T.);
#91=ADVANCED_FACE('',(#368),#369,.F.);
#92=ADVANCED_FACE('',(#370),#371,.T.);
#93=ADVANCED_FACE('',(#372),#373,.F.);
#94=ADVANCED_FACE('',(#374),#375,.F.);
#95=ADVANCED_FACE('',(#376),#377,.F.);
#96=ADVANCED_FACE('',(#378),#379,.F.);
#97=ADVANCED_FACE('',(#380,#381),#382,.F.);
#98=ADVANCED_FACE('',(#383),#384,.T.);
#99=ADVANCED_FACE('',(#385),#386,.F.);
#100=ADVANCED_FACE('',(#387,#388),#389,.F.);
#101=ADVANCED_FACE('',(#390),#391,.F.);
#102=ADVANCED_FACE('',(#392),#393,.F.);
#103=ADVANCED_FACE('',(#394),#395,.F.);
#104=ADVANCED_FACE('',(#396),#397,.F.);
#105=ADVANCED_FACE('',(#398),#399,.F.);
#106=ADVANCED_FACE('',(#400),#401,.F.);
#107=ADVANCED_FACE('',(#402),#403,.F.);
#108=ADVANCED_FACE('',(#404),#405,.F.);
#109=ADVANCED_FACE('',(#406),#407,.F.);
#110=ADVANCED_FACE('',(#408),#409,.T.);
#111=ADVANCED_FACE('',(#410),#411,.F.);
#112=ADVANCED_FACE('',(#412),#413,.F.);
#113=ADVANCED_FACE('',(#414),#415,.F.);
#114=ADVANCED_FACE('',(#416),#417,.F.);
#115=ADVANCED_FACE('',(#418),#419,.F.);
#116=ADVANCED_FACE('',(#420),#421,.F.);
#117=ADVANCED_FACE('',(#422),#423,.F.);
#118=ADVANCED_FACE('',(#424),#425,.F.);
#119=ADVANCED_FACE('',(#426),#427,.F.);
#120=ADVANCED_FACE('',(#428),#429,.T.);
#121=ADVANCED_FACE('',(#430),#431,.F.);
#122=ADVANCED_FACE('',(#432),#433,.F.);
#123=ADVANCED_FACE('',(#434),#435,.T.);
#124=ADVANCED_FACE('',(#436),#437,.F.);
#125=ADVANCED_FACE('',(#438),#439,.F.);
#126=ADVANCED_FACE('',(#440),#441,.F.);
#127=ADVANCED_FACE('',(#442),#443,.F.);
#128=ADVANCED_FACE('',(#444),#445,.F.);
#129=ADVANCED_FACE('',(#446),#447,.F.);
#130=ADVANCED_FACE('',(#448),#449,.F.);
#131=ADVANCED_FACE('',(#450),#451,.F.);
#132=ADVANCED_FACE('',(#452),#453,.F.);
#133=ADVANCED_FACE('',(#454),#455,.T.);
#134=ADVANCED_FACE('',(#456),#457,.F.);
#135=ADVANCED_FACE('',(#458),#459,.F.);
#136=ADVANCED_FACE('',(#460),#461,.T.);
#137=ADVANCED_FACE('',(#462),#463,.F.);
#138=ADVANCED_FACE('',(#464),#465,.F.);
#139=ADVANCED_FACE('',(#466),#467,.F.);
#140=ADVANCED_FACE('',(#468),#469,.F.);
#141=ADVANCED_FACE('',(#470),#471,.F.);
#142=ADVANCED_FACE('',(#472),#473,.F.);
#143=ADVANCED_FACE('',(#474),#475,.F.);
#144=ADVANCED_FACE('',(#476),#477,.F.);
#145=ADVANCED_FACE('',(#478),#479,.F.);
#146=ADVANCED_FACE('',(#480),#481,.T.);
#147=ADVANCED_FACE('',(#482),#483,.F.);
#148=ADVANCED_FACE('',(#484),#485,.F.);
#149=ADVANCED_FACE('',(#486),#487,.T.);
#150=ADVANCED_FACE('',(#488),#489,.F.);
#151=ADVANCED_FACE('',(#490),#491,.F.);
#152=ADVANCED_FACE('',(#492),#493,.F.);
#153=ADVANCED_FACE('',(#494),#495,.F.);
#154=ADVANCED_FACE('',(#496),#497,.F.);
#155=ADVANCED_FACE('',(#498),#499,.F.);
#156=ADVANCED_FACE('',(#500),#501,.F.);
#157=ADVANCED_FACE('',(#502),#503,.F.);
#158=ADVANCED_FACE('',(#504),#505,.F.);
#159=ADVANCED_FACE('',(#506),#507,.T.);
#160=ADVANCED_FACE('',(#508),#509,.F.);
#161=ADVANCED_FACE('',(#510),#511,.F.);
#162=ADVANCED_FACE('',(#512),#513,.T.);
#163=ADVANCED_FACE('',(#514),#515,.F.);
#164=ADVANCED_FACE('',(#516),#517,.F.);
#165=ADVANCED_FACE('',(#518),#519,.F.);
#166=ADVANCED_FACE('',(#520),#521,.F.);
#167=ADVANCED_FACE('',(#522),#523,.F.);
#168=ADVANCED_FACE('',(#524),#525,.F.);
#169=ADVANCED_FACE('',(#526),#527,.F.);
#170=ADVANCED_FACE('',(#528),#529,.F.);
#171=ADVANCED_FACE('',(#530),#531,.F.);
#172=ADVANCED_FACE('',(#532),#533,.T.);
#173=ADVANCED_FACE('',(#534),#535,.F.);
#174=ADVANCED_FACE('',(#536),#537,.F.);
#175=ADVANCED_FACE('',(#538),#539,.T.);
#176=ADVANCED_FACE('',(#540),#541,.F.);
#177=ADVANCED_FACE('',(#542),#543,.F.);
#178=ADVANCED_FACE('',(#544),#545,.F.);
#179=ADVANCED_FACE('',(#546),#547,.F.);
#180=ADVANCED_FACE('',(#548),#549,.F.);
#181=ADVANCED_FACE('',(#550),#551,.F.);
#182=ADVANCED_FACE('',(#552),#553,.F.);
#183=ADVANCED_FACE('',(#554),#555,.F.);
#184=ADVANCED_FACE('',(#556),#557,.F.);
#185=ADVANCED_FACE('',(#558),#559,.T.);
#186=ADVANCED_FACE('',(#560),#561,.F.);
#187=ADVANCED_FACE('',(#562),#563,.F.);
#188=ADVANCED_FACE('',(#564),#565,.T.);
#189=ADVANCED_FACE('',(#566),#567,.F.);
#190=ADVANCED_FACE('',(#568),#569,.F.);
#191=ADVANCED_FACE('',(#570),#571,.F.);
#192=ADVANCED_FACE('',(#572),#573,.F.);
#193=ADVANCED_FACE('',(#574),#575,.F.);
#194=ADVANCED_FACE('',(#576),#577,.F.);
#195=ADVANCED_FACE('',(#578),#579,.F.);
#196=ADVANCED_FACE('',(#580),#581,.F.);
#197=ADVANCED_FACE('',(#582),#583,.F.);
#198=ADVANCED_FACE('',(#584),#585,.T.);
#199=ADVANCED_FACE('',(#586),#587,.F.);
#200=ADVANCED_FACE('',(#588),#589,.F.);
#201=ADVANCED_FACE('',(#590),#591,.T.);
#202=ADVANCED_FACE('',(#592),#593,.F.);
#203=ADVANCED_FACE('',(#594),#595,.F.);
#204=ADVANCED_FACE('',(#596),#597,.F.);
#205=ADVANCED_FACE('',(#598),#599,.F.);
#206=ADVANCED_FACE('',(#600),#601,.F.);
#207=ADVANCED_FACE('',(#602),#603,.F.);
#208=ADVANCED_FACE('',(#604),#605,.F.);
#209=ADVANCED_FACE('',(#606),#607,.F.);
#210=ADVANCED_FACE('',(#608),#609,.F.);
#211=ADVANCED_FACE('',(#610),#611,.T.);
#212=ADVANCED_FACE('',(#612),#613,.F.);
#213=ADVANCED_FACE('',(#614),#615,.F.);
#214=ADVANCED_FACE('',(#616),#617,.T.);
#215=ADVANCED_FACE('',(#618),#619,.F.);
#216=ADVANCED_FACE('',(#620),#621,.F.);
#217=ADVANCED_FACE('',(#622),#623,.F.);
#218=ADVANCED_FACE('',(#624),#625,.F.);
#219=ADVANCED_FACE('',(#626),#627,.F.);
#220=ADVANCED_FACE('',(#628),#629,.F.);
#221=ADVANCED_FACE('',(#630),#631,.F.);
#222=ADVANCED_FACE('',(#632),#633,.F.);
#223=ADVANCED_FACE('',(#634),#635,.F.);
#224=ADVANCED_FACE('',(#636),#637,.T.);
#225=ADVANCED_FACE('',(#638),#639,.F.);
#226=ADVANCED_FACE('',(#640),#641,.F.);
#227=ADVANCED_FACE('',(#642),#643,.T.);
#228=ADVANCED_FACE('',(#644),#645,.F.);
#229=ADVANCED_FACE('',(#646),#647,.F.);
#230=ADVANCED_FACE('',(#648),#649,.F.);
#231=ADVANCED_FACE('',(#650),#651,.F.);
#232=ADVANCED_FACE('',(#652),#653,.F.);
#233=ADVANCED_FACE('',(#654),#655,.F.);
#234=ADVANCED_FACE('',(#656),#657,.F.);
#235=ADVANCED_FACE('',(#658),#659,.F.);
#236=ADVANCED_FACE('',(#660),#661,.F.);
#237=ADVANCED_FACE('',(#662),#663,.T.);
#238=ADVANCED_FACE('',(#664),#665,.F.);
#239=ADVANCED_FACE('',(#666),#667,.F.);
#240=ADVANCED_FACE('',(#668),#669,.T.);
#241=ADVANCED_FACE('',(#670),#671,.F.);
#242=ADVANCED_FACE('',(#672),#673,.F.);
#243=ADVANCED_FACE('',(#674),#675,.F.);
#244=ADVANCED_FACE('',(#676),#677,.F.);
#245=ADVANCED_FACE('',(#678),#679,.F.);
#246=ADVANCED_FACE('',(#680),#681,.F.);
#247=ADVANCED_FACE('',(#682),#683,.F.);
#248=ADVANCED_FACE('',(#684),#685,.F.);
#249=ADVANCED_FACE('',(#686),#687,.F.);
#250=ADVANCED_FACE('',(#688),#689,.T.);
#251=ADVANCED_FACE('',(#690),#691,.F.);
#252=ADVANCED_FACE('',(#692),#693,.F.);
#253=ADVANCED_FACE('',(#694),#695,.T.);
#254=ADVANCED_FACE('',(#696),#697,.F.);
#255=ADVANCED_FACE('',(#698),#699,.F.);
#256=ADVANCED_FACE('',(#700),#701,.F.);
#257=ADVANCED_FACE('',(#702),#703,.F.);
#258=ADVANCED_FACE('',(#704),#705,.F.);
#259=ADVANCED_FACE('',(#706),#707,.F.);
#260=ADVANCED_FACE('',(#708),#709,.F.);
#261=ADVANCED_FACE('',(#710),#711,.F.);
#262=ADVANCED_FACE('',(#712),#713,.F.);
#263=ADVANCED_FACE('',(#714),#715,.T.);
#264=ADVANCED_FACE('',(#716),#717,.F.);
#265=ADVANCED_FACE('',(#718),#719,.F.);
#266=ADVANCED_FACE('',(#720),#721,.T.);
#267=ADVANCED_FACE('',(#722),#723,.F.);
#268=ADVANCED_FACE('',(#724),#725,.F.);
#269=ADVANCED_FACE('',(#726),#727,.F.);
#270=ADVANCED_FACE('',(#728),#729,.F.);
#271=ADVANCED_FACE('',(#730),#731,.T.);
#272=ADVANCED_FACE('',(#732),#733,.T.);
#273=ADVANCED_FACE('',(#734),#735,.F.);
#274=ADVANCED_FACE('',(#736),#737,.T.);
#275=ADVANCED_FACE('',(#738),#739,.T.);
#276=ADVANCED_FACE('',(#740),#741,.T.);
#277=ADVANCED_FACE('',(#742),#743,.T.);
#278=ADVANCED_FACE('',(#744),#745,.T.);
#279=ADVANCED_FACE('',(#746),#747,.T.);
#280=ADVANCED_FACE('',(#748),#749,.T.);
#281=ADVANCED_FACE('',(#750),#751,.F.);
#282=ADVANCED_FACE('',(#752),#753,.T.);
#283=ADVANCED_FACE('',(#754),#755,.T.);
#284=ADVANCED_FACE('',(#756),#757,.T.);
#285=ADVANCED_FACE('',(#758),#759,.T.);
#286=ADVANCED_FACE('',(#760),#761,.T.);
#287=SURFACE_SIDE_STYLE('',(#762));
#288=ADVANCED_FACE('',(#763),#764,.F.);
#289=ADVANCED_FACE('',(#765),#766,.F.);
#290=ADVANCED_FACE('',(#767),#768,.F.);
#291=ADVANCED_FACE('',(#769),#770,.F.);
#292=ADVANCED_FACE('',(#771),#772,.T.);
#293=ADVANCED_FACE('',(#773),#774,.F.);
#295=SURFACE_STYLE_FILL_AREA(#775);
#296=FACE_OUTER_BOUND('',#776,.T.);
#297=FACE_BOUND('',#777,.T.);
#298=PLANE('',#778);
#299=FACE_OUTER_BOUND('',#779,.T.);
#300=FACE_BOUND('',#780,.T.);
#301=PLANE('',#781);
#302=FACE_BOUND('',#782,.T.);
#303=FACE_BOUND('',#783,.T.);
#304=FACE_BOUND('',#784,.T.);
#305=FACE_BOUND('',#785,.T.);
#306=FACE_BOUND('',#786,.T.);
#307=FACE_BOUND('',#787,.T.);
#308=FACE_BOUND('',#788,.T.);
#309=FACE_BOUND('',#789,.T.);
#310=FACE_BOUND('',#790,.T.);
#311=FACE_BOUND('',#791,.T.);
#312=FACE_BOUND('',#792,.T.);
#313=FACE_BOUND('',#793,.T.);
#314=FACE_OUTER_BOUND('',#794,.T.);
#315=PLANE('',#795);
#316=FACE_OUTER_BOUND('',#796,.T.);
#317=PLANE('',#797);
#318=FACE_OUTER_BOUND('',#798,.T.);
#319=PLANE('',#799);
#320=FACE_OUTER_BOUND('',#800,.T.);
#321=PLANE('',#801);
#322=FACE_OUTER_BOUND('',#802,.T.);
#323=PLANE('',#803);
#324=FACE_OUTER_BOUND('',#804,.T.);
#325=PLANE('',#805);
#326=FACE_OUTER_BOUND('',#806,.T.);
#327=PLANE('',#807);
#328=FACE_OUTER_BOUND('',#808,.T.);
#329=PLANE('',#809);
#330=FACE_OUTER_BOUND('',#810,.T.);
#331=PLANE('',#811);
#332=FACE_OUTER_BOUND('',#812,.T.);
#333=PLANE('',#813);
#334=FACE_OUTER_BOUND('',#814,.T.);
#335=PLANE('',#815);
#336=FACE_OUTER_BOUND('',#816,.T.);
#337=PLANE('',#817);
#338=FACE_OUTER_BOUND('',#818,.T.);
#339=PLANE('',#819);
#340=FACE_OUTER_BOUND('',#820,.T.);
#341=PLANE('',#821);
#342=FACE_OUTER_BOUND('',#822,.T.);
#343=PLANE('',#823);
#344=FACE_OUTER_BOUND('',#824,.T.);
#345=PLANE('',#825);
#346=FACE_OUTER_BOUND('',#826,.T.);
#347=PLANE('',#827);
#348=FACE_OUTER_BOUND('',#828,.T.);
#349=PLANE('',#829);
#350=FACE_OUTER_BOUND('',#830,.T.);
#351=PLANE('',#831);
#352=FACE_OUTER_BOUND('',#832,.T.);
#353=PLANE('',#833);
#354=FACE_OUTER_BOUND('',#834,.T.);
#355=PLANE('',#835);
#356=FACE_OUTER_BOUND('',#836,.T.);
#357=PLANE('',#837);
#358=FACE_OUTER_BOUND('',#838,.T.);
#359=PLANE('',#839);
#360=FACE_OUTER_BOUND('',#840,.T.);
#361=PLANE('',#841);
#362=FACE_OUTER_BOUND('',#842,.T.);
#363=PLANE('',#843);
#364=FACE_OUTER_BOUND('',#844,.T.);
#365=PLANE('',#845);
#366=FACE_OUTER_BOUND('',#846,.T.);
#367=PLANE('',#847);
#368=FACE_OUTER_BOUND('',#848,.T.);
#369=PLANE('',#849);
#370=FACE_OUTER_BOUND('',#850,.T.);
#371=PLANE('',#851);
#372=FACE_OUTER_BOUND('',#852,.T.);
#373=PLANE('',#853);
#374=FACE_OUTER_BOUND('',#854,.T.);
#375=PLANE('',#855);
#376=FACE_OUTER_BOUND('',#856,.T.);
#377=PLANE('',#857);
#378=FACE_OUTER_BOUND('',#858,.T.);
#379=PLANE('',#859);
#380=FACE_BOUND('',#860,.T.);
#381=FACE_OUTER_BOUND('',#861,.T.);
#382=PLANE('',#862);
#383=FACE_OUTER_BOUND('',#863,.T.);
#384=PLANE('',#864);
#385=FACE_OUTER_BOUND('',#865,.T.);
#386=PLANE('',#866);
#387=FACE_BOUND('',#867,.T.);
#388=FACE_OUTER_BOUND('',#868,.T.);
#389=PLANE('',#869);
#390=FACE_OUTER_BOUND('',#870,.T.);
#391=PLANE('',#871);
#392=FACE_OUTER_BOUND('',#872,.T.);
#393=PLANE('',#873);
#394=FACE_OUTER_BOUND('',#874,.T.);
#395=PLANE('',#875);
#396=FACE_OUTER_BOUND('',#876,.T.);
#397=PLANE('',#877);
#398=FACE_OUTER_BOUND('',#878,.T.);
#399=PLANE('',#879);
#400=FACE_OUTER_BOUND('',#880,.T.);
#401=CYLINDRICAL_SURFACE('',#881,0.7);
#402=FACE_OUTER_BOUND('',#882,.T.);
#403=PLANE('',#883);
#404=FACE_OUTER_BOUND('',#884,.T.);
#405=PLANE('',#885);
#406=FACE_OUTER_BOUND('',#886,.T.);
#407=PLANE('',#887);
#408=FACE_OUTER_BOUND('',#888,.T.);
#409=PLANE('',#889);
#410=FACE_OUTER_BOUND('',#890,.T.);
#411=PLANE('',#891);
#412=FACE_OUTER_BOUND('',#892,.T.);
#413=PLANE('',#893);
#414=FACE_OUTER_BOUND('',#894,.T.);
#415=PLANE('',#895);
#416=FACE_OUTER_BOUND('',#896,.T.);
#417=PLANE('',#897);
#418=FACE_OUTER_BOUND('',#898,.T.);
#419=PLANE('',#899);
#420=FACE_OUTER_BOUND('',#900,.T.);
#421=PLANE('',#901);
#422=FACE_OUTER_BOUND('',#902,.T.);
#423=PLANE('',#903);
#424=FACE_OUTER_BOUND('',#904,.T.);
#425=PLANE('',#905);
#426=FACE_OUTER_BOUND('',#906,.T.);
#427=PLANE('',#907);
#428=FACE_OUTER_BOUND('',#908,.T.);
#429=PLANE('',#909);
#430=FACE_OUTER_BOUND('',#910,.T.);
#431=PLANE('',#911);
#432=FACE_OUTER_BOUND('',#912,.T.);
#433=PLANE('',#913);
#434=FACE_OUTER_BOUND('',#914,.T.);
#435=PLANE('',#915);
#436=FACE_OUTER_BOUND('',#916,.T.);
#437=PLANE('',#917);
#438=FACE_OUTER_BOUND('',#918,.T.);
#439=PLANE('',#919);
#440=FACE_OUTER_BOUND('',#920,.T.);
#441=PLANE('',#921);
#442=FACE_OUTER_BOUND('',#922,.T.);
#443=PLANE('',#923);
#444=FACE_OUTER_BOUND('',#924,.T.);
#445=PLANE('',#925);
#446=FACE_OUTER_BOUND('',#926,.T.);
#447=PLANE('',#927);
#448=FACE_OUTER_BOUND('',#928,.T.);
#449=PLANE('',#929);
#450=FACE_OUTER_BOUND('',#930,.T.);
#451=PLANE('',#931);
#452=FACE_OUTER_BOUND('',#932,.T.);
#453=PLANE('',#933);
#454=FACE_OUTER_BOUND('',#934,.T.);
#455=PLANE('',#935);
#456=FACE_OUTER_BOUND('',#936,.T.);
#457=PLANE('',#937);
#458=FACE_OUTER_BOUND('',#938,.T.);
#459=PLANE('',#939);
#460=FACE_OUTER_BOUND('',#940,.T.);
#461=PLANE('',#941);
#462=FACE_OUTER_BOUND('',#942,.T.);
#463=PLANE('',#943);
#464=FACE_OUTER_BOUND('',#944,.T.);
#465=PLANE('',#945);
#466=FACE_OUTER_BOUND('',#946,.T.);
#467=PLANE('',#947);
#468=FACE_OUTER_BOUND('',#948,.T.);
#469=PLANE('',#949);
#470=FACE_OUTER_BOUND('',#950,.T.);
#471=PLANE('',#951);
#472=FACE_OUTER_BOUND('',#952,.T.);
#473=PLANE('',#953);
#474=FACE_OUTER_BOUND('',#954,.T.);
#475=PLANE('',#955);
#476=FACE_OUTER_BOUND('',#956,.T.);
#477=PLANE('',#957);
#478=FACE_OUTER_BOUND('',#958,.T.);
#479=PLANE('',#959);
#480=FACE_OUTER_BOUND('',#960,.T.);
#481=PLANE('',#961);
#482=FACE_OUTER_BOUND('',#962,.T.);
#483=PLANE('',#963);
#484=FACE_OUTER_BOUND('',#964,.T.);
#485=PLANE('',#965);
#486=FACE_OUTER_BOUND('',#966,.T.);
#487=PLANE('',#967);
#488=FACE_OUTER_BOUND('',#968,.T.);
#489=PLANE('',#969);
#490=FACE_OUTER_BOUND('',#970,.T.);
#491=PLANE('',#971);
#492=FACE_OUTER_BOUND('',#972,.T.);
#493=PLANE('',#973);
#494=FACE_OUTER_BOUND('',#974,.T.);
#495=PLANE('',#975);
#496=FACE_OUTER_BOUND('',#976,.T.);
#497=PLANE('',#977);
#498=FACE_OUTER_BOUND('',#978,.T.);
#499=PLANE('',#979);
#500=FACE_OUTER_BOUND('',#980,.T.);
#501=PLANE('',#981);
#502=FACE_OUTER_BOUND('',#982,.T.);
#503=PLANE('',#983);
#504=FACE_OUTER_BOUND('',#984,.T.);
#505=PLANE('',#985);
#506=FACE_OUTER_BOUND('',#986,.T.);
#507=PLANE('',#987);
#508=FACE_OUTER_BOUND('',#988,.T.);
#509=PLANE('',#989);
#510=FACE_OUTER_BOUND('',#990,.T.);
#511=PLANE('',#991);
#512=FACE_OUTER_BOUND('',#992,.T.);
#513=PLANE('',#993);
#514=FACE_OUTER_BOUND('',#994,.T.);
#515=PLANE('',#995);
#516=FACE_OUTER_BOUND('',#996,.T.);
#517=PLANE('',#997);
#518=FACE_OUTER_BOUND('',#998,.T.);
#519=PLANE('',#999);
#520=FACE_OUTER_BOUND('',#1000,.T.);
#521=PLANE('',#1001);
#522=FACE_OUTER_BOUND('',#1002,.T.);
#523=PLANE('',#1003);
#524=FACE_OUTER_BOUND('',#1004,.T.);
#525=PLANE('',#1005);
#526=FACE_OUTER_BOUND('',#1006,.T.);
#527=PLANE('',#1007);
#528=FACE_OUTER_BOUND('',#1008,.T.);
#529=PLANE('',#1009);
#530=FACE_OUTER_BOUND('',#1010,.T.);
#531=PLANE('',#1011);
#532=FACE_OUTER_BOUND('',#1012,.T.);
#533=PLANE('',#1013);
#534=FACE_OUTER_BOUND('',#1014,.T.);
#535=PLANE('',#1015);
#536=FACE_OUTER_BOUND('',#1016,.T.);
#537=PLANE('',#1017);
#538=FACE_OUTER_BOUND('',#1018,.T.);
#539=PLANE('',#1019);
#540=FACE_OUTER_BOUND('',#1020,.T.);
#541=PLANE('',#1021);
#542=FACE_OUTER_BOUND('',#1022,.T.);
#543=PLANE('',#1023);
#544=FACE_OUTER_BOUND('',#1024,.T.);
#545=PLANE('',#1025);
#546=FACE_OUTER_BOUND('',#1026,.T.);
#547=PLANE('',#1027);
#548=FACE_OUTER_BOUND('',#1028,.T.);
#549=PLANE('',#1029);
#550=FACE_OUTER_BOUND('',#1030,.T.);
#551=PLANE('',#1031);
#552=FACE_OUTER_BOUND('',#1032,.T.);
#553=PLANE('',#1033);
#554=FACE_OUTER_BOUND('',#1034,.T.);
#555=PLANE('',#1035);
#556=FACE_OUTER_BOUND('',#1036,.T.);
#557=PLANE('',#1037);
#558=FACE_OUTER_BOUND('',#1038,.T.);
#559=PLANE('',#1039);
#560=FACE_OUTER_BOUND('',#1040,.T.);
#561=PLANE('',#1041);
#562=FACE_OUTER_BOUND('',#1042,.T.);
#563=PLANE('',#1043);
#564=FACE_OUTER_BOUND('',#1044,.T.);
#565=PLANE('',#1045);
#566=FACE_OUTER_BOUND('',#1046,.T.);
#567=PLANE('',#1047);
#568=FACE_OUTER_BOUND('',#1048,.T.);
#569=PLANE('',#1049);
#570=FACE_OUTER_BOUND('',#1050,.T.);
#571=PLANE('',#1051);
#572=FACE_OUTER_BOUND('',#1052,.T.);
#573=PLANE('',#1053);
#574=FACE_OUTER_BOUND('',#1054,.T.);
#575=PLANE('',#1055);
#576=FACE_OUTER_BOUND('',#1056,.T.);
#577=PLANE('',#1057);
#578=FACE_OUTER_BOUND('',#1058,.T.);
#579=PLANE('',#1059);
#580=FACE_OUTER_BOUND('',#1060,.T.);
#581=PLANE('',#1061);
#582=FACE_OUTER_BOUND('',#1062,.T.);
#583=PLANE('',#1063);
#584=FACE_OUTER_BOUND('',#1064,.T.);
#585=PLANE('',#1065);
#586=FACE_OUTER_BOUND('',#1066,.T.);
#587=PLANE('',#1067);
#588=FACE_OUTER_BOUND('',#1068,.T.);
#589=PLANE('',#1069);
#590=FACE_OUTER_BOUND('',#1070,.T.);
#591=PLANE('',#1071);
#592=FACE_OUTER_BOUND('',#1072,.T.);
#593=PLANE('',#1073);
#594=FACE_OUTER_BOUND('',#1074,.T.);
#595=PLANE('',#1075);
#596=FACE_OUTER_BOUND('',#1076,.T.);
#597=PLANE('',#1077);
#598=FACE_OUTER_BOUND('',#1078,.T.);
#599=PLANE('',#1079);
#600=FACE_OUTER_BOUND('',#1080,.T.);
#601=PLANE('',#1081);
#602=FACE_OUTER_BOUND('',#1082,.T.);
#603=PLANE('',#1083);
#604=FACE_OUTER_BOUND('',#1084,.T.);
#605=PLANE('',#1085);
#606=FACE_OUTER_BOUND('',#1086,.T.);
#607=PLANE('',#1087);
#608=FACE_OUTER_BOUND('',#1088,.T.);
#609=PLANE('',#1089);
#610=FACE_OUTER_BOUND('',#1090,.T.);
#611=PLANE('',#1091);
#612=FACE_OUTER_BOUND('',#1092,.T.);
#613=PLANE('',#1093);
#614=FACE_OUTER_BOUND('',#1094,.T.);
#615=PLANE('',#1095);
#616=FACE_OUTER_BOUND('',#1096,.T.);
#617=PLANE('',#1097);
#618=FACE_OUTER_BOUND('',#1098,.T.);
#619=PLANE('',#1099);
#620=FACE_OUTER_BOUND('',#1100,.T.);
#621=PLANE('',#1101);
#622=FACE_OUTER_BOUND('',#1102,.T.);
#623=PLANE('',#1103);
#624=FACE_OUTER_BOUND('',#1104,.T.);
#625=PLANE('',#1105);
#626=FACE_OUTER_BOUND('',#1106,.T.);
#627=PLANE('',#1107);
#628=FACE_OUTER_BOUND('',#1108,.T.);
#629=PLANE('',#1109);
#630=FACE_OUTER_BOUND('',#1110,.T.);
#631=PLANE('',#1111);
#632=FACE_OUTER_BOUND('',#1112,.T.);
#633=PLANE('',#1113);
#634=FACE_OUTER_BOUND('',#1114,.T.);
#635=PLANE('',#1115);
#636=FACE_OUTER_BOUND('',#1116,.T.);
#637=PLANE('',#1117);
#638=FACE_OUTER_BOUND('',#1118,.T.);
#639=PLANE('',#1119);
#640=FACE_OUTER_BOUND('',#1120,.T.);
#641=PLANE('',#1121);
#642=FACE_OUTER_BOUND('',#1122,.T.);
#643=PLANE('',#1123);
#644=FACE_OUTER_BOUND('',#1124,.T.);
#645=PLANE('',#1125);
#646=FACE_OUTER_BOUND('',#1126,.T.);
#647=PLANE('',#1127);
#648=FACE_OUTER_BOUND('',#1128,.T.);
#649=PLANE('',#1129);
#650=FACE_OUTER_BOUND('',#1130,.T.);
#651=PLANE('',#1131);
#652=FACE_OUTER_BOUND('',#1132,.T.);
#653=PLANE('',#1133);
#654=FACE_OUTER_BOUND('',#1134,.T.);
#655=PLANE('',#1135);
#656=FACE_OUTER_BOUND('',#1136,.T.);
#657=PLANE('',#1137);
#658=FACE_OUTER_BOUND('',#1138,.T.);
#659=PLANE('',#1139);
#660=FACE_OUTER_BOUND('',#1140,.T.);
#661=PLANE('',#1141);
#662=FACE_OUTER_BOUND('',#1142,.T.);
#663=PLANE('',#1143);
#664=FACE_OUTER_BOUND('',#1144,.T.);
#665=PLANE('',#1145);
#666=FACE_OUTER_BOUND('',#1146,.T.);
#667=PLANE('',#1147);
#668=FACE_OUTER_BOUND('',#1148,.T.);
#669=PLANE('',#1149);
#670=FACE_OUTER_BOUND('',#1150,.T.);
#671=PLANE('',#1151);
#672=FACE_OUTER_BOUND('',#1152,.T.);
#673=PLANE('',#1153);
#674=FACE_OUTER_BOUND('',#1154,.T.);
#675=PLANE('',#1155);
#676=FACE_OUTER_BOUND('',#1156,.T.);
#677=PLANE('',#1157);
#678=FACE_OUTER_BOUND('',#1158,.T.);
#679=PLANE('',#1159);
#680=FACE_OUTER_BOUND('',#1160,.T.);
#681=PLANE('',#1161);
#682=FACE_OUTER_BOUND('',#1162,.T.);
#683=PLANE('',#1163);
#684=FACE_OUTER_BOUND('',#1164,.T.);
#685=PLANE('',#1165);
#686=FACE_OUTER_BOUND('',#1166,.T.);
#687=PLANE('',#1167);
#688=FACE_OUTER_BOUND('',#1168,.T.);
#689=PLANE('',#1169);
#690=FACE_OUTER_BOUND('',#1170,.T.);
#691=PLANE('',#1171);
#692=FACE_OUTER_BOUND('',#1172,.T.);
#693=PLANE('',#1173);
#694=FACE_OUTER_BOUND('',#1174,.T.);
#695=PLANE('',#1175);
#696=FACE_OUTER_BOUND('',#1176,.T.);
#697=PLANE('',#1177);
#698=FACE_OUTER_BOUND('',#1178,.T.);
#699=PLANE('',#1179);
#700=FACE_OUTER_BOUND('',#1180,.T.);
#701=PLANE('',#1181);
#702=FACE_OUTER_BOUND('',#1182,.T.);
#703=PLANE('',#1183);
#704=FACE_OUTER_BOUND('',#1184,.T.);
#705=PLANE('',#1185);
#706=FACE_OUTER_BOUND('',#1186,.T.);
#707=PLANE('',#1187);
#708=FACE_OUTER_BOUND('',#1188,.T.);
#709=PLANE('',#1189);
#710=FACE_OUTER_BOUND('',#1190,.T.);
#711=PLANE('',#1191);
#712=FACE_OUTER_BOUND('',#1192,.T.);
#713=PLANE('',#1193);
#714=FACE_OUTER_BOUND('',#1194,.T.);
#715=PLANE('',#1195);
#716=FACE_OUTER_BOUND('',#1196,.T.);
#717=PLANE('',#1197);
#718=FACE_OUTER_BOUND('',#1198,.T.);
#719=PLANE('',#1199);
#720=FACE_OUTER_BOUND('',#1200,.T.);
#721=PLANE('',#1201);
#722=FACE_OUTER_BOUND('',#1202,.T.);
#723=PLANE('',#1203);
#724=FACE_OUTER_BOUND('',#1204,.T.);
#725=PLANE('',#1205);
#726=FACE_OUTER_BOUND('',#1206,.T.);
#727=PLANE('',#1207);
#728=FACE_OUTER_BOUND('',#1208,.T.);
#729=PLANE('',#1209);
#730=FACE_OUTER_BOUND('',#1210,.T.);
#731=PLANE('',#1211);
#732=FACE_OUTER_BOUND('',#1212,.T.);
#733=PLANE('',#1213);
#734=FACE_OUTER_BOUND('',#1214,.T.);
#735=PLANE('',#1215);
#736=FACE_OUTER_BOUND('',#1216,.T.);
#737=PLANE('',#1217);
#738=FACE_OUTER_BOUND('',#1218,.T.);
#739=PLANE('',#1219);
#740=FACE_OUTER_BOUND('',#1220,.T.);
#741=PLANE('',#1221);
#742=FACE_OUTER_BOUND('',#1222,.T.);
#743=PLANE('',#1223);
#744=FACE_OUTER_BOUND('',#1224,.T.);
#745=CYLINDRICAL_SURFACE('',#1225,0.199999999999999);
#746=FACE_OUTER_BOUND('',#1226,.T.);
#747=PLANE('',#1227);
#748=FACE_OUTER_BOUND('',#1228,.T.);
#749=PLANE('',#1229);
#750=FACE_OUTER_BOUND('',#1230,.T.);
#751=PLANE('',#1231);
#752=FACE_OUTER_BOUND('',#1232,.T.);
#753=PLANE('',#1233);
#754=FACE_OUTER_BOUND('',#1234,.T.);
#755=PLANE('',#1235);
#756=FACE_OUTER_BOUND('',#1236,.T.);
#757=PLANE('',#1237);
#758=FACE_OUTER_BOUND('',#1238,.T.);
#759=CYLINDRICAL_SURFACE('',#1239,0.199999999999999);
#760=FACE_OUTER_BOUND('',#1240,.T.);
#761=PLANE('',#1241);
#762=SURFACE_STYLE_FILL_AREA(#1242);
#763=FACE_OUTER_BOUND('',#1243,.T.);
#764=PLANE('',#1244);
#765=FACE_OUTER_BOUND('',#1245,.T.);
#766=PLANE('',#1246);
#767=FACE_OUTER_BOUND('',#1247,.T.);
#768=PLANE('',#1248);
#769=FACE_OUTER_BOUND('',#1249,.T.);
#770=PLANE('',#1250);
#771=FACE_OUTER_BOUND('',#1251,.T.);
#772=PLANE('',#1252);
#773=FACE_OUTER_BOUND('',#1253,.T.);
#774=PLANE('',#1254);
#775=FILL_AREA_STYLE('',(#1255));
#776=EDGE_LOOP('',(#1256,#1257,#1258,#1259));
#777=EDGE_LOOP('',(#1260,#1261,#1262,#1263));
#778=AXIS2_PLACEMENT_3D('',#1264,#1265,#1266);
#779=EDGE_LOOP('',(#1267,#1268,#1269,#1270));
#780=EDGE_LOOP('',(#1271,#1272,#1273,#1274));
#781=AXIS2_PLACEMENT_3D('',#1275,#1276,#1277);
#782=EDGE_LOOP('',(#1278,#1279,#1280,#1281));
#783=EDGE_LOOP('',(#1282,#1283,#1284,#1285));
#784=EDGE_LOOP('',(#1286,#1287,#1288,#1289));
#785=EDGE_LOOP('',(#1290,#1291,#1292,#1293));
#786=EDGE_LOOP('',(#1294,#1295,#1296,#1297));
#787=EDGE_LOOP('',(#1298,#1299,#1300,#1301));
#788=EDGE_LOOP('',(#1302,#1303,#1304,#1305));
#789=EDGE_LOOP('',(#1306,#1307,#1308,#1309));
#790=EDGE_LOOP('',(#1310,#1311,#1312,#1313));
#791=EDGE_LOOP('',(#1314,#1315,#1316,#1317));
#792=EDGE_LOOP('',(#1318,#1319,#1320,#1321));
#793=EDGE_LOOP('',(#1322,#1323,#1324,#1325));
#794=EDGE_LOOP('',(#1326,#1327,#1328,#1329,#1330,#1331,#1332,#1333,#1334,#1335,#1336,#1337,#1338,#1339,#1340,#1341));
#795=AXIS2_PLACEMENT_3D('',#1342,#1343,#1344);
#796=EDGE_LOOP('',(#1345,#1346,#1347,#1348,#1349,#1350,#1351,#1352));
#797=AXIS2_PLACEMENT_3D('',#1353,#1354,#1355);
#798=EDGE_LOOP('',(#1356,#1357,#1358,#1359,#1360,#1361,#1362,#1363));
#799=AXIS2_PLACEMENT_3D('',#1364,#1365,#1366);
#800=EDGE_LOOP('',(#1367,#1368,#1369,#1370,#1371,#1372,#1373,#1374,#1375,#1376,#1377,#1378,#1379,#1380,#1381,#1382));
#801=AXIS2_PLACEMENT_3D('',#1383,#1384,#1385);
#802=EDGE_LOOP('',(#1386,#1387,#1388,#1389,#1390,#1391));
#803=AXIS2_PLACEMENT_3D('',#1392,#1393,#1394);
#804=EDGE_LOOP('',(#1395,#1396,#1397,#1398,#1399,#1400,#1401,#1402,#1403,#1404,#1405,#1406,#1407,#1408,#1409,#1410));
#805=AXIS2_PLACEMENT_3D('',#1411,#1412,#1413);
#806=EDGE_LOOP('',(#1414,#1415,#1416,#1417,#1418,#1419,#1420,#1421));
#807=AXIS2_PLACEMENT_3D('',#1422,#1423,#1424);
#808=EDGE_LOOP('',(#1425,#1426,#1427,#1428,#1429,#1430,#1431,#1432));
#809=AXIS2_PLACEMENT_3D('',#1433,#1434,#1435);
#810=EDGE_LOOP('',(#1436,#1437,#1438,#1439,#1440,#1441,#1442,#1443));
#811=AXIS2_PLACEMENT_3D('',#1444,#1445,#1446);
#812=EDGE_LOOP('',(#1447,#1448,#1449,#1450,#1451,#1452,#1453,#1454));
#813=AXIS2_PLACEMENT_3D('',#1455,#1456,#1457);
#814=EDGE_LOOP('',(#1458,#1459,#1460,#1461));
#815=AXIS2_PLACEMENT_3D('',#1462,#1463,#1464);
#816=EDGE_LOOP('',(#1465,#1466,#1467,#1468,#1469,#1470));
#817=AXIS2_PLACEMENT_3D('',#1471,#1472,#1473);
#818=EDGE_LOOP('',(#1474,#1475,#1476,#1477,#1478,#1479));
#819=AXIS2_PLACEMENT_3D('',#1480,#1481,#1482);
#820=EDGE_LOOP('',(#1483,#1484,#1485,#1486));
#821=AXIS2_PLACEMENT_3D('',#1487,#1488,#1489);
#822=EDGE_LOOP('',(#1490,#1491,#1492,#1493));
#823=AXIS2_PLACEMENT_3D('',#1494,#1495,#1496);
#824=EDGE_LOOP('',(#1497,#1498,#1499,#1500));
#825=AXIS2_PLACEMENT_3D('',#1501,#1502,#1503);
#826=EDGE_LOOP('',(#1504,#1505,#1506,#1507));
#827=AXIS2_PLACEMENT_3D('',#1508,#1509,#1510);
#828=EDGE_LOOP('',(#1511,#1512,#1513,#1514));
#829=AXIS2_PLACEMENT_3D('',#1515,#1516,#1517);
#830=EDGE_LOOP('',(#1518,#1519,#1520,#1521));
#831=AXIS2_PLACEMENT_3D('',#1522,#1523,#1524);
#832=EDGE_LOOP('',(#1525,#1526,#1527,#1528));
#833=AXIS2_PLACEMENT_3D('',#1529,#1530,#1531);
#834=EDGE_LOOP('',(#1532,#1533,#1534,#1535));
#835=AXIS2_PLACEMENT_3D('',#1536,#1537,#1538);
#836=EDGE_LOOP('',(#1539,#1540,#1541,#1542));
#837=AXIS2_PLACEMENT_3D('',#1543,#1544,#1545);
#838=EDGE_LOOP('',(#1546,#1547,#1548,#1549));
#839=AXIS2_PLACEMENT_3D('',#1550,#1551,#1552);
#840=EDGE_LOOP('',(#1553,#1554,#1555,#1556,#1557,#1558,#1559,#1560,#1561,#1562,#1563,#1564,#1565,#1566,#1567,#1568,#1569,#1570,#1571,#1572,#1573,#1574,#1575,#1576,#1577,#1578,#1579,#1580,#1581,#1582,#1583,#1584,#1585,#1586,#1587,#1588,#1589,#1590,#1591,#1592,#1593,#1594,#1595,#1596,#1597,#1598,#1599,#1600,#1601,#1602,#1603,#1604));
#841=AXIS2_PLACEMENT_3D('',#1605,#1606,#1607);
#842=EDGE_LOOP('',(#1608,#1609,#1610,#1611,#1612,#1613,#1614,#1615,#1616,#1617,#1618,#1619,#1620,#1621,#1622,#1623,#1624,#1625,#1626,#1627,#1628,#1629,#1630,#1631,#1632,#1633,#1634,#1635,#1636,#1637,#1638,#1639,#1640,#1641,#1642,#1643,#1644,#1645,#1646,#1647,#1648,#1649,#1650,#1651,#1652,#1653,#1654,#1655,#1656,#1657,#1658,#1659));
#843=AXIS2_PLACEMENT_3D('',#1660,#1661,#1662);
#844=EDGE_LOOP('',(#1663,#1664,#1665,#1666));
#845=AXIS2_PLACEMENT_3D('',#1667,#1668,#1669);
#846=EDGE_LOOP('',(#1670,#1671,#1672,#1673));
#847=AXIS2_PLACEMENT_3D('',#1674,#1675,#1676);
#848=EDGE_LOOP('',(#1677,#1678,#1679,#1680));
#849=AXIS2_PLACEMENT_3D('',#1681,#1682,#1683);
#850=EDGE_LOOP('',(#1684,#1685,#1686,#1687));
#851=AXIS2_PLACEMENT_3D('',#1688,#1689,#1690);
#852=EDGE_LOOP('',(#1691,#1692,#1693,#1694));
#853=AXIS2_PLACEMENT_3D('',#1695,#1696,#1697);
#854=EDGE_LOOP('',(#1698,#1699,#1700,#1701,#1702,#1703,#1704,#1705));
#855=AXIS2_PLACEMENT_3D('',#1706,#1707,#1708);
#856=EDGE_LOOP('',(#1709,#1710,#1711,#1712,#1713,#1714));
#857=AXIS2_PLACEMENT_3D('',#1715,#1716,#1717);
#858=EDGE_LOOP('',(#1718,#1719,#1720,#1721));
#859=AXIS2_PLACEMENT_3D('',#1722,#1723,#1724);
#860=EDGE_LOOP('',(#1725,#1726,#1727,#1728));
#861=EDGE_LOOP('',(#1729,#1730,#1731,#1732));
#862=AXIS2_PLACEMENT_3D('',#1733,#1734,#1735);
#863=EDGE_LOOP('',(#1736,#1737,#1738,#1739,#1740,#1741));
#864=AXIS2_PLACEMENT_3D('',#1742,#1743,#1744);
#865=EDGE_LOOP('',(#1745,#1746,#1747,#1748,#1749,#1750));
#866=AXIS2_PLACEMENT_3D('',#1751,#1752,#1753);
#867=EDGE_LOOP('',(#1754,#1755,#1756,#1757));
#868=EDGE_LOOP('',(#1758,#1759,#1760,#1761,#1762,#1763,#1764,#1765));
#869=AXIS2_PLACEMENT_3D('',#1766,#1767,#1768);
#870=EDGE_LOOP('',(#1769,#1770,#1771,#1772,#1773));
#871=AXIS2_PLACEMENT_3D('',#1774,#1775,#1776);
#872=EDGE_LOOP('',(#1777,#1778,#1779,#1780,#1781));
#873=AXIS2_PLACEMENT_3D('',#1782,#1783,#1784);
#874=EDGE_LOOP('',(#1785,#1786,#1787,#1788));
#875=AXIS2_PLACEMENT_3D('',#1789,#1790,#1791);
#876=EDGE_LOOP('',(#1792,#1793,#1794,#1795));
#877=AXIS2_PLACEMENT_3D('',#1796,#1797,#1798);
#878=EDGE_LOOP('',(#1799,#1800,#1801,#1802));
#879=AXIS2_PLACEMENT_3D('',#1803,#1804,#1805);
#880=EDGE_LOOP('',(#1806,#1807,#1808,#1809));
#881=AXIS2_PLACEMENT_3D('',#1810,#1811,#1812);
#882=EDGE_LOOP('',(#1813,#1814,#1815,#1816));
#883=AXIS2_PLACEMENT_3D('',#1817,#1818,#1819);
#884=EDGE_LOOP('',(#1820,#1821,#1822,#1823));
#885=AXIS2_PLACEMENT_3D('',#1824,#1825,#1826);
#886=EDGE_LOOP('',(#1827,#1828,#1829,#1830,#1831,#1832));
#887=AXIS2_PLACEMENT_3D('',#1833,#1834,#1835);
#888=EDGE_LOOP('',(#1836,#1837,#1838,#1839,#1840,#1841));
#889=AXIS2_PLACEMENT_3D('',#1842,#1843,#1844);
#890=EDGE_LOOP('',(#1845,#1846,#1847,#1848));
#891=AXIS2_PLACEMENT_3D('',#1849,#1850,#1851);
#892=EDGE_LOOP('',(#1852,#1853,#1854,#1855));
#893=AXIS2_PLACEMENT_3D('',#1856,#1857,#1858);
#894=EDGE_LOOP('',(#1859,#1860,#1861,#1862));
#895=AXIS2_PLACEMENT_3D('',#1863,#1864,#1865);
#896=EDGE_LOOP('',(#1866,#1867,#1868,#1869));
#897=AXIS2_PLACEMENT_3D('',#1870,#1871,#1872);
#898=EDGE_LOOP('',(#1873,#1874,#1875,#1876));
#899=AXIS2_PLACEMENT_3D('',#1877,#1878,#1879);
#900=EDGE_LOOP('',(#1880,#1881,#1882,#1883));
#901=AXIS2_PLACEMENT_3D('',#1884,#1885,#1886);
#902=EDGE_LOOP('',(#1887,#1888,#1889,#1890));
#903=AXIS2_PLACEMENT_3D('',#1891,#1892,#1893);
#904=EDGE_LOOP('',(#1894,#1895,#1896,#1897));
#905=AXIS2_PLACEMENT_3D('',#1898,#1899,#1900);
#906=EDGE_LOOP('',(#1901,#1902,#1903,#1904,#1905,#1906,#1907,#1908));
#907=AXIS2_PLACEMENT_3D('',#1909,#1910,#1911);
#908=EDGE_LOOP('',(#1912,#1913,#1914,#1915,#1916,#1917,#1918,#1919));
#909=AXIS2_PLACEMENT_3D('',#1920,#1921,#1922);
#910=EDGE_LOOP('',(#1923,#1924,#1925,#1926));
#911=AXIS2_PLACEMENT_3D('',#1927,#1928,#1929);
#912=EDGE_LOOP('',(#1930,#1931,#1932,#1933));
#913=AXIS2_PLACEMENT_3D('',#1934,#1935,#1936);
#914=EDGE_LOOP('',(#1937,#1938,#1939,#1940));
#915=AXIS2_PLACEMENT_3D('',#1941,#1942,#1943);
#916=EDGE_LOOP('',(#1944,#1945,#1946,#1947));
#917=AXIS2_PLACEMENT_3D('',#1948,#1949,#1950);
#918=EDGE_LOOP('',(#1951,#1952,#1953,#1954));
#919=AXIS2_PLACEMENT_3D('',#1955,#1956,#1957);
#920=EDGE_LOOP('',(#1958,#1959,#1960,#1961));
#921=AXIS2_PLACEMENT_3D('',#1962,#1963,#1964);
#922=EDGE_LOOP('',(#1965,#1966,#1967,#1968));
#923=AXIS2_PLACEMENT_3D('',#1969,#1970,#1971);
#924=EDGE_LOOP('',(#1972,#1973,#1974,#1975));
#925=AXIS2_PLACEMENT_3D('',#1976,#1977,#1978);
#926=EDGE_LOOP('',(#1979,#1980,#1981,#1982));
#927=AXIS2_PLACEMENT_3D('',#1983,#1984,#1985);
#928=EDGE_LOOP('',(#1986,#1987,#1988,#1989));
#929=AXIS2_PLACEMENT_3D('',#1990,#1991,#1992);
#930=EDGE_LOOP('',(#1993,#1994,#1995,#1996));
#931=AXIS2_PLACEMENT_3D('',#1997,#1998,#1999);
#932=EDGE_LOOP('',(#2000,#2001,#2002,#2003,#2004,#2005,#2006,#2007));
#933=AXIS2_PLACEMENT_3D('',#2008,#2009,#2010);
#934=EDGE_LOOP('',(#2011,#2012,#2013,#2014,#2015,#2016,#2017,#2018));
#935=AXIS2_PLACEMENT_3D('',#2019,#2020,#2021);
#936=EDGE_LOOP('',(#2022,#2023,#2024,#2025));
#937=AXIS2_PLACEMENT_3D('',#2026,#2027,#2028);
#938=EDGE_LOOP('',(#2029,#2030,#2031,#2032));
#939=AXIS2_PLACEMENT_3D('',#2033,#2034,#2035);
#940=EDGE_LOOP('',(#2036,#2037,#2038,#2039));
#941=AXIS2_PLACEMENT_3D('',#2040,#2041,#2042);
#942=EDGE_LOOP('',(#2043,#2044,#2045,#2046));
#943=AXIS2_PLACEMENT_3D('',#2047,#2048,#2049);
#944=EDGE_LOOP('',(#2050,#2051,#2052,#2053));
#945=AXIS2_PLACEMENT_3D('',#2054,#2055,#2056);
#946=EDGE_LOOP('',(#2057,#2058,#2059,#2060));
#947=AXIS2_PLACEMENT_3D('',#2061,#2062,#2063);
#948=EDGE_LOOP('',(#2064,#2065,#2066,#2067));
#949=AXIS2_PLACEMENT_3D('',#2068,#2069,#2070);
#950=EDGE_LOOP('',(#2071,#2072,#2073,#2074));
#951=AXIS2_PLACEMENT_3D('',#2075,#2076,#2077);
#952=EDGE_LOOP('',(#2078,#2079,#2080,#2081));
#953=AXIS2_PLACEMENT_3D('',#2082,#2083,#2084);
#954=EDGE_LOOP('',(#2085,#2086,#2087,#2088));
#955=AXIS2_PLACEMENT_3D('',#2089,#2090,#2091);
#956=EDGE_LOOP('',(#2092,#2093,#2094,#2095));
#957=AXIS2_PLACEMENT_3D('',#2096,#2097,#2098);
#958=EDGE_LOOP('',(#2099,#2100,#2101,#2102,#2103,#2104,#2105,#2106));
#959=AXIS2_PLACEMENT_3D('',#2107,#2108,#2109);
#960=EDGE_LOOP('',(#2110,#2111,#2112,#2113,#2114,#2115,#2116,#2117));
#961=AXIS2_PLACEMENT_3D('',#2118,#2119,#2120);
#962=EDGE_LOOP('',(#2121,#2122,#2123,#2124));
#963=AXIS2_PLACEMENT_3D('',#2125,#2126,#2127);
#964=EDGE_LOOP('',(#2128,#2129,#2130,#2131));
#965=AXIS2_PLACEMENT_3D('',#2132,#2133,#2134);
#966=EDGE_LOOP('',(#2135,#2136,#2137,#2138));
#967=AXIS2_PLACEMENT_3D('',#2139,#2140,#2141);
#968=EDGE_LOOP('',(#2142,#2143,#2144,#2145));
#969=AXIS2_PLACEMENT_3D('',#2146,#2147,#2148);
#970=EDGE_LOOP('',(#2149,#2150,#2151,#2152));
#971=AXIS2_PLACEMENT_3D('',#2153,#2154,#2155);
#972=EDGE_LOOP('',(#2156,#2157,#2158,#2159));
#973=AXIS2_PLACEMENT_3D('',#2160,#2161,#2162);
#974=EDGE_LOOP('',(#2163,#2164,#2165,#2166));
#975=AXIS2_PLACEMENT_3D('',#2167,#2168,#2169);
#976=EDGE_LOOP('',(#2170,#2171,#2172,#2173));
#977=AXIS2_PLACEMENT_3D('',#2174,#2175,#2176);
#978=EDGE_LOOP('',(#2177,#2178,#2179,#2180));
#979=AXIS2_PLACEMENT_3D('',#2181,#2182,#2183);
#980=EDGE_LOOP('',(#2184,#2185,#2186,#2187));
#981=AXIS2_PLACEMENT_3D('',#2188,#2189,#2190);
#982=EDGE_LOOP('',(#2191,#2192,#2193,#2194));
#983=AXIS2_PLACEMENT_3D('',#2195,#2196,#2197);
#984=EDGE_LOOP('',(#2198,#2199,#2200,#2201,#2202,#2203,#2204,#2205));
#985=AXIS2_PLACEMENT_3D('',#2206,#2207,#2208);
#986=EDGE_LOOP('',(#2209,#2210,#2211,#2212,#2213,#2214,#2215,#2216));
#987=AXIS2_PLACEMENT_3D('',#2217,#2218,#2219);
#988=EDGE_LOOP('',(#2220,#2221,#2222,#2223));
#989=AXIS2_PLACEMENT_3D('',#2224,#2225,#2226);
#990=EDGE_LOOP('',(#2227,#2228,#2229,#2230));
#991=AXIS2_PLACEMENT_3D('',#2231,#2232,#2233);
#992=EDGE_LOOP('',(#2234,#2235,#2236,#2237));
#993=AXIS2_PLACEMENT_3D('',#2238,#2239,#2240);
#994=EDGE_LOOP('',(#2241,#2242,#2243,#2244));
#995=AXIS2_PLACEMENT_3D('',#2245,#2246,#2247);
#996=EDGE_LOOP('',(#2248,#2249,#2250,#2251));
#997=AXIS2_PLACEMENT_3D('',#2252,#2253,#2254);
#998=EDGE_LOOP('',(#2255,#2256,#2257,#2258));
#999=AXIS2_PLACEMENT_3D('',#2259,#2260,#2261);
#1000=EDGE_LOOP('',(#2262,#2263,#2264,#2265));
#1001=AXIS2_PLACEMENT_3D('',#2266,#2267,#2268);
#1002=EDGE_LOOP('',(#2269,#2270,#2271,#2272));
#1003=AXIS2_PLACEMENT_3D('',#2273,#2274,#2275);
#1004=EDGE_LOOP('',(#2276,#2277,#2278,#2279));
#1005=AXIS2_PLACEMENT_3D('',#2280,#2281,#2282);
#1006=EDGE_LOOP('',(#2283,#2284,#2285,#2286));
#1007=AXIS2_PLACEMENT_3D('',#2287,#2288,#2289);
#1008=EDGE_LOOP('',(#2290,#2291,#2292,#2293));
#1009=AXIS2_PLACEMENT_3D('',#2294,#2295,#2296);
#1010=EDGE_LOOP('',(#2297,#2298,#2299,#2300,#2301,#2302,#2303,#2304));
#1011=AXIS2_PLACEMENT_3D('',#2305,#2306,#2307);
#1012=EDGE_LOOP('',(#2308,#2309,#2310,#2311,#2312,#2313,#2314,#2315));
#1013=AXIS2_PLACEMENT_3D('',#2316,#2317,#2318);
#1014=EDGE_LOOP('',(#2319,#2320,#2321,#2322));
#1015=AXIS2_PLACEMENT_3D('',#2323,#2324,#2325);
#1016=EDGE_LOOP('',(#2326,#2327,#2328,#2329));
#1017=AXIS2_PLACEMENT_3D('',#2330,#2331,#2332);
#1018=EDGE_LOOP('',(#2333,#2334,#2335,#2336));
#1019=AXIS2_PLACEMENT_3D('',#2337,#2338,#2339);
#1020=EDGE_LOOP('',(#2340,#2341,#2342,#2343));
#1021=AXIS2_PLACEMENT_3D('',#2344,#2345,#2346);
#1022=EDGE_LOOP('',(#2347,#2348,#2349,#2350));
#1023=AXIS2_PLACEMENT_3D('',#2351,#2352,#2353);
#1024=EDGE_LOOP('',(#2354,#2355,#2356,#2357));
#1025=AXIS2_PLACEMENT_3D('',#2358,#2359,#2360);
#1026=EDGE_LOOP('',(#2361,#2362,#2363,#2364));
#1027=AXIS2_PLACEMENT_3D('',#2365,#2366,#2367);
#1028=EDGE_LOOP('',(#2368,#2369,#2370,#2371));
#1029=AXIS2_PLACEMENT_3D('',#2372,#2373,#2374);
#1030=EDGE_LOOP('',(#2375,#2376,#2377,#2378));
#1031=AXIS2_PLACEMENT_3D('',#2379,#2380,#2381);
#1032=EDGE_LOOP('',(#2382,#2383,#2384,#2385));
#1033=AXIS2_PLACEMENT_3D('',#2386,#2387,#2388);
#1034=EDGE_LOOP('',(#2389,#2390,#2391,#2392));
#1035=AXIS2_PLACEMENT_3D('',#2393,#2394,#2395);
#1036=EDGE_LOOP('',(#2396,#2397,#2398,#2399,#2400,#2401,#2402,#2403));
#1037=AXIS2_PLACEMENT_3D('',#2404,#2405,#2406);
#1038=EDGE_LOOP('',(#2407,#2408,#2409,#2410,#2411,#2412,#2413,#2414));
#1039=AXIS2_PLACEMENT_3D('',#2415,#2416,#2417);
#1040=EDGE_LOOP('',(#2418,#2419,#2420,#2421));
#1041=AXIS2_PLACEMENT_3D('',#2422,#2423,#2424);
#1042=EDGE_LOOP('',(#2425,#2426,#2427,#2428));
#1043=AXIS2_PLACEMENT_3D('',#2429,#2430,#2431);
#1044=EDGE_LOOP('',(#2432,#2433,#2434,#2435));
#1045=AXIS2_PLACEMENT_3D('',#2436,#2437,#2438);
#1046=EDGE_LOOP('',(#2439,#2440,#2441,#2442));
#1047=AXIS2_PLACEMENT_3D('',#2443,#2444,#2445);
#1048=EDGE_LOOP('',(#2446,#2447,#2448,#2449));
#1049=AXIS2_PLACEMENT_3D('',#2450,#2451,#2452);
#1050=EDGE_LOOP('',(#2453,#2454,#2455,#2456));
#1051=AXIS2_PLACEMENT_3D('',#2457,#2458,#2459);
#1052=EDGE_LOOP('',(#2460,#2461,#2462,#2463));
#1053=AXIS2_PLACEMENT_3D('',#2464,#2465,#2466);
#1054=EDGE_LOOP('',(#2467,#2468,#2469,#2470));
#1055=AXIS2_PLACEMENT_3D('',#2471,#2472,#2473);
#1056=EDGE_LOOP('',(#2474,#2475,#2476,#2477));
#1057=AXIS2_PLACEMENT_3D('',#2478,#2479,#2480);
#1058=EDGE_LOOP('',(#2481,#2482,#2483,#2484));
#1059=AXIS2_PLACEMENT_3D('',#2485,#2486,#2487);
#1060=EDGE_LOOP('',(#2488,#2489,#2490,#2491));
#1061=AXIS2_PLACEMENT_3D('',#2492,#2493,#2494);
#1062=EDGE_LOOP('',(#2495,#2496,#2497,#2498,#2499,#2500,#2501,#2502));
#1063=AXIS2_PLACEMENT_3D('',#2503,#2504,#2505);
#1064=EDGE_LOOP('',(#2506,#2507,#2508,#2509,#2510,#2511,#2512,#2513));
#1065=AXIS2_PLACEMENT_3D('',#2514,#2515,#2516);
#1066=EDGE_LOOP('',(#2517,#2518,#2519,#2520));
#1067=AXIS2_PLACEMENT_3D('',#2521,#2522,#2523);
#1068=EDGE_LOOP('',(#2524,#2525,#2526,#2527));
#1069=AXIS2_PLACEMENT_3D('',#2528,#2529,#2530);
#1070=EDGE_LOOP('',(#2531,#2532,#2533,#2534));
#1071=AXIS2_PLACEMENT_3D('',#2535,#2536,#2537);
#1072=EDGE_LOOP('',(#2538,#2539,#2540,#2541));
#1073=AXIS2_PLACEMENT_3D('',#2542,#2543,#2544);
#1074=EDGE_LOOP('',(#2545,#2546,#2547,#2548));
#1075=AXIS2_PLACEMENT_3D('',#2549,#2550,#2551);
#1076=EDGE_LOOP('',(#2552,#2553,#2554,#2555));
#1077=AXIS2_PLACEMENT_3D('',#2556,#2557,#2558);
#1078=EDGE_LOOP('',(#2559,#2560,#2561,#2562));
#1079=AXIS2_PLACEMENT_3D('',#2563,#2564,#2565);
#1080=EDGE_LOOP('',(#2566,#2567,#2568,#2569));
#1081=AXIS2_PLACEMENT_3D('',#2570,#2571,#2572);
#1082=EDGE_LOOP('',(#2573,#2574,#2575,#2576));
#1083=AXIS2_PLACEMENT_3D('',#2577,#2578,#2579);
#1084=EDGE_LOOP('',(#2580,#2581,#2582,#2583));
#1085=AXIS2_PLACEMENT_3D('',#2584,#2585,#2586);
#1086=EDGE_LOOP('',(#2587,#2588,#2589,#2590));
#1087=AXIS2_PLACEMENT_3D('',#2591,#2592,#2593);
#1088=EDGE_LOOP('',(#2594,#2595,#2596,#2597,#2598,#2599,#2600,#2601));
#1089=AXIS2_PLACEMENT_3D('',#2602,#2603,#2604);
#1090=EDGE_LOOP('',(#2605,#2606,#2607,#2608,#2609,#2610,#2611,#2612));
#1091=AXIS2_PLACEMENT_3D('',#2613,#2614,#2615);
#1092=EDGE_LOOP('',(#2616,#2617,#2618,#2619));
#1093=AXIS2_PLACEMENT_3D('',#2620,#2621,#2622);
#1094=EDGE_LOOP('',(#2623,#2624,#2625,#2626));
#1095=AXIS2_PLACEMENT_3D('',#2627,#2628,#2629);
#1096=EDGE_LOOP('',(#2630,#2631,#2632,#2633));
#1097=AXIS2_PLACEMENT_3D('',#2634,#2635,#2636);
#1098=EDGE_LOOP('',(#2637,#2638,#2639,#2640));
#1099=AXIS2_PLACEMENT_3D('',#2641,#2642,#2643);
#1100=EDGE_LOOP('',(#2644,#2645,#2646,#2647));
#1101=AXIS2_PLACEMENT_3D('',#2648,#2649,#2650);
#1102=EDGE_LOOP('',(#2651,#2652,#2653,#2654));
#1103=AXIS2_PLACEMENT_3D('',#2655,#2656,#2657);
#1104=EDGE_LOOP('',(#2658,#2659,#2660,#2661));
#1105=AXIS2_PLACEMENT_3D('',#2662,#2663,#2664);
#1106=EDGE_LOOP('',(#2665,#2666,#2667,#2668));
#1107=AXIS2_PLACEMENT_3D('',#2669,#2670,#2671);
#1108=EDGE_LOOP('',(#2672,#2673,#2674,#2675));
#1109=AXIS2_PLACEMENT_3D('',#2676,#2677,#2678);
#1110=EDGE_LOOP('',(#2679,#2680,#2681,#2682));
#1111=AXIS2_PLACEMENT_3D('',#2683,#2684,#2685);
#1112=EDGE_LOOP('',(#2686,#2687,#2688,#2689));
#1113=AXIS2_PLACEMENT_3D('',#2690,#2691,#2692);
#1114=EDGE_LOOP('',(#2693,#2694,#2695,#2696,#2697,#2698,#2699,#2700));
#1115=AXIS2_PLACEMENT_3D('',#2701,#2702,#2703);
#1116=EDGE_LOOP('',(#2704,#2705,#2706,#2707,#2708,#2709,#2710,#2711));
#1117=AXIS2_PLACEMENT_3D('',#2712,#2713,#2714);
#1118=EDGE_LOOP('',(#2715,#2716,#2717,#2718));
#1119=AXIS2_PLACEMENT_3D('',#2719,#2720,#2721);
#1120=EDGE_LOOP('',(#2722,#2723,#2724,#2725));
#1121=AXIS2_PLACEMENT_3D('',#2726,#2727,#2728);
#1122=EDGE_LOOP('',(#2729,#2730,#2731,#2732));
#1123=AXIS2_PLACEMENT_3D('',#2733,#2734,#2735);
#1124=EDGE_LOOP('',(#2736,#2737,#2738,#2739));
#1125=AXIS2_PLACEMENT_3D('',#2740,#2741,#2742);
#1126=EDGE_LOOP('',(#2743,#2744,#2745,#2746));
#1127=AXIS2_PLACEMENT_3D('',#2747,#2748,#2749);
#1128=EDGE_LOOP('',(#2750,#2751,#2752,#2753));
#1129=AXIS2_PLACEMENT_3D('',#2754,#2755,#2756);
#1130=EDGE_LOOP('',(#2757,#2758,#2759,#2760));
#1131=AXIS2_PLACEMENT_3D('',#2761,#2762,#2763);
#1132=EDGE_LOOP('',(#2764,#2765,#2766,#2767));
#1133=AXIS2_PLACEMENT_3D('',#2768,#2769,#2770);
#1134=EDGE_LOOP('',(#2771,#2772,#2773,#2774));
#1135=AXIS2_PLACEMENT_3D('',#2775,#2776,#2777);
#1136=EDGE_LOOP('',(#2778,#2779,#2780,#2781));
#1137=AXIS2_PLACEMENT_3D('',#2782,#2783,#2784);
#1138=EDGE_LOOP('',(#2785,#2786,#2787,#2788));
#1139=AXIS2_PLACEMENT_3D('',#2789,#2790,#2791);
#1140=EDGE_LOOP('',(#2792,#2793,#2794,#2795,#2796,#2797,#2798,#2799));
#1141=AXIS2_PLACEMENT_3D('',#2800,#2801,#2802);
#1142=EDGE_LOOP('',(#2803,#2804,#2805,#2806,#2807,#2808,#2809,#2810));
#1143=AXIS2_PLACEMENT_3D('',#2811,#2812,#2813);
#1144=EDGE_LOOP('',(#2814,#2815,#2816,#2817));
#1145=AXIS2_PLACEMENT_3D('',#2818,#2819,#2820);
#1146=EDGE_LOOP('',(#2821,#2822,#2823,#2824));
#1147=AXIS2_PLACEMENT_3D('',#2825,#2826,#2827);
#1148=EDGE_LOOP('',(#2828,#2829,#2830,#2831));
#1149=AXIS2_PLACEMENT_3D('',#2832,#2833,#2834);
#1150=EDGE_LOOP('',(#2835,#2836,#2837,#2838));
#1151=AXIS2_PLACEMENT_3D('',#2839,#2840,#2841);
#1152=EDGE_LOOP('',(#2842,#2843,#2844,#2845));
#1153=AXIS2_PLACEMENT_3D('',#2846,#2847,#2848);
#1154=EDGE_LOOP('',(#2849,#2850,#2851,#2852));
#1155=AXIS2_PLACEMENT_3D('',#2853,#2854,#2855);
#1156=EDGE_LOOP('',(#2856,#2857,#2858,#2859));
#1157=AXIS2_PLACEMENT_3D('',#2860,#2861,#2862);
#1158=EDGE_LOOP('',(#2863,#2864,#2865,#2866));
#1159=AXIS2_PLACEMENT_3D('',#2867,#2868,#2869);
#1160=EDGE_LOOP('',(#2870,#2871,#2872,#2873));
#1161=AXIS2_PLACEMENT_3D('',#2874,#2875,#2876);
#1162=EDGE_LOOP('',(#2877,#2878,#2879,#2880));
#1163=AXIS2_PLACEMENT_3D('',#2881,#2882,#2883);
#1164=EDGE_LOOP('',(#2884,#2885,#2886,#2887));
#1165=AXIS2_PLACEMENT_3D('',#2888,#2889,#2890);
#1166=EDGE_LOOP('',(#2891,#2892,#2893,#2894,#2895,#2896,#2897,#2898));
#1167=AXIS2_PLACEMENT_3D('',#2899,#2900,#2901);
#1168=EDGE_LOOP('',(#2902,#2903,#2904,#2905,#2906,#2907,#2908,#2909));
#1169=AXIS2_PLACEMENT_3D('',#2910,#2911,#2912);
#1170=EDGE_LOOP('',(#2913,#2914,#2915,#2916));
#1171=AXIS2_PLACEMENT_3D('',#2917,#2918,#2919);
#1172=EDGE_LOOP('',(#2920,#2921,#2922,#2923));
#1173=AXIS2_PLACEMENT_3D('',#2924,#2925,#2926);
#1174=EDGE_LOOP('',(#2927,#2928,#2929,#2930));
#1175=AXIS2_PLACEMENT_3D('',#2931,#2932,#2933);
#1176=EDGE_LOOP('',(#2934,#2935,#2936,#2937));
#1177=AXIS2_PLACEMENT_3D('',#2938,#2939,#2940);
#1178=EDGE_LOOP('',(#2941,#2942,#2943,#2944));
#1179=AXIS2_PLACEMENT_3D('',#2945,#2946,#2947);
#1180=EDGE_LOOP('',(#2948,#2949,#2950,#2951));
#1181=AXIS2_PLACEMENT_3D('',#2952,#2953,#2954);
#1182=EDGE_LOOP('',(#2955,#2956,#2957,#2958));
#1183=AXIS2_PLACEMENT_3D('',#2959,#2960,#2961);
#1184=EDGE_LOOP('',(#2962,#2963,#2964,#2965));
#1185=AXIS2_PLACEMENT_3D('',#2966,#2967,#2968);
#1186=EDGE_LOOP('',(#2969,#2970,#2971,#2972));
#1187=AXIS2_PLACEMENT_3D('',#2973,#2974,#2975);
#1188=EDGE_LOOP('',(#2976,#2977,#2978,#2979));
#1189=AXIS2_PLACEMENT_3D('',#2980,#2981,#2982);
#1190=EDGE_LOOP('',(#2983,#2984,#2985,#2986));
#1191=AXIS2_PLACEMENT_3D('',#2987,#2988,#2989);
#1192=EDGE_LOOP('',(#2990,#2991,#2992,#2993,#2994,#2995,#2996,#2997));
#1193=AXIS2_PLACEMENT_3D('',#2998,#2999,#3000);
#1194=EDGE_LOOP('',(#3001,#3002,#3003,#3004,#3005,#3006,#3007,#3008));
#1195=AXIS2_PLACEMENT_3D('',#3009,#3010,#3011);
#1196=EDGE_LOOP('',(#3012,#3013,#3014,#3015));
#1197=AXIS2_PLACEMENT_3D('',#3016,#3017,#3018);
#1198=EDGE_LOOP('',(#3019,#3020,#3021,#3022));
#1199=AXIS2_PLACEMENT_3D('',#3023,#3024,#3025);
#1200=EDGE_LOOP('',(#3026,#3027,#3028,#3029));
#1201=AXIS2_PLACEMENT_3D('',#3030,#3031,#3032);
#1202=EDGE_LOOP('',(#3033,#3034,#3035,#3036));
#1203=AXIS2_PLACEMENT_3D('',#3037,#3038,#3039);
#1204=EDGE_LOOP('',(#3040,#3041,#3042,#3043));
#1205=AXIS2_PLACEMENT_3D('',#3044,#3045,#3046);
#1206=EDGE_LOOP('',(#3047,#3048,#3049,#3050));
#1207=AXIS2_PLACEMENT_3D('',#3051,#3052,#3053);
#1208=EDGE_LOOP('',(#3054,#3055,#3056,#3057));
#1209=AXIS2_PLACEMENT_3D('',#3058,#3059,#3060);
#1210=EDGE_LOOP('',(#3061,#3062,#3063,#3064));
#1211=AXIS2_PLACEMENT_3D('',#3065,#3066,#3067);
#1212=EDGE_LOOP('',(#3068,#3069,#3070,#3071));
#1213=AXIS2_PLACEMENT_3D('',#3072,#3073,#3074);
#1214=EDGE_LOOP('',(#3075,#3076,#3077,#3078,#3079,#3080,#3081));
#1215=AXIS2_PLACEMENT_3D('',#3082,#3083,#3084);
#1216=EDGE_LOOP('',(#3085,#3086,#3087,#3088,#3089,#3090,#3091));
#1217=AXIS2_PLACEMENT_3D('',#3092,#3093,#3094);
#1218=EDGE_LOOP('',(#3095,#3096,#3097,#3098));
#1219=AXIS2_PLACEMENT_3D('',#3099,#3100,#3101);
#1220=EDGE_LOOP('',(#3102,#3103,#3104,#3105));
#1221=AXIS2_PLACEMENT_3D('',#3106,#3107,#3108);
#1222=EDGE_LOOP('',(#3109,#3110,#3111,#3112));
#1223=AXIS2_PLACEMENT_3D('',#3113,#3114,#3115);
#1224=EDGE_LOOP('',(#3116,#3117,#3118,#3119));
#1225=AXIS2_PLACEMENT_3D('',#3120,#3121,#3122);
#1226=EDGE_LOOP('',(#3123,#3124,#3125,#3126));
#1227=AXIS2_PLACEMENT_3D('',#3127,#3128,#3129);
#1228=EDGE_LOOP('',(#3130,#3131,#3132,#3133));
#1229=AXIS2_PLACEMENT_3D('',#3134,#3135,#3136);
#1230=EDGE_LOOP('',(#3137,#3138,#3139,#3140,#3141,#3142,#3143));
#1231=AXIS2_PLACEMENT_3D('',#3144,#3145,#3146);
#1232=EDGE_LOOP('',(#3147,#3148,#3149,#3150,#3151,#3152,#3153));
#1233=AXIS2_PLACEMENT_3D('',#3154,#3155,#3156);
#1234=EDGE_LOOP('',(#3157,#3158,#3159,#3160));
#1235=AXIS2_PLACEMENT_3D('',#3161,#3162,#3163);
#1236=EDGE_LOOP('',(#3164,#3165,#3166,#3167));
#1237=AXIS2_PLACEMENT_3D('',#3168,#3169,#3170);
#1238=EDGE_LOOP('',(#3171,#3172,#3173,#3174));
#1239=AXIS2_PLACEMENT_3D('',#3175,#3176,#3177);
#1240=EDGE_LOOP('',(#3178,#3179,#3180,#3181));
#1241=AXIS2_PLACEMENT_3D('',#3182,#3183,#3184);
#1242=FILL_AREA_STYLE('',(#3185));
#1243=EDGE_LOOP('',(#3186,#3187,#3188,#3189));
#1244=AXIS2_PLACEMENT_3D('',#3190,#3191,#3192);
#1245=EDGE_LOOP('',(#3193,#3194,#3195,#3196));
#1246=AXIS2_PLACEMENT_3D('',#3197,#3198,#3199);
#1247=EDGE_LOOP('',(#3200,#3201,#3202,#3203));
#1248=AXIS2_PLACEMENT_3D('',#3204,#3205,#3206);
#1249=EDGE_LOOP('',(#3207,#3208,#3209,#3210));
#1250=AXIS2_PLACEMENT_3D('',#3211,#3212,#3213);
#1251=EDGE_LOOP('',(#3214,#3215,#3216,#3217));
#1252=AXIS2_PLACEMENT_3D('',#3218,#3219,#3220);
#1253=EDGE_LOOP('',(#3221,#3222,#3223,#3224));
#1254=AXIS2_PLACEMENT_3D('',#3225,#3226,#3227);
#1255=FILL_AREA_STYLE_COLOUR('',#3228);
#1256=ORIENTED_EDGE('',*,*,#3229,.T.);
#1257=ORIENTED_EDGE('',*,*,#3230,.T.);
#1258=ORIENTED_EDGE('',*,*,#3231,.T.);
#1259=ORIENTED_EDGE('',*,*,#3232,.T.);
#1260=ORIENTED_EDGE('',*,*,#3233,.F.);
#1261=ORIENTED_EDGE('',*,*,#3234,.T.);
#1262=ORIENTED_EDGE('',*,*,#3235,.T.);
#1263=ORIENTED_EDGE('',*,*,#3236,.T.);
#1264=CARTESIAN_POINT('',(-7.0,6.0,1.285));
#1265=DIRECTION('',(0.0,-1.0,0.0));
#1266=DIRECTION('',(0.0,0.0,-1.0));
#1267=ORIENTED_EDGE('',*,*,#3237,.T.);
#1268=ORIENTED_EDGE('',*,*,#3238,.F.);
#1269=ORIENTED_EDGE('',*,*,#3239,.T.);
#1270=ORIENTED_EDGE('',*,*,#3240,.F.);
#1271=ORIENTED_EDGE('',*,*,#3241,.F.);
#1272=ORIENTED_EDGE('',*,*,#3242,.T.);
#1273=ORIENTED_EDGE('',*,*,#3243,.T.);
#1274=ORIENTED_EDGE('',*,*,#3244,.T.);
#1275=CARTESIAN_POINT('',(6.1,6.0,1.285));
#1276=DIRECTION('',(0.0,-1.0,0.0));
#1277=DIRECTION('',(0.0,0.0,-1.0));
#1278=ORIENTED_EDGE('',*,*,#3245,.F.);
#1279=ORIENTED_EDGE('',*,*,#3246,.T.);
#1280=ORIENTED_EDGE('',*,*,#3247,.T.);
#1281=ORIENTED_EDGE('',*,*,#3248,.T.);
#1282=ORIENTED_EDGE('',*,*,#3249,.F.);
#1283=ORIENTED_EDGE('',*,*,#3250,.T.);
#1284=ORIENTED_EDGE('',*,*,#3251,.T.);
#1285=ORIENTED_EDGE('',*,*,#3252,.T.);
#1286=ORIENTED_EDGE('',*,*,#3253,.F.);
#1287=ORIENTED_EDGE('',*,*,#3254,.T.);
#1288=ORIENTED_EDGE('',*,*,#3255,.T.);
#1289=ORIENTED_EDGE('',*,*,#3256,.T.);
#1290=ORIENTED_EDGE('',*,*,#3257,.F.);
#1291=ORIENTED_EDGE('',*,*,#3258,.T.);
#1292=ORIENTED_EDGE('',*,*,#3259,.T.);
#1293=ORIENTED_EDGE('',*,*,#3260,.T.);
#1294=ORIENTED_EDGE('',*,*,#3261,.F.);
#1295=ORIENTED_EDGE('',*,*,#3262,.T.);
#1296=ORIENTED_EDGE('',*,*,#3263,.T.);
#1297=ORIENTED_EDGE('',*,*,#3264,.T.);
#1298=ORIENTED_EDGE('',*,*,#3265,.F.);
#1299=ORIENTED_EDGE('',*,*,#3266,.T.);
#1300=ORIENTED_EDGE('',*,*,#3267,.T.);
#1301=ORIENTED_EDGE('',*,*,#3268,.T.);
#1302=ORIENTED_EDGE('',*,*,#3269,.F.);
#1303=ORIENTED_EDGE('',*,*,#3270,.T.);
#1304=ORIENTED_EDGE('',*,*,#3271,.T.);
#1305=ORIENTED_EDGE('',*,*,#3272,.T.);
#1306=ORIENTED_EDGE('',*,*,#3273,.F.);
#1307=ORIENTED_EDGE('',*,*,#3274,.T.);
#1308=ORIENTED_EDGE('',*,*,#3275,.T.);
#1309=ORIENTED_EDGE('',*,*,#3276,.T.);
#1310=ORIENTED_EDGE('',*,*,#3277,.F.);
#1311=ORIENTED_EDGE('',*,*,#3278,.T.);
#1312=ORIENTED_EDGE('',*,*,#3279,.T.);
#1313=ORIENTED_EDGE('',*,*,#3280,.T.);
#1314=ORIENTED_EDGE('',*,*,#3281,.F.);
#1315=ORIENTED_EDGE('',*,*,#3282,.T.);
#1316=ORIENTED_EDGE('',*,*,#3283,.T.);
#1317=ORIENTED_EDGE('',*,*,#3284,.T.);
#1318=ORIENTED_EDGE('',*,*,#3285,.F.);
#1319=ORIENTED_EDGE('',*,*,#3286,.T.);
#1320=ORIENTED_EDGE('',*,*,#3287,.T.);
#1321=ORIENTED_EDGE('',*,*,#3288,.T.);
#1322=ORIENTED_EDGE('',*,*,#3289,.F.);
#1323=ORIENTED_EDGE('',*,*,#3290,.T.);
#1324=ORIENTED_EDGE('',*,*,#3291,.T.);
#1325=ORIENTED_EDGE('',*,*,#3292,.T.);
#1326=ORIENTED_EDGE('',*,*,#3293,.T.);
#1327=ORIENTED_EDGE('',*,*,#3294,.T.);
#1328=ORIENTED_EDGE('',*,*,#3295,.F.);
#1329=ORIENTED_EDGE('',*,*,#3296,.F.);
#1330=ORIENTED_EDGE('',*,*,#3297,.F.);
#1331=ORIENTED_EDGE('',*,*,#3298,.F.);
#1332=ORIENTED_EDGE('',*,*,#3299,.F.);
#1333=ORIENTED_EDGE('',*,*,#3300,.F.);
#1334=ORIENTED_EDGE('',*,*,#3301,.F.);
#1335=ORIENTED_EDGE('',*,*,#3302,.F.);
#1336=ORIENTED_EDGE('',*,*,#3303,.F.);
#1337=ORIENTED_EDGE('',*,*,#3304,.F.);
#1338=ORIENTED_EDGE('',*,*,#3305,.F.);
#1339=ORIENTED_EDGE('',*,*,#3306,.F.);
#1340=ORIENTED_EDGE('',*,*,#3307,.F.);
#1341=ORIENTED_EDGE('',*,*,#3308,.F.);
#1342=CARTESIAN_POINT('',(0.0,5.0,0.0));
#1343=DIRECTION('',(0.0,-1.0,0.0));
#1344=DIRECTION('',(0.0,0.0,-1.0));
#1345=ORIENTED_EDGE('',*,*,#3309,.F.);
#1346=ORIENTED_EDGE('',*,*,#3310,.F.);
#1347=ORIENTED_EDGE('',*,*,#3305,.T.);
#1348=ORIENTED_EDGE('',*,*,#3311,.F.);
#1349=ORIENTED_EDGE('',*,*,#3312,.F.);
#1350=ORIENTED_EDGE('',*,*,#3313,.T.);
#1351=ORIENTED_EDGE('',*,*,#3314,.T.);
#1352=ORIENTED_EDGE('',*,*,#3315,.F.);
#1353=CARTESIAN_POINT('',(6.225,5.0,2.615));
#1354=DIRECTION('',(0.0,0.0,1.0));
#1355=DIRECTION('',(1.0,0.0,0.0));
#1356=ORIENTED_EDGE('',*,*,#3316,.F.);
#1357=ORIENTED_EDGE('',*,*,#3317,.T.);
#1358=ORIENTED_EDGE('',*,*,#3318,.F.);
#1359=ORIENTED_EDGE('',*,*,#3319,.F.);
#1360=ORIENTED_EDGE('',*,*,#3320,.T.);
#1361=ORIENTED_EDGE('',*,*,#3297,.T.);
#1362=ORIENTED_EDGE('',*,*,#3321,.T.);
#1363=ORIENTED_EDGE('',*,*,#3322,.F.);
#1364=CARTESIAN_POINT('',(6.225,5.0,2.615));
#1365=DIRECTION('',(0.0,0.0,1.0));
#1366=DIRECTION('',(1.0,0.0,0.0));
#1367=ORIENTED_EDGE('',*,*,#3323,.F.);
#1368=ORIENTED_EDGE('',*,*,#3314,.F.);
#1369=ORIENTED_EDGE('',*,*,#3324,.F.);
#1370=ORIENTED_EDGE('',*,*,#3325,.F.);
#1371=ORIENTED_EDGE('',*,*,#3326,.F.);
#1372=ORIENTED_EDGE('',*,*,#3327,.F.);
#1373=ORIENTED_EDGE('',*,*,#3328,.F.);
#1374=ORIENTED_EDGE('',*,*,#3329,.F.);
#1375=ORIENTED_EDGE('',*,*,#3330,.F.);
#1376=ORIENTED_EDGE('',*,*,#3317,.F.);
#1377=ORIENTED_EDGE('',*,*,#3331,.T.);
#1378=ORIENTED_EDGE('',*,*,#3332,.T.);
#1379=ORIENTED_EDGE('',*,*,#3333,.T.);
#1380=ORIENTED_EDGE('',*,*,#3334,.T.);
#1381=ORIENTED_EDGE('',*,*,#3335,.T.);
#1382=ORIENTED_EDGE('',*,*,#3336,.T.);
#1383=CARTESIAN_POINT('',(0.0,0.89,0.0));
#1384=DIRECTION('',(0.0,-1.0,0.0));
#1385=DIRECTION('',(0.0,0.0,-1.0));
#1386=ORIENTED_EDGE('',*,*,#3337,.T.);
#1387=ORIENTED_EDGE('',*,*,#3338,.F.);
#1388=ORIENTED_EDGE('',*,*,#3339,.F.);
#1389=ORIENTED_EDGE('',*,*,#3322,.T.);
#1390=ORIENTED_EDGE('',*,*,#3340,.T.);
#1391=ORIENTED_EDGE('',*,*,#3341,.T.);
#1392=CARTESIAN_POINT('',(2.25,1.7,3.38));
#1393=DIRECTION('',(-0.0,1.0,0.0));
#1394=DIRECTION('',(1.0,0.0,0.0));
#1395=ORIENTED_EDGE('',*,*,#3342,.F.);
#1396=ORIENTED_EDGE('',*,*,#3336,.F.);
#1397=ORIENTED_EDGE('',*,*,#3343,.F.);
#1398=ORIENTED_EDGE('',*,*,#3237,.F.);
#1399=ORIENTED_EDGE('',*,*,#3344,.F.);
#1400=ORIENTED_EDGE('',*,*,#3345,.T.);
#1401=ORIENTED_EDGE('',*,*,#3346,.F.);
#1402=ORIENTED_EDGE('',*,*,#3229,.F.);
#1403=ORIENTED_EDGE('',*,*,#3347,.T.);
#1404=ORIENTED_EDGE('',*,*,#3332,.F.);
#1405=ORIENTED_EDGE('',*,*,#3348,.F.);
#1406=ORIENTED_EDGE('',*,*,#3338,.T.);
#1407=ORIENTED_EDGE('',*,*,#3349,.T.);
#1408=ORIENTED_EDGE('',*,*,#3350,.F.);
#1409=ORIENTED_EDGE('',*,*,#3351,.F.);
#1410=ORIENTED_EDGE('',*,*,#3352,.T.);
#1411=CARTESIAN_POINT('',(7.0,6.25,2.945));
#1412=DIRECTION('',(0.0,0.0,1.0));
#1413=DIRECTION('',(1.0,0.0,0.0));
#1414=ORIENTED_EDGE('',*,*,#3353,.F.);
#1415=ORIENTED_EDGE('',*,*,#3238,.T.);
#1416=ORIENTED_EDGE('',*,*,#3343,.T.);
#1417=ORIENTED_EDGE('',*,*,#3335,.F.);
#1418=ORIENTED_EDGE('',*,*,#3354,.F.);
#1419=ORIENTED_EDGE('',*,*,#3355,.F.);
#1420=ORIENTED_EDGE('',*,*,#3356,.F.);
#1421=ORIENTED_EDGE('',*,*,#3357,.T.);
#1422=CARTESIAN_POINT('',(7.0,6.25,-0.0550000000000033));
#1423=DIRECTION('',(1.0,0.0,0.0));
#1424=DIRECTION('',(0.0,1.0,0.0));
#1425=ORIENTED_EDGE('',*,*,#3358,.F.);
#1426=ORIENTED_EDGE('',*,*,#3357,.F.);
#1427=ORIENTED_EDGE('',*,*,#3359,.T.);
#1428=ORIENTED_EDGE('',*,*,#3360,.F.);
#1429=ORIENTED_EDGE('',*,*,#3361,.F.);
#1430=ORIENTED_EDGE('',*,*,#3362,.T.);
#1431=ORIENTED_EDGE('',*,*,#3345,.F.);
#1432=ORIENTED_EDGE('',*,*,#3363,.F.);
#1433=CARTESIAN_POINT('',(0.0,6.25,0.0));
#1434=DIRECTION('',(0.0,-1.0,0.0));
#1435=DIRECTION('',(0.0,0.0,-1.0));
#1436=ORIENTED_EDGE('',*,*,#3364,.F.);
#1437=ORIENTED_EDGE('',*,*,#3360,.T.);
#1438=ORIENTED_EDGE('',*,*,#3365,.T.);
#1439=ORIENTED_EDGE('',*,*,#3366,.T.);
#1440=ORIENTED_EDGE('',*,*,#3367,.T.);
#1441=ORIENTED_EDGE('',*,*,#3333,.F.);
#1442=ORIENTED_EDGE('',*,*,#3347,.F.);
#1443=ORIENTED_EDGE('',*,*,#3232,.F.);
#1444=CARTESIAN_POINT('',(-7.0,6.25,2.945));
#1445=DIRECTION('',(-1.0,0.0,0.0));
#1446=DIRECTION('',(0.0,0.0,1.0));
#1447=ORIENTED_EDGE('',*,*,#3368,.F.);
#1448=ORIENTED_EDGE('',*,*,#3299,.T.);
#1449=ORIENTED_EDGE('',*,*,#3369,.F.);
#1450=ORIENTED_EDGE('',*,*,#3327,.T.);
#1451=ORIENTED_EDGE('',*,*,#3370,.T.);
#1452=ORIENTED_EDGE('',*,*,#3303,.T.);
#1453=ORIENTED_EDGE('',*,*,#3371,.T.);
#1454=ORIENTED_EDGE('',*,*,#3372,.F.);
#1455=CARTESIAN_POINT('',(-6.225,5.0,0.275));
#1456=DIRECTION('',(0.0,0.0,-1.0));
#1457=DIRECTION('',(0.0,-1.0,0.0));
#1458=ORIENTED_EDGE('',*,*,#3373,.F.);
#1459=ORIENTED_EDGE('',*,*,#3354,.T.);
#1460=ORIENTED_EDGE('',*,*,#3334,.F.);
#1461=ORIENTED_EDGE('',*,*,#3367,.F.);
#1462=CARTESIAN_POINT('',(-7.0,6.25,-0.0550000000000033));
#1463=DIRECTION('',(0.0,0.0,-1.0));
#1464=DIRECTION('',(0.0,-1.0,0.0));
#1465=ORIENTED_EDGE('',*,*,#3374,.F.);
#1466=ORIENTED_EDGE('',*,*,#3375,.F.);
#1467=ORIENTED_EDGE('',*,*,#3328,.T.);
#1468=ORIENTED_EDGE('',*,*,#3369,.T.);
#1469=ORIENTED_EDGE('',*,*,#3298,.T.);
#1470=ORIENTED_EDGE('',*,*,#3320,.F.);
#1471=CARTESIAN_POINT('',(-6.225,5.0,2.615));
#1472=DIRECTION('',(-1.0,0.0,0.0));
#1473=DIRECTION('',(0.0,0.0,1.0));
#1474=ORIENTED_EDGE('',*,*,#3326,.T.);
#1475=ORIENTED_EDGE('',*,*,#3376,.T.);
#1476=ORIENTED_EDGE('',*,*,#3377,.F.);
#1477=ORIENTED_EDGE('',*,*,#3311,.T.);
#1478=ORIENTED_EDGE('',*,*,#3304,.T.);
#1479=ORIENTED_EDGE('',*,*,#3370,.F.);
#1480=CARTESIAN_POINT('',(6.225,5.0,0.275));
#1481=DIRECTION('',(1.0,0.0,0.0));
#1482=DIRECTION('',(0.0,1.0,0.0));
#1483=ORIENTED_EDGE('',*,*,#3377,.T.);
#1484=ORIENTED_EDGE('',*,*,#3378,.F.);
#1485=ORIENTED_EDGE('',*,*,#3379,.F.);
#1486=ORIENTED_EDGE('',*,*,#3312,.T.);
#1487=CARTESIAN_POINT('',(0.0,4.29,0.0));
#1488=DIRECTION('',(0.0,-1.0,0.0));
#1489=DIRECTION('',(0.0,0.0,-1.0));
#1490=ORIENTED_EDGE('',*,*,#3325,.T.);
#1491=ORIENTED_EDGE('',*,*,#3380,.T.);
#1492=ORIENTED_EDGE('',*,*,#3378,.T.);
#1493=ORIENTED_EDGE('',*,*,#3376,.F.);
#1494=CARTESIAN_POINT('',(-6.575,4.29,2.01499999999999));
#1495=DIRECTION('',(4.94693006457264E-16,0.0,-1.0));
#1496=DIRECTION('',(0.0,-1.0,0.0));
#1497=ORIENTED_EDGE('',*,*,#3324,.T.);
#1498=ORIENTED_EDGE('',*,*,#3313,.F.);
#1499=ORIENTED_EDGE('',*,*,#3379,.T.);
#1500=ORIENTED_EDGE('',*,*,#3380,.F.);
#1501=CARTESIAN_POINT('',(6.575,4.29,2.015));
#1502=DIRECTION('',(1.0,0.0,0.0));
#1503=DIRECTION('',(0.0,1.0,0.0));
#1504=ORIENTED_EDGE('',*,*,#3381,.T.);
#1505=ORIENTED_EDGE('',*,*,#3382,.F.);
#1506=ORIENTED_EDGE('',*,*,#3329,.T.);
#1507=ORIENTED_EDGE('',*,*,#3375,.T.);
#1508=CARTESIAN_POINT('',(-6.575,4.29,2.01499999999999));
#1509=DIRECTION('',(4.94693006457264E-16,0.0,-1.0));
#1510=DIRECTION('',(0.0,-1.0,0.0));
#1511=ORIENTED_EDGE('',*,*,#3374,.T.);
#1512=ORIENTED_EDGE('',*,*,#3319,.T.);
#1513=ORIENTED_EDGE('',*,*,#3383,.F.);
#1514=ORIENTED_EDGE('',*,*,#3381,.F.);
#1515=CARTESIAN_POINT('',(0.0,4.29,0.0));
#1516=DIRECTION('',(0.0,-1.0,0.0));
#1517=DIRECTION('',(0.0,0.0,-1.0));
#1518=ORIENTED_EDGE('',*,*,#3330,.T.);
#1519=ORIENTED_EDGE('',*,*,#3382,.T.);
#1520=ORIENTED_EDGE('',*,*,#3383,.T.);
#1521=ORIENTED_EDGE('',*,*,#3318,.T.);
#1522=CARTESIAN_POINT('',(-6.575,4.29,2.615));
#1523=DIRECTION('',(-1.0,0.0,0.0));
#1524=DIRECTION('',(0.0,0.0,1.0));
#1525=ORIENTED_EDGE('',*,*,#3384,.F.);
#1526=ORIENTED_EDGE('',*,*,#3385,.F.);
#1527=ORIENTED_EDGE('',*,*,#3300,.T.);
#1528=ORIENTED_EDGE('',*,*,#3368,.T.);
#1529=CARTESIAN_POINT('',(-5.635,5.0,0.544999999999996));
#1530=DIRECTION('',(-1.0,0.0,0.0));
#1531=DIRECTION('',(0.0,0.0,1.0));
#1532=ORIENTED_EDGE('',*,*,#3386,.F.);
#1533=ORIENTED_EDGE('',*,*,#3371,.F.);
#1534=ORIENTED_EDGE('',*,*,#3302,.T.);
#1535=ORIENTED_EDGE('',*,*,#3387,.T.);
#1536=CARTESIAN_POINT('',(5.635,5.0,0.274999999999994));
#1537=DIRECTION('',(1.0,0.0,0.0));
#1538=DIRECTION('',(0.0,1.0,0.0));
#1539=ORIENTED_EDGE('',*,*,#3388,.F.);
#1540=ORIENTED_EDGE('',*,*,#3387,.F.);
#1541=ORIENTED_EDGE('',*,*,#3301,.T.);
#1542=ORIENTED_EDGE('',*,*,#3385,.T.);
#1543=CARTESIAN_POINT('',(5.635,5.0,0.545000000000013));
#1544=DIRECTION('',(-1.54886024640786E-15,0.0,1.0));
#1545=DIRECTION('',(1.0,-0.0,1.54886024640786E-15));
#1546=ORIENTED_EDGE('',*,*,#3384,.T.);
#1547=ORIENTED_EDGE('',*,*,#3372,.T.);
#1548=ORIENTED_EDGE('',*,*,#3386,.T.);
#1549=ORIENTED_EDGE('',*,*,#3388,.T.);
#1550=CARTESIAN_POINT('',(0.0,2.0,0.0));
#1551=DIRECTION('',(0.0,-1.0,0.0));
#1552=DIRECTION('',(0.0,0.0,-1.0));
#1553=ORIENTED_EDGE('',*,*,#3389,.F.);
#1554=ORIENTED_EDGE('',*,*,#3390,.T.);
#1555=ORIENTED_EDGE('',*,*,#3391,.T.);
#1556=ORIENTED_EDGE('',*,*,#3392,.F.);
#1557=ORIENTED_EDGE('',*,*,#3393,.F.);
#1558=ORIENTED_EDGE('',*,*,#3394,.T.);
#1559=ORIENTED_EDGE('',*,*,#3395,.T.);
#1560=ORIENTED_EDGE('',*,*,#3396,.F.);
#1561=ORIENTED_EDGE('',*,*,#3397,.F.);
#1562=ORIENTED_EDGE('',*,*,#3398,.T.);
#1563=ORIENTED_EDGE('',*,*,#3399,.T.);
#1564=ORIENTED_EDGE('',*,*,#3400,.F.);
#1565=ORIENTED_EDGE('',*,*,#3401,.F.);
#1566=ORIENTED_EDGE('',*,*,#3402,.T.);
#1567=ORIENTED_EDGE('',*,*,#3403,.T.);
#1568=ORIENTED_EDGE('',*,*,#3404,.F.);
#1569=ORIENTED_EDGE('',*,*,#3405,.F.);
#1570=ORIENTED_EDGE('',*,*,#3406,.T.);
#1571=ORIENTED_EDGE('',*,*,#3407,.T.);
#1572=ORIENTED_EDGE('',*,*,#3408,.F.);
#1573=ORIENTED_EDGE('',*,*,#3409,.F.);
#1574=ORIENTED_EDGE('',*,*,#3410,.T.);
#1575=ORIENTED_EDGE('',*,*,#3411,.T.);
#1576=ORIENTED_EDGE('',*,*,#3412,.F.);
#1577=ORIENTED_EDGE('',*,*,#3413,.F.);
#1578=ORIENTED_EDGE('',*,*,#3414,.T.);
#1579=ORIENTED_EDGE('',*,*,#3415,.T.);
#1580=ORIENTED_EDGE('',*,*,#3416,.F.);
#1581=ORIENTED_EDGE('',*,*,#3417,.F.);
#1582=ORIENTED_EDGE('',*,*,#3418,.T.);
#1583=ORIENTED_EDGE('',*,*,#3419,.T.);
#1584=ORIENTED_EDGE('',*,*,#3420,.F.);
#1585=ORIENTED_EDGE('',*,*,#3421,.F.);
#1586=ORIENTED_EDGE('',*,*,#3422,.T.);
#1587=ORIENTED_EDGE('',*,*,#3423,.T.);
#1588=ORIENTED_EDGE('',*,*,#3424,.F.);
#1589=ORIENTED_EDGE('',*,*,#3425,.F.);
#1590=ORIENTED_EDGE('',*,*,#3426,.T.);
#1591=ORIENTED_EDGE('',*,*,#3427,.T.);
#1592=ORIENTED_EDGE('',*,*,#3428,.F.);
#1593=ORIENTED_EDGE('',*,*,#3429,.F.);
#1594=ORIENTED_EDGE('',*,*,#3430,.T.);
#1595=ORIENTED_EDGE('',*,*,#3431,.T.);
#1596=ORIENTED_EDGE('',*,*,#3432,.F.);
#1597=ORIENTED_EDGE('',*,*,#3433,.F.);
#1598=ORIENTED_EDGE('',*,*,#3434,.T.);
#1599=ORIENTED_EDGE('',*,*,#3355,.T.);
#1600=ORIENTED_EDGE('',*,*,#3373,.T.);
#1601=ORIENTED_EDGE('',*,*,#3366,.F.);
#1602=ORIENTED_EDGE('',*,*,#3435,.T.);
#1603=ORIENTED_EDGE('',*,*,#3436,.T.);
#1604=ORIENTED_EDGE('',*,*,#3437,.F.);
#1605=CARTESIAN_POINT('',(7.0,5.7,0.544999999999997));
#1606=DIRECTION('',(-0.0,1.0,0.0));
#1607=DIRECTION('',(1.0,0.0,0.0));
#1608=ORIENTED_EDGE('',*,*,#3438,.F.);
#1609=ORIENTED_EDGE('',*,*,#3439,.T.);
#1610=ORIENTED_EDGE('',*,*,#3440,.T.);
#1611=ORIENTED_EDGE('',*,*,#3435,.F.);
#1612=ORIENTED_EDGE('',*,*,#3365,.F.);
#1613=ORIENTED_EDGE('',*,*,#3359,.F.);
#1614=ORIENTED_EDGE('',*,*,#3356,.T.);
#1615=ORIENTED_EDGE('',*,*,#3434,.F.);
#1616=ORIENTED_EDGE('',*,*,#3441,.F.);
#1617=ORIENTED_EDGE('',*,*,#3442,.T.);
#1618=ORIENTED_EDGE('',*,*,#3443,.T.);
#1619=ORIENTED_EDGE('',*,*,#3430,.F.);
#1620=ORIENTED_EDGE('',*,*,#3444,.F.);
#1621=ORIENTED_EDGE('',*,*,#3445,.T.);
#1622=ORIENTED_EDGE('',*,*,#3446,.T.);
#1623=ORIENTED_EDGE('',*,*,#3426,.F.);
#1624=ORIENTED_EDGE('',*,*,#3447,.F.);
#1625=ORIENTED_EDGE('',*,*,#3448,.T.);
#1626=ORIENTED_EDGE('',*,*,#3449,.T.);
#1627=ORIENTED_EDGE('',*,*,#3422,.F.);
#1628=ORIENTED_EDGE('',*,*,#3450,.F.);
#1629=ORIENTED_EDGE('',*,*,#3451,.T.);
#1630=ORIENTED_EDGE('',*,*,#3452,.T.);
#1631=ORIENTED_EDGE('',*,*,#3418,.F.);
#1632=ORIENTED_EDGE('',*,*,#3453,.F.);
#1633=ORIENTED_EDGE('',*,*,#3454,.T.);
#1634=ORIENTED_EDGE('',*,*,#3455,.T.);
#1635=ORIENTED_EDGE('',*,*,#3414,.F.);
#1636=ORIENTED_EDGE('',*,*,#3456,.F.);
#1637=ORIENTED_EDGE('',*,*,#3457,.T.);
#1638=ORIENTED_EDGE('',*,*,#3458,.T.);
#1639=ORIENTED_EDGE('',*,*,#3410,.F.);
#1640=ORIENTED_EDGE('',*,*,#3459,.F.);
#1641=ORIENTED_EDGE('',*,*,#3460,.T.);
#1642=ORIENTED_EDGE('',*,*,#3461,.T.);
#1643=ORIENTED_EDGE('',*,*,#3406,.F.);
#1644=ORIENTED_EDGE('',*,*,#3462,.F.);
#1645=ORIENTED_EDGE('',*,*,#3463,.T.);
#1646=ORIENTED_EDGE('',*,*,#3464,.T.);
#1647=ORIENTED_EDGE('',*,*,#3402,.F.);
#1648=ORIENTED_EDGE('',*,*,#3465,.F.);
#1649=ORIENTED_EDGE('',*,*,#3466,.T.);
#1650=ORIENTED_EDGE('',*,*,#3467,.T.);
#1651=ORIENTED_EDGE('',*,*,#3398,.F.);
#1652=ORIENTED_EDGE('',*,*,#3468,.F.);
#1653=ORIENTED_EDGE('',*,*,#3469,.T.);
#1654=ORIENTED_EDGE('',*,*,#3470,.T.);
#1655=ORIENTED_EDGE('',*,*,#3394,.F.);
#1656=ORIENTED_EDGE('',*,*,#3471,.F.);
#1657=ORIENTED_EDGE('',*,*,#3472,.T.);
#1658=ORIENTED_EDGE('',*,*,#3473,.T.);
#1659=ORIENTED_EDGE('',*,*,#3390,.F.);
#1660=CARTESIAN_POINT('',(7.0,6.25,0.544999999999997));
#1661=DIRECTION('',(0.0,1.97127667724637E-16,-1.0));
#1662=DIRECTION('',(-1.0,0.0,0.0));
#1663=ORIENTED_EDGE('',*,*,#3346,.T.);
#1664=ORIENTED_EDGE('',*,*,#3362,.F.);
#1665=ORIENTED_EDGE('',*,*,#3474,.T.);
#1666=ORIENTED_EDGE('',*,*,#3230,.F.);
#1667=CARTESIAN_POINT('',(-6.1,6.0,1.285));
#1668=DIRECTION('',(1.0,0.0,0.0));
#1669=DIRECTION('',(0.0,1.0,0.0));
#1670=ORIENTED_EDGE('',*,*,#3364,.T.);
#1671=ORIENTED_EDGE('',*,*,#3231,.F.);
#1672=ORIENTED_EDGE('',*,*,#3474,.F.);
#1673=ORIENTED_EDGE('',*,*,#3361,.T.);
#1674=CARTESIAN_POINT('',(0.0,0.0,1.285));
#1675=DIRECTION('',(0.0,0.0,1.0));
#1676=DIRECTION('',(1.0,0.0,0.0));
#1677=ORIENTED_EDGE('',*,*,#3344,.T.);
#1678=ORIENTED_EDGE('',*,*,#3240,.T.);
#1679=ORIENTED_EDGE('',*,*,#3475,.T.);
#1680=ORIENTED_EDGE('',*,*,#3363,.T.);
#1681=CARTESIAN_POINT('',(6.1,6.25,1.285));
#1682=DIRECTION('',(-1.0,0.0,0.0));
#1683=DIRECTION('',(0.0,0.0,1.0));
#1684=ORIENTED_EDGE('',*,*,#3475,.F.);
#1685=ORIENTED_EDGE('',*,*,#3239,.F.);
#1686=ORIENTED_EDGE('',*,*,#3353,.T.);
#1687=ORIENTED_EDGE('',*,*,#3358,.T.);
#1688=CARTESIAN_POINT('',(0.0,0.0,1.285));
#1689=DIRECTION('',(0.0,0.0,1.0));
#1690=DIRECTION('',(1.0,0.0,0.0));
#1691=ORIENTED_EDGE('',*,*,#3476,.T.);
#1692=ORIENTED_EDGE('',*,*,#3477,.F.);
#1693=ORIENTED_EDGE('',*,*,#3478,.F.);
#1694=ORIENTED_EDGE('',*,*,#3479,.T.);
#1695=CARTESIAN_POINT('',(2.25,0.889999999999997,4.41500000000001));
#1696=DIRECTION('',(0.0,1.0,2.65629532258937E-14));
#1697=DIRECTION('',(0.0,2.65629532258937E-14,-1.0));
#1698=ORIENTED_EDGE('',*,*,#3341,.F.);
#1699=ORIENTED_EDGE('',*,*,#3480,.T.);
#1700=ORIENTED_EDGE('',*,*,#3481,.T.);
#1701=ORIENTED_EDGE('',*,*,#3482,.T.);
#1702=ORIENTED_EDGE('',*,*,#3483,.F.);
#1703=ORIENTED_EDGE('',*,*,#3484,.F.);
#1704=ORIENTED_EDGE('',*,*,#3477,.T.);
#1705=ORIENTED_EDGE('',*,*,#3485,.T.);
#1706=CARTESIAN_POINT('',(2.25,0.890000000000002,4.215));
#1707=DIRECTION('',(0.0,0.717770199351243,0.696280073622157));
#1708=DIRECTION('',(1.0,0.0,-0.0));
#1709=ORIENTED_EDGE('',*,*,#3483,.T.);
#1710=ORIENTED_EDGE('',*,*,#3486,.T.);
#1711=ORIENTED_EDGE('',*,*,#3309,.T.);
#1712=ORIENTED_EDGE('',*,*,#3487,.T.);
#1713=ORIENTED_EDGE('',*,*,#3352,.F.);
#1714=ORIENTED_EDGE('',*,*,#3488,.F.);
#1715=CARTESIAN_POINT('',(2.25,1.7,3.38));
#1716=DIRECTION('',(-0.0,1.0,0.0));
#1717=DIRECTION('',(1.0,0.0,0.0));
#1718=ORIENTED_EDGE('',*,*,#3489,.T.);
#1719=ORIENTED_EDGE('',*,*,#3490,.F.);
#1720=ORIENTED_EDGE('',*,*,#3491,.F.);
#1721=ORIENTED_EDGE('',*,*,#3350,.T.);
#1722=CARTESIAN_POINT('',(2.25,5.4,2.945));
#1723=DIRECTION('',(0.0,-1.0,0.0));
#1724=DIRECTION('',(0.0,0.0,-1.0));
#1725=ORIENTED_EDGE('',*,*,#3492,.F.);
#1726=ORIENTED_EDGE('',*,*,#3493,.F.);
#1727=ORIENTED_EDGE('',*,*,#3494,.F.);
#1728=ORIENTED_EDGE('',*,*,#3495,.F.);
#1729=ORIENTED_EDGE('',*,*,#3496,.T.);
#1730=ORIENTED_EDGE('',*,*,#3479,.F.);
#1731=ORIENTED_EDGE('',*,*,#3497,.F.);
#1732=ORIENTED_EDGE('',*,*,#3490,.T.);
#1733=CARTESIAN_POINT('',(2.25,5.4,4.415));
#1734=DIRECTION('',(0.0,-1.3462377308024E-15,-1.0));
#1735=DIRECTION('',(0.0,-1.0,1.3462377308024E-15));
#1736=ORIENTED_EDGE('',*,*,#3478,.T.);
#1737=ORIENTED_EDGE('',*,*,#3484,.T.);
#1738=ORIENTED_EDGE('',*,*,#3488,.T.);
#1739=ORIENTED_EDGE('',*,*,#3351,.T.);
#1740=ORIENTED_EDGE('',*,*,#3491,.T.);
#1741=ORIENTED_EDGE('',*,*,#3497,.T.);
#1742=CARTESIAN_POINT('',(2.25,0.0,0.0));
#1743=DIRECTION('',(1.0,0.0,0.0));
#1744=DIRECTION('',(0.0,1.0,0.0));
#1745=ORIENTED_EDGE('',*,*,#3476,.F.);
#1746=ORIENTED_EDGE('',*,*,#3496,.F.);
#1747=ORIENTED_EDGE('',*,*,#3489,.F.);
#1748=ORIENTED_EDGE('',*,*,#3349,.F.);
#1749=ORIENTED_EDGE('',*,*,#3337,.F.);
#1750=ORIENTED_EDGE('',*,*,#3485,.F.);
#1751=CARTESIAN_POINT('',(-2.25,0.0,0.0));
#1752=DIRECTION('',(1.0,0.0,0.0));
#1753=DIRECTION('',(0.0,1.0,0.0));
#1754=ORIENTED_EDGE('',*,*,#3498,.F.);
#1755=ORIENTED_EDGE('',*,*,#3499,.F.);
#1756=ORIENTED_EDGE('',*,*,#3500,.F.);
#1757=ORIENTED_EDGE('',*,*,#3501,.F.);
#1758=ORIENTED_EDGE('',*,*,#3295,.T.);
#1759=ORIENTED_EDGE('',*,*,#3502,.T.);
#1760=ORIENTED_EDGE('',*,*,#3503,.F.);
#1761=ORIENTED_EDGE('',*,*,#3504,.F.);
#1762=ORIENTED_EDGE('',*,*,#3307,.T.);
#1763=ORIENTED_EDGE('',*,*,#3505,.F.);
#1764=ORIENTED_EDGE('',*,*,#3481,.F.);
#1765=ORIENTED_EDGE('',*,*,#3506,.T.);
#1766=CARTESIAN_POINT('',(1.84999999999999,41.5789999999989,4.0149999999999));
#1767=DIRECTION('',(-7.03266274044652E-16,0.0,1.0));
#1768=DIRECTION('',(1.0,-0.0,7.03266274044652E-16));
#1769=ORIENTED_EDGE('',*,*,#3340,.F.);
#1770=ORIENTED_EDGE('',*,*,#3321,.F.);
#1771=ORIENTED_EDGE('',*,*,#3296,.T.);
#1772=ORIENTED_EDGE('',*,*,#3506,.F.);
#1773=ORIENTED_EDGE('',*,*,#3480,.F.);
#1774=CARTESIAN_POINT('',(-1.85000000000001,41.5789999999989,4.0149999999999));
#1775=DIRECTION('',(-1.0,0.0,-1.39397422176715E-15));
#1776=DIRECTION('',(-1.39397422176715E-15,0.0,1.0));
#1777=ORIENTED_EDGE('',*,*,#3310,.T.);
#1778=ORIENTED_EDGE('',*,*,#3486,.F.);
#1779=ORIENTED_EDGE('',*,*,#3482,.F.);
#1780=ORIENTED_EDGE('',*,*,#3505,.T.);
#1781=ORIENTED_EDGE('',*,*,#3306,.T.);
#1782=CARTESIAN_POINT('',(1.85,41.5789999999989,2.61499999999998));
#1783=DIRECTION('',(1.0,0.0,1.54886024640795E-15));
#1784=DIRECTION('',(-1.54886024640795E-15,0.0,1.0));
#1785=ORIENTED_EDGE('',*,*,#3315,.T.);
#1786=ORIENTED_EDGE('',*,*,#3323,.T.);
#1787=ORIENTED_EDGE('',*,*,#3342,.T.);
#1788=ORIENTED_EDGE('',*,*,#3487,.F.);
#1789=CARTESIAN_POINT('',(2.8,0.89,-0.321999999999961));
#1790=DIRECTION('',(1.0,0.0,0.0));
#1791=DIRECTION('',(0.0,1.0,0.0));
#1792=ORIENTED_EDGE('',*,*,#3316,.T.);
#1793=ORIENTED_EDGE('',*,*,#3339,.T.);
#1794=ORIENTED_EDGE('',*,*,#3348,.T.);
#1795=ORIENTED_EDGE('',*,*,#3331,.F.);
#1796=CARTESIAN_POINT('',(-2.8,1.7,-0.321999999999961));
#1797=DIRECTION('',(-1.0,0.0,0.0));
#1798=DIRECTION('',(0.0,0.0,1.0));
#1799=ORIENTED_EDGE('',*,*,#3507,.T.);
#1800=ORIENTED_EDGE('',*,*,#3508,.F.);
#1801=ORIENTED_EDGE('',*,*,#3509,.F.);
#1802=ORIENTED_EDGE('',*,*,#3503,.T.);
#1803=CARTESIAN_POINT('',(0.75,4.51,4.015));
#1804=DIRECTION('',(0.0,1.0,-2.47817639425259E-15));
#1805=DIRECTION('',(0.0,-2.47817639425259E-15,-1.0));
#1806=ORIENTED_EDGE('',*,*,#3510,.T.);
#1807=ORIENTED_EDGE('',*,*,#3511,.F.);
#1808=ORIENTED_EDGE('',*,*,#3512,.F.);
#1809=ORIENTED_EDGE('',*,*,#3508,.T.);
#1810=CARTESIAN_POINT('',(0.75,4.1,3.09763768189984));
#1811=DIRECTION('',(1.0,-0.0,0.0));
#1812=DIRECTION('',(0.0,0.0,1.0));
#1813=ORIENTED_EDGE('',*,*,#3513,.T.);
#1814=ORIENTED_EDGE('',*,*,#3514,.F.);
#1815=ORIENTED_EDGE('',*,*,#3515,.F.);
#1816=ORIENTED_EDGE('',*,*,#3511,.T.);
#1817=CARTESIAN_POINT('',(0.75,4.8,3.09763768189983));
#1818=DIRECTION('',(-0.0,1.0,0.0));
#1819=DIRECTION('',(1.0,0.0,0.0));
#1820=ORIENTED_EDGE('',*,*,#3516,.T.);
#1821=ORIENTED_EDGE('',*,*,#3293,.F.);
#1822=ORIENTED_EDGE('',*,*,#3517,.F.);
#1823=ORIENTED_EDGE('',*,*,#3514,.T.);
#1824=CARTESIAN_POINT('',(0.75,4.8,2.71471632161069));
#1825=DIRECTION('',(0.0,0.446197813109809,0.894934361602025));
#1826=DIRECTION('',(1.0,-0.0,0.0));
#1827=ORIENTED_EDGE('',*,*,#3509,.T.);
#1828=ORIENTED_EDGE('',*,*,#3512,.T.);
#1829=ORIENTED_EDGE('',*,*,#3515,.T.);
#1830=ORIENTED_EDGE('',*,*,#3517,.T.);
#1831=ORIENTED_EDGE('',*,*,#3308,.T.);
#1832=ORIENTED_EDGE('',*,*,#3504,.T.);
#1833=CARTESIAN_POINT('',(0.75,4.1,3.09763768189984));
#1834=DIRECTION('',(-1.0,0.0,0.0));
#1835=DIRECTION('',(0.0,0.0,1.0));
#1836=ORIENTED_EDGE('',*,*,#3507,.F.);
#1837=ORIENTED_EDGE('',*,*,#3502,.F.);
#1838=ORIENTED_EDGE('',*,*,#3294,.F.);
#1839=ORIENTED_EDGE('',*,*,#3516,.F.);
#1840=ORIENTED_EDGE('',*,*,#3513,.F.);
#1841=ORIENTED_EDGE('',*,*,#3510,.F.);
#1842=CARTESIAN_POINT('',(-0.75,4.1,3.09763768189984));
#1843=DIRECTION('',(-1.0,0.0,0.0));
#1844=DIRECTION('',(0.0,0.0,1.0));
#1845=ORIENTED_EDGE('',*,*,#3499,.T.);
#1846=ORIENTED_EDGE('',*,*,#3518,.F.);
#1847=ORIENTED_EDGE('',*,*,#3493,.T.);
#1848=ORIENTED_EDGE('',*,*,#3519,.T.);
#1849=CARTESIAN_POINT('',(-0.950000000000008,3.45,0.454999999999013));
#1850=DIRECTION('',(-1.0,0.0,0.0));
#1851=DIRECTION('',(0.0,0.0,1.0));
#1852=ORIENTED_EDGE('',*,*,#3500,.T.);
#1853=ORIENTED_EDGE('',*,*,#3519,.F.);
#1854=ORIENTED_EDGE('',*,*,#3492,.T.);
#1855=ORIENTED_EDGE('',*,*,#3520,.T.);
#1856=CARTESIAN_POINT('',(-0.950000000000007,1.95,0.454999999999013));
#1857=DIRECTION('',(0.0,-1.0,0.0));
#1858=DIRECTION('',(0.0,0.0,-1.0));
#1859=ORIENTED_EDGE('',*,*,#3501,.T.);
#1860=ORIENTED_EDGE('',*,*,#3520,.F.);
#1861=ORIENTED_EDGE('',*,*,#3495,.T.);
#1862=ORIENTED_EDGE('',*,*,#3521,.T.);
#1863=CARTESIAN_POINT('',(0.949999999999992,1.95,0.454999999999017));
#1864=DIRECTION('',(1.0,0.0,0.0));
#1865=DIRECTION('',(0.0,1.0,0.0));
#1866=ORIENTED_EDGE('',*,*,#3498,.T.);
#1867=ORIENTED_EDGE('',*,*,#3521,.F.);
#1868=ORIENTED_EDGE('',*,*,#3494,.T.);
#1869=ORIENTED_EDGE('',*,*,#3518,.T.);
#1870=CARTESIAN_POINT('',(0.949999999999992,3.45,0.454999999999016));
#1871=DIRECTION('',(-0.0,1.0,0.0));
#1872=DIRECTION('',(1.0,0.0,0.0));
#1873=ORIENTED_EDGE('',*,*,#3522,.T.);
#1874=ORIENTED_EDGE('',*,*,#3523,.F.);
#1875=ORIENTED_EDGE('',*,*,#3524,.F.);
#1876=ORIENTED_EDGE('',*,*,#3525,.T.);
#1877=CARTESIAN_POINT('',(5.625,5.94999999999996,-0.00535508834566589));
#1878=DIRECTION('',(-0.0,1.0,0.0));
#1879=DIRECTION('',(1.0,0.0,0.0));
#1880=ORIENTED_EDGE('',*,*,#3526,.T.);
#1881=ORIENTED_EDGE('',*,*,#3527,.F.);
#1882=ORIENTED_EDGE('',*,*,#3528,.F.);
#1883=ORIENTED_EDGE('',*,*,#3523,.T.);
#1884=CARTESIAN_POINT('',(5.625,5.94999999999996,-0.655000512238025));
#1885=DIRECTION('',(0.0,0.0,1.0));
#1886=DIRECTION('',(1.0,0.0,0.0));
#1887=ORIENTED_EDGE('',*,*,#3529,.T.);
#1888=ORIENTED_EDGE('',*,*,#3530,.F.);
#1889=ORIENTED_EDGE('',*,*,#3531,.F.);
#1890=ORIENTED_EDGE('',*,*,#3527,.T.);
#1891=CARTESIAN_POINT('',(5.625,6.29999999999996,-0.655000512238025));
#1892=DIRECTION('',(0.0,-1.0,0.0));
#1893=DIRECTION('',(0.0,0.0,-1.0));
#1894=ORIENTED_EDGE('',*,*,#3532,.T.);
#1895=ORIENTED_EDGE('',*,*,#3533,.F.);
#1896=ORIENTED_EDGE('',*,*,#3534,.F.);
#1897=ORIENTED_EDGE('',*,*,#3530,.T.);
#1898=CARTESIAN_POINT('',(5.625,6.29999999999996,0.104999487761975));
#1899=DIRECTION('',(0.0,-0.819152044288994,-0.573576436351043));
#1900=DIRECTION('',(0.0,0.573576436351043,-0.819152044288994));
#1901=ORIENTED_EDGE('',*,*,#3443,.F.);
#1902=ORIENTED_EDGE('',*,*,#3535,.F.);
#1903=ORIENTED_EDGE('',*,*,#3532,.F.);
#1904=ORIENTED_EDGE('',*,*,#3529,.F.);
#1905=ORIENTED_EDGE('',*,*,#3526,.F.);
#1906=ORIENTED_EDGE('',*,*,#3522,.F.);
#1907=ORIENTED_EDGE('',*,*,#3536,.F.);
#1908=ORIENTED_EDGE('',*,*,#3431,.F.);
#1909=CARTESIAN_POINT('',(5.375,0.0,0.0));
#1910=DIRECTION('',(1.0,0.0,0.0));
#1911=DIRECTION('',(0.0,1.0,0.0));
#1912=ORIENTED_EDGE('',*,*,#3537,.T.);
#1913=ORIENTED_EDGE('',*,*,#3441,.T.);
#1914=ORIENTED_EDGE('',*,*,#3433,.T.);
#1915=ORIENTED_EDGE('',*,*,#3538,.T.);
#1916=ORIENTED_EDGE('',*,*,#3524,.T.);
#1917=ORIENTED_EDGE('',*,*,#3528,.T.);
#1918=ORIENTED_EDGE('',*,*,#3531,.T.);
#1919=ORIENTED_EDGE('',*,*,#3534,.T.);
#1920=CARTESIAN_POINT('',(5.625,0.0,0.0));
#1921=DIRECTION('',(1.0,0.0,0.0));
#1922=DIRECTION('',(0.0,1.0,0.0));
#1923=ORIENTED_EDGE('',*,*,#3442,.F.);
#1924=ORIENTED_EDGE('',*,*,#3537,.F.);
#1925=ORIENTED_EDGE('',*,*,#3533,.T.);
#1926=ORIENTED_EDGE('',*,*,#3535,.T.);
#1927=CARTESIAN_POINT('',(5.625,6.09999999999996,0.390629089110397));
#1928=DIRECTION('',(0.0,-1.0,-8.32252980132051E-16));
#1929=DIRECTION('',(0.0,8.32252980132051E-16,-1.0));
#1930=ORIENTED_EDGE('',*,*,#3536,.T.);
#1931=ORIENTED_EDGE('',*,*,#3525,.F.);
#1932=ORIENTED_EDGE('',*,*,#3538,.F.);
#1933=ORIENTED_EDGE('',*,*,#3432,.T.);
#1934=CARTESIAN_POINT('',(5.625,5.69999999999996,0.351681913339859));
#1935=DIRECTION('',(0.0,0.819152044288991,0.573576436351047));
#1936=DIRECTION('',(1.0,0.0,-0.0));
#1937=ORIENTED_EDGE('',*,*,#3539,.T.);
#1938=ORIENTED_EDGE('',*,*,#3289,.T.);
#1939=ORIENTED_EDGE('',*,*,#3540,.T.);
#1940=ORIENTED_EDGE('',*,*,#3541,.T.);
#1941=CARTESIAN_POINT('',(5.625,0.0,0.0));
#1942=DIRECTION('',(1.0,0.0,0.0));
#1943=DIRECTION('',(0.0,1.0,0.0));
#1944=ORIENTED_EDGE('',*,*,#3291,.F.);
#1945=ORIENTED_EDGE('',*,*,#3542,.F.);
#1946=ORIENTED_EDGE('',*,*,#3543,.F.);
#1947=ORIENTED_EDGE('',*,*,#3544,.F.);
#1948=CARTESIAN_POINT('',(5.375,0.0,0.0));
#1949=DIRECTION('',(1.0,0.0,0.0));
#1950=DIRECTION('',(0.0,1.0,0.0));
#1951=ORIENTED_EDGE('',*,*,#3290,.F.);
#1952=ORIENTED_EDGE('',*,*,#3539,.F.);
#1953=ORIENTED_EDGE('',*,*,#3545,.T.);
#1954=ORIENTED_EDGE('',*,*,#3542,.T.);
#1955=CARTESIAN_POINT('',(5.625,2.99999999999996,1.43499948776198));
#1956=DIRECTION('',(0.0,0.0,1.0));
#1957=DIRECTION('',(1.0,0.0,0.0));
#1958=ORIENTED_EDGE('',*,*,#3292,.F.);
#1959=ORIENTED_EDGE('',*,*,#3544,.T.);
#1960=ORIENTED_EDGE('',*,*,#3546,.F.);
#1961=ORIENTED_EDGE('',*,*,#3540,.F.);
#1962=CARTESIAN_POINT('',(5.625,5.69999999999996,1.91499948776198));
#1963=DIRECTION('',(0.0,8.03112720359633E-17,-1.0));
#1964=DIRECTION('',(-1.0,0.0,0.0));
#1965=ORIENTED_EDGE('',*,*,#3543,.T.);
#1966=ORIENTED_EDGE('',*,*,#3545,.F.);
#1967=ORIENTED_EDGE('',*,*,#3541,.F.);
#1968=ORIENTED_EDGE('',*,*,#3546,.T.);
#1969=CARTESIAN_POINT('',(5.625,2.99999999999996,1.91499948776197));
#1970=DIRECTION('',(-0.0,1.0,0.0));
#1971=DIRECTION('',(1.0,0.0,0.0));
#1972=ORIENTED_EDGE('',*,*,#3547,.T.);
#1973=ORIENTED_EDGE('',*,*,#3548,.F.);
#1974=ORIENTED_EDGE('',*,*,#3549,.F.);
#1975=ORIENTED_EDGE('',*,*,#3550,.T.);
#1976=CARTESIAN_POINT('',(4.625,5.94999999999996,-0.00535508834566589));
#1977=DIRECTION('',(-0.0,1.0,0.0));
#1978=DIRECTION('',(1.0,0.0,0.0));
#1979=ORIENTED_EDGE('',*,*,#3551,.T.);
#1980=ORIENTED_EDGE('',*,*,#3552,.F.);
#1981=ORIENTED_EDGE('',*,*,#3553,.F.);
#1982=ORIENTED_EDGE('',*,*,#3548,.T.);
#1983=CARTESIAN_POINT('',(4.625,5.94999999999996,-0.655000512238025));
#1984=DIRECTION('',(0.0,0.0,1.0));
#1985=DIRECTION('',(1.0,0.0,0.0));
#1986=ORIENTED_EDGE('',*,*,#3554,.T.);
#1987=ORIENTED_EDGE('',*,*,#3555,.F.);
#1988=ORIENTED_EDGE('',*,*,#3556,.F.);
#1989=ORIENTED_EDGE('',*,*,#3552,.T.);
#1990=CARTESIAN_POINT('',(4.625,6.29999999999996,-0.655000512238025));
#1991=DIRECTION('',(0.0,-1.0,0.0));
#1992=DIRECTION('',(0.0,0.0,-1.0));
#1993=ORIENTED_EDGE('',*,*,#3557,.T.);
#1994=ORIENTED_EDGE('',*,*,#3558,.F.);
#1995=ORIENTED_EDGE('',*,*,#3559,.F.);
#1996=ORIENTED_EDGE('',*,*,#3555,.T.);
#1997=CARTESIAN_POINT('',(4.625,6.29999999999996,0.104999487761975));
#1998=DIRECTION('',(0.0,-0.819152044288994,-0.573576436351043));
#1999=DIRECTION('',(0.0,0.573576436351043,-0.819152044288994));
#2000=ORIENTED_EDGE('',*,*,#3446,.F.);
#2001=ORIENTED_EDGE('',*,*,#3560,.F.);
#2002=ORIENTED_EDGE('',*,*,#3557,.F.);
#2003=ORIENTED_EDGE('',*,*,#3554,.F.);
#2004=ORIENTED_EDGE('',*,*,#3551,.F.);
#2005=ORIENTED_EDGE('',*,*,#3547,.F.);
#2006=ORIENTED_EDGE('',*,*,#3561,.F.);
#2007=ORIENTED_EDGE('',*,*,#3427,.F.);
#2008=CARTESIAN_POINT('',(4.375,0.0,0.0));
#2009=DIRECTION('',(1.0,0.0,0.0));
#2010=DIRECTION('',(0.0,1.0,0.0));
#2011=ORIENTED_EDGE('',*,*,#3562,.T.);
#2012=ORIENTED_EDGE('',*,*,#3444,.T.);
#2013=ORIENTED_EDGE('',*,*,#3429,.T.);
#2014=ORIENTED_EDGE('',*,*,#3563,.T.);
#2015=ORIENTED_EDGE('',*,*,#3549,.T.);
#2016=ORIENTED_EDGE('',*,*,#3553,.T.);
#2017=ORIENTED_EDGE('',*,*,#3556,.T.);
#2018=ORIENTED_EDGE('',*,*,#3559,.T.);
#2019=CARTESIAN_POINT('',(4.625,0.0,0.0));
#2020=DIRECTION('',(1.0,0.0,0.0));
#2021=DIRECTION('',(0.0,1.0,0.0));
#2022=ORIENTED_EDGE('',*,*,#3445,.F.);
#2023=ORIENTED_EDGE('',*,*,#3562,.F.);
#2024=ORIENTED_EDGE('',*,*,#3558,.T.);
#2025=ORIENTED_EDGE('',*,*,#3560,.T.);
#2026=CARTESIAN_POINT('',(4.625,6.09999999999996,0.390629089110397));
#2027=DIRECTION('',(0.0,-1.0,-8.32252980132051E-16));
#2028=DIRECTION('',(0.0,8.32252980132051E-16,-1.0));
#2029=ORIENTED_EDGE('',*,*,#3561,.T.);
#2030=ORIENTED_EDGE('',*,*,#3550,.F.);
#2031=ORIENTED_EDGE('',*,*,#3563,.F.);
#2032=ORIENTED_EDGE('',*,*,#3428,.T.);
#2033=CARTESIAN_POINT('',(4.625,5.69999999999996,0.351681913339859));
#2034=DIRECTION('',(0.0,0.819152044288991,0.573576436351047));
#2035=DIRECTION('',(1.0,0.0,-0.0));
#2036=ORIENTED_EDGE('',*,*,#3564,.T.);
#2037=ORIENTED_EDGE('',*,*,#3285,.T.);
#2038=ORIENTED_EDGE('',*,*,#3565,.T.);
#2039=ORIENTED_EDGE('',*,*,#3566,.T.);
#2040=CARTESIAN_POINT('',(4.625,0.0,0.0));
#2041=DIRECTION('',(1.0,0.0,0.0));
#2042=DIRECTION('',(0.0,1.0,0.0));
#2043=ORIENTED_EDGE('',*,*,#3287,.F.);
#2044=ORIENTED_EDGE('',*,*,#3567,.F.);
#2045=ORIENTED_EDGE('',*,*,#3568,.F.);
#2046=ORIENTED_EDGE('',*,*,#3569,.F.);
#2047=CARTESIAN_POINT('',(4.375,0.0,0.0));
#2048=DIRECTION('',(1.0,0.0,0.0));
#2049=DIRECTION('',(0.0,1.0,0.0));
#2050=ORIENTED_EDGE('',*,*,#3286,.F.);
#2051=ORIENTED_EDGE('',*,*,#3564,.F.);
#2052=ORIENTED_EDGE('',*,*,#3570,.T.);
#2053=ORIENTED_EDGE('',*,*,#3567,.T.);
#2054=CARTESIAN_POINT('',(4.625,2.99999999999996,1.43499948776198));
#2055=DIRECTION('',(0.0,0.0,1.0));
#2056=DIRECTION('',(1.0,0.0,0.0));
#2057=ORIENTED_EDGE('',*,*,#3288,.F.);
#2058=ORIENTED_EDGE('',*,*,#3569,.T.);
#2059=ORIENTED_EDGE('',*,*,#3571,.F.);
#2060=ORIENTED_EDGE('',*,*,#3565,.F.);
#2061=CARTESIAN_POINT('',(4.625,5.69999999999996,1.91499948776198));
#2062=DIRECTION('',(0.0,8.03112720359633E-17,-1.0));
#2063=DIRECTION('',(-1.0,0.0,0.0));
#2064=ORIENTED_EDGE('',*,*,#3568,.T.);
#2065=ORIENTED_EDGE('',*,*,#3570,.F.);
#2066=ORIENTED_EDGE('',*,*,#3566,.F.);
#2067=ORIENTED_EDGE('',*,*,#3571,.T.);
#2068=CARTESIAN_POINT('',(4.625,2.99999999999996,1.91499948776197));
#2069=DIRECTION('',(-0.0,1.0,0.0));
#2070=DIRECTION('',(1.0,0.0,0.0));
#2071=ORIENTED_EDGE('',*,*,#3572,.T.);
#2072=ORIENTED_EDGE('',*,*,#3573,.F.);
#2073=ORIENTED_EDGE('',*,*,#3574,.F.);
#2074=ORIENTED_EDGE('',*,*,#3575,.T.);
#2075=CARTESIAN_POINT('',(3.625,5.94999999999996,-0.00535508834566589));
#2076=DIRECTION('',(-0.0,1.0,0.0));
#2077=DIRECTION('',(1.0,0.0,0.0));
#2078=ORIENTED_EDGE('',*,*,#3576,.T.);
#2079=ORIENTED_EDGE('',*,*,#3577,.F.);
#2080=ORIENTED_EDGE('',*,*,#3578,.F.);
#2081=ORIENTED_EDGE('',*,*,#3573,.T.);
#2082=CARTESIAN_POINT('',(3.625,5.94999999999996,-0.655000512238025));
#2083=DIRECTION('',(0.0,0.0,1.0));
#2084=DIRECTION('',(1.0,0.0,0.0));
#2085=ORIENTED_EDGE('',*,*,#3579,.T.);
#2086=ORIENTED_EDGE('',*,*,#3580,.F.);
#2087=ORIENTED_EDGE('',*,*,#3581,.F.);
#2088=ORIENTED_EDGE('',*,*,#3577,.T.);
#2089=CARTESIAN_POINT('',(3.625,6.29999999999996,-0.655000512238025));
#2090=DIRECTION('',(0.0,-1.0,0.0));
#2091=DIRECTION('',(0.0,0.0,-1.0));
#2092=ORIENTED_EDGE('',*,*,#3582,.T.);
#2093=ORIENTED_EDGE('',*,*,#3583,.F.);
#2094=ORIENTED_EDGE('',*,*,#3584,.F.);
#2095=ORIENTED_EDGE('',*,*,#3580,.T.);
#2096=CARTESIAN_POINT('',(3.625,6.29999999999996,0.104999487761975));
#2097=DIRECTION('',(0.0,-0.819152044288994,-0.573576436351043));
#2098=DIRECTION('',(0.0,0.573576436351043,-0.819152044288994));
#2099=ORIENTED_EDGE('',*,*,#3449,.F.);
#2100=ORIENTED_EDGE('',*,*,#3585,.F.);
#2101=ORIENTED_EDGE('',*,*,#3582,.F.);
#2102=ORIENTED_EDGE('',*,*,#3579,.F.);
#2103=ORIENTED_EDGE('',*,*,#3576,.F.);
#2104=ORIENTED_EDGE('',*,*,#3572,.F.);
#2105=ORIENTED_EDGE('',*,*,#3586,.F.);
#2106=ORIENTED_EDGE('',*,*,#3423,.F.);
#2107=CARTESIAN_POINT('',(3.375,0.0,0.0));
#2108=DIRECTION('',(1.0,0.0,0.0));
#2109=DIRECTION('',(0.0,1.0,0.0));
#2110=ORIENTED_EDGE('',*,*,#3587,.T.);
#2111=ORIENTED_EDGE('',*,*,#3447,.T.);
#2112=ORIENTED_EDGE('',*,*,#3425,.T.);
#2113=ORIENTED_EDGE('',*,*,#3588,.T.);
#2114=ORIENTED_EDGE('',*,*,#3574,.T.);
#2115=ORIENTED_EDGE('',*,*,#3578,.T.);
#2116=ORIENTED_EDGE('',*,*,#3581,.T.);
#2117=ORIENTED_EDGE('',*,*,#3584,.T.);
#2118=CARTESIAN_POINT('',(3.625,0.0,0.0));
#2119=DIRECTION('',(1.0,0.0,0.0));
#2120=DIRECTION('',(0.0,1.0,0.0));
#2121=ORIENTED_EDGE('',*,*,#3448,.F.);
#2122=ORIENTED_EDGE('',*,*,#3587,.F.);
#2123=ORIENTED_EDGE('',*,*,#3583,.T.);
#2124=ORIENTED_EDGE('',*,*,#3585,.T.);
#2125=CARTESIAN_POINT('',(3.625,6.09999999999996,0.390629089110397));
#2126=DIRECTION('',(0.0,-1.0,-8.32252980132051E-16));
#2127=DIRECTION('',(0.0,8.32252980132051E-16,-1.0));
#2128=ORIENTED_EDGE('',*,*,#3586,.T.);
#2129=ORIENTED_EDGE('',*,*,#3575,.F.);
#2130=ORIENTED_EDGE('',*,*,#3588,.F.);
#2131=ORIENTED_EDGE('',*,*,#3424,.T.);
#2132=CARTESIAN_POINT('',(3.625,5.69999999999996,0.351681913339859));
#2133=DIRECTION('',(0.0,0.819152044288991,0.573576436351047));
#2134=DIRECTION('',(1.0,0.0,-0.0));
#2135=ORIENTED_EDGE('',*,*,#3589,.T.);
#2136=ORIENTED_EDGE('',*,*,#3281,.T.);
#2137=ORIENTED_EDGE('',*,*,#3590,.T.);
#2138=ORIENTED_EDGE('',*,*,#3591,.T.);
#2139=CARTESIAN_POINT('',(3.625,0.0,0.0));
#2140=DIRECTION('',(1.0,0.0,0.0));
#2141=DIRECTION('',(0.0,1.0,0.0));
#2142=ORIENTED_EDGE('',*,*,#3283,.F.);
#2143=ORIENTED_EDGE('',*,*,#3592,.F.);
#2144=ORIENTED_EDGE('',*,*,#3593,.F.);
#2145=ORIENTED_EDGE('',*,*,#3594,.F.);
#2146=CARTESIAN_POINT('',(3.375,0.0,0.0));
#2147=DIRECTION('',(1.0,0.0,0.0));
#2148=DIRECTION('',(0.0,1.0,0.0));
#2149=ORIENTED_EDGE('',*,*,#3282,.F.);
#2150=ORIENTED_EDGE('',*,*,#3589,.F.);
#2151=ORIENTED_EDGE('',*,*,#3595,.T.);
#2152=ORIENTED_EDGE('',*,*,#3592,.T.);
#2153=CARTESIAN_POINT('',(3.625,2.99999999999996,1.43499948776198));
#2154=DIRECTION('',(0.0,0.0,1.0));
#2155=DIRECTION('',(1.0,0.0,0.0));
#2156=ORIENTED_EDGE('',*,*,#3284,.F.);
#2157=ORIENTED_EDGE('',*,*,#3594,.T.);
#2158=ORIENTED_EDGE('',*,*,#3596,.F.);
#2159=ORIENTED_EDGE('',*,*,#3590,.F.);
#2160=CARTESIAN_POINT('',(3.625,5.69999999999996,1.91499948776198));
#2161=DIRECTION('',(0.0,8.03112720359633E-17,-1.0));
#2162=DIRECTION('',(-1.0,0.0,0.0));
#2163=ORIENTED_EDGE('',*,*,#3593,.T.);
#2164=ORIENTED_EDGE('',*,*,#3595,.F.);
#2165=ORIENTED_EDGE('',*,*,#3591,.F.);
#2166=ORIENTED_EDGE('',*,*,#3596,.T.);
#2167=CARTESIAN_POINT('',(3.625,2.99999999999996,1.91499948776197));
#2168=DIRECTION('',(-0.0,1.0,0.0));
#2169=DIRECTION('',(1.0,0.0,0.0));
#2170=ORIENTED_EDGE('',*,*,#3597,.T.);
#2171=ORIENTED_EDGE('',*,*,#3598,.F.);
#2172=ORIENTED_EDGE('',*,*,#3599,.F.);
#2173=ORIENTED_EDGE('',*,*,#3600,.T.);
#2174=CARTESIAN_POINT('',(2.625,5.94999999999996,-0.00535508834566589));
#2175=DIRECTION('',(-0.0,1.0,0.0));
#2176=DIRECTION('',(1.0,0.0,0.0));
#2177=ORIENTED_EDGE('',*,*,#3601,.T.);
#2178=ORIENTED_EDGE('',*,*,#3602,.F.);
#2179=ORIENTED_EDGE('',*,*,#3603,.F.);
#2180=ORIENTED_EDGE('',*,*,#3598,.T.);
#2181=CARTESIAN_POINT('',(2.625,5.94999999999996,-0.655000512238025));
#2182=DIRECTION('',(0.0,0.0,1.0));
#2183=DIRECTION('',(1.0,0.0,0.0));
#2184=ORIENTED_EDGE('',*,*,#3604,.T.);
#2185=ORIENTED_EDGE('',*,*,#3605,.F.);
#2186=ORIENTED_EDGE('',*,*,#3606,.F.);
#2187=ORIENTED_EDGE('',*,*,#3602,.T.);
#2188=CARTESIAN_POINT('',(2.625,6.29999999999996,-0.655000512238025));
#2189=DIRECTION('',(0.0,-1.0,0.0));
#2190=DIRECTION('',(0.0,0.0,-1.0));
#2191=ORIENTED_EDGE('',*,*,#3607,.T.);
#2192=ORIENTED_EDGE('',*,*,#3608,.F.);
#2193=ORIENTED_EDGE('',*,*,#3609,.F.);
#2194=ORIENTED_EDGE('',*,*,#3605,.T.);
#2195=CARTESIAN_POINT('',(2.625,6.29999999999996,0.104999487761975));
#2196=DIRECTION('',(0.0,-0.819152044288994,-0.573576436351043));
#2197=DIRECTION('',(0.0,0.573576436351043,-0.819152044288994));
#2198=ORIENTED_EDGE('',*,*,#3452,.F.);
#2199=ORIENTED_EDGE('',*,*,#3610,.F.);
#2200=ORIENTED_EDGE('',*,*,#3607,.F.);
#2201=ORIENTED_EDGE('',*,*,#3604,.F.);
#2202=ORIENTED_EDGE('',*,*,#3601,.F.);
#2203=ORIENTED_EDGE('',*,*,#3597,.F.);
#2204=ORIENTED_EDGE('',*,*,#3611,.F.);
#2205=ORIENTED_EDGE('',*,*,#3419,.F.);
#2206=CARTESIAN_POINT('',(2.375,0.0,0.0));
#2207=DIRECTION('',(1.0,0.0,0.0));
#2208=DIRECTION('',(0.0,1.0,0.0));
#2209=ORIENTED_EDGE('',*,*,#3612,.T.);
#2210=ORIENTED_EDGE('',*,*,#3450,.T.);
#2211=ORIENTED_EDGE('',*,*,#3421,.T.);
#2212=ORIENTED_EDGE('',*,*,#3613,.T.);
#2213=ORIENTED_EDGE('',*,*,#3599,.T.);
#2214=ORIENTED_EDGE('',*,*,#3603,.T.);
#2215=ORIENTED_EDGE('',*,*,#3606,.T.);
#2216=ORIENTED_EDGE('',*,*,#3609,.T.);
#2217=CARTESIAN_POINT('',(2.625,0.0,0.0));
#2218=DIRECTION('',(1.0,0.0,0.0));
#2219=DIRECTION('',(0.0,1.0,0.0));
#2220=ORIENTED_EDGE('',*,*,#3451,.F.);
#2221=ORIENTED_EDGE('',*,*,#3612,.F.);
#2222=ORIENTED_EDGE('',*,*,#3608,.T.);
#2223=ORIENTED_EDGE('',*,*,#3610,.T.);
#2224=CARTESIAN_POINT('',(2.625,6.09999999999996,0.390629089110397));
#2225=DIRECTION('',(0.0,-1.0,-8.32252980132051E-16));
#2226=DIRECTION('',(0.0,8.32252980132051E-16,-1.0));
#2227=ORIENTED_EDGE('',*,*,#3611,.T.);
#2228=ORIENTED_EDGE('',*,*,#3600,.F.);
#2229=ORIENTED_EDGE('',*,*,#3613,.F.);
#2230=ORIENTED_EDGE('',*,*,#3420,.T.);
#2231=CARTESIAN_POINT('',(2.625,5.69999999999996,0.351681913339859));
#2232=DIRECTION('',(0.0,0.819152044288991,0.573576436351047));
#2233=DIRECTION('',(1.0,0.0,-0.0));
#2234=ORIENTED_EDGE('',*,*,#3614,.T.);
#2235=ORIENTED_EDGE('',*,*,#3277,.T.);
#2236=ORIENTED_EDGE('',*,*,#3615,.T.);
#2237=ORIENTED_EDGE('',*,*,#3616,.T.);
#2238=CARTESIAN_POINT('',(2.625,0.0,0.0));
#2239=DIRECTION('',(1.0,0.0,0.0));
#2240=DIRECTION('',(0.0,1.0,0.0));
#2241=ORIENTED_EDGE('',*,*,#3279,.F.);
#2242=ORIENTED_EDGE('',*,*,#3617,.F.);
#2243=ORIENTED_EDGE('',*,*,#3618,.F.);
#2244=ORIENTED_EDGE('',*,*,#3619,.F.);
#2245=CARTESIAN_POINT('',(2.375,0.0,0.0));
#2246=DIRECTION('',(1.0,0.0,0.0));
#2247=DIRECTION('',(0.0,1.0,0.0));
#2248=ORIENTED_EDGE('',*,*,#3278,.F.);
#2249=ORIENTED_EDGE('',*,*,#3614,.F.);
#2250=ORIENTED_EDGE('',*,*,#3620,.T.);
#2251=ORIENTED_EDGE('',*,*,#3617,.T.);
#2252=CARTESIAN_POINT('',(2.625,2.99999999999996,1.43499948776198));
#2253=DIRECTION('',(0.0,0.0,1.0));
#2254=DIRECTION('',(1.0,0.0,0.0));
#2255=ORIENTED_EDGE('',*,*,#3280,.F.);
#2256=ORIENTED_EDGE('',*,*,#3619,.T.);
#2257=ORIENTED_EDGE('',*,*,#3621,.F.);
#2258=ORIENTED_EDGE('',*,*,#3615,.F.);
#2259=CARTESIAN_POINT('',(2.625,5.69999999999996,1.91499948776198));
#2260=DIRECTION('',(0.0,8.03112720359633E-17,-1.0));
#2261=DIRECTION('',(-1.0,0.0,0.0));
#2262=ORIENTED_EDGE('',*,*,#3618,.T.);
#2263=ORIENTED_EDGE('',*,*,#3620,.F.);
#2264=ORIENTED_EDGE('',*,*,#3616,.F.);
#2265=ORIENTED_EDGE('',*,*,#3621,.T.);
#2266=CARTESIAN_POINT('',(2.625,2.99999999999996,1.91499948776197));
#2267=DIRECTION('',(-0.0,1.0,0.0));
#2268=DIRECTION('',(1.0,0.0,0.0));
#2269=ORIENTED_EDGE('',*,*,#3622,.T.);
#2270=ORIENTED_EDGE('',*,*,#3623,.F.);
#2271=ORIENTED_EDGE('',*,*,#3624,.F.);
#2272=ORIENTED_EDGE('',*,*,#3625,.T.);
#2273=CARTESIAN_POINT('',(1.625,5.94999999999996,-0.00535508834566589));
#2274=DIRECTION('',(-0.0,1.0,0.0));
#2275=DIRECTION('',(1.0,0.0,0.0));
#2276=ORIENTED_EDGE('',*,*,#3626,.T.);
#2277=ORIENTED_EDGE('',*,*,#3627,.F.);
#2278=ORIENTED_EDGE('',*,*,#3628,.F.);
#2279=ORIENTED_EDGE('',*,*,#3623,.T.);
#2280=CARTESIAN_POINT('',(1.625,5.94999999999996,-0.655000512238025));
#2281=DIRECTION('',(0.0,0.0,1.0));
#2282=DIRECTION('',(1.0,0.0,0.0));
#2283=ORIENTED_EDGE('',*,*,#3629,.T.);
#2284=ORIENTED_EDGE('',*,*,#3630,.F.);
#2285=ORIENTED_EDGE('',*,*,#3631,.F.);
#2286=ORIENTED_EDGE('',*,*,#3627,.T.);
#2287=CARTESIAN_POINT('',(1.625,6.29999999999996,-0.655000512238025));
#2288=DIRECTION('',(0.0,-1.0,0.0));
#2289=DIRECTION('',(0.0,0.0,-1.0));
#2290=ORIENTED_EDGE('',*,*,#3632,.T.);
#2291=ORIENTED_EDGE('',*,*,#3633,.F.);
#2292=ORIENTED_EDGE('',*,*,#3634,.F.);
#2293=ORIENTED_EDGE('',*,*,#3630,.T.);
#2294=CARTESIAN_POINT('',(1.625,6.29999999999996,0.104999487761975));
#2295=DIRECTION('',(0.0,-0.819152044288994,-0.573576436351043));
#2296=DIRECTION('',(0.0,0.573576436351043,-0.819152044288994));
#2297=ORIENTED_EDGE('',*,*,#3455,.F.);
#2298=ORIENTED_EDGE('',*,*,#3635,.F.);
#2299=ORIENTED_EDGE('',*,*,#3632,.F.);
#2300=ORIENTED_EDGE('',*,*,#3629,.F.);
#2301=ORIENTED_EDGE('',*,*,#3626,.F.);
#2302=ORIENTED_EDGE('',*,*,#3622,.F.);
#2303=ORIENTED_EDGE('',*,*,#3636,.F.);
#2304=ORIENTED_EDGE('',*,*,#3415,.F.);
#2305=CARTESIAN_POINT('',(1.375,0.0,0.0));
#2306=DIRECTION('',(1.0,0.0,0.0));
#2307=DIRECTION('',(0.0,1.0,0.0));
#2308=ORIENTED_EDGE('',*,*,#3637,.T.);
#2309=ORIENTED_EDGE('',*,*,#3453,.T.);
#2310=ORIENTED_EDGE('',*,*,#3417,.T.);
#2311=ORIENTED_EDGE('',*,*,#3638,.T.);
#2312=ORIENTED_EDGE('',*,*,#3624,.T.);
#2313=ORIENTED_EDGE('',*,*,#3628,.T.);
#2314=ORIENTED_EDGE('',*,*,#3631,.T.);
#2315=ORIENTED_EDGE('',*,*,#3634,.T.);
#2316=CARTESIAN_POINT('',(1.625,0.0,0.0));
#2317=DIRECTION('',(1.0,0.0,0.0));
#2318=DIRECTION('',(0.0,1.0,0.0));
#2319=ORIENTED_EDGE('',*,*,#3454,.F.);
#2320=ORIENTED_EDGE('',*,*,#3637,.F.);
#2321=ORIENTED_EDGE('',*,*,#3633,.T.);
#2322=ORIENTED_EDGE('',*,*,#3635,.T.);
#2323=CARTESIAN_POINT('',(1.625,6.09999999999996,0.390629089110397));
#2324=DIRECTION('',(0.0,-1.0,-8.32252980132051E-16));
#2325=DIRECTION('',(0.0,8.32252980132051E-16,-1.0));
#2326=ORIENTED_EDGE('',*,*,#3636,.T.);
#2327=ORIENTED_EDGE('',*,*,#3625,.F.);
#2328=ORIENTED_EDGE('',*,*,#3638,.F.);
#2329=ORIENTED_EDGE('',*,*,#3416,.T.);
#2330=CARTESIAN_POINT('',(1.625,5.69999999999996,0.351681913339859));
#2331=DIRECTION('',(0.0,0.819152044288991,0.573576436351047));
#2332=DIRECTION('',(1.0,0.0,-0.0));
#2333=ORIENTED_EDGE('',*,*,#3639,.T.);
#2334=ORIENTED_EDGE('',*,*,#3273,.T.);
#2335=ORIENTED_EDGE('',*,*,#3640,.T.);
#2336=ORIENTED_EDGE('',*,*,#3641,.T.);
#2337=CARTESIAN_POINT('',(1.625,0.0,0.0));
#2338=DIRECTION('',(1.0,0.0,0.0));
#2339=DIRECTION('',(0.0,1.0,0.0));
#2340=ORIENTED_EDGE('',*,*,#3275,.F.);
#2341=ORIENTED_EDGE('',*,*,#3642,.F.);
#2342=ORIENTED_EDGE('',*,*,#3643,.F.);
#2343=ORIENTED_EDGE('',*,*,#3644,.F.);
#2344=CARTESIAN_POINT('',(1.375,0.0,0.0));
#2345=DIRECTION('',(1.0,0.0,0.0));
#2346=DIRECTION('',(0.0,1.0,0.0));
#2347=ORIENTED_EDGE('',*,*,#3274,.F.);
#2348=ORIENTED_EDGE('',*,*,#3639,.F.);
#2349=ORIENTED_EDGE('',*,*,#3645,.T.);
#2350=ORIENTED_EDGE('',*,*,#3642,.T.);
#2351=CARTESIAN_POINT('',(1.625,2.99999999999996,1.43499948776198));
#2352=DIRECTION('',(0.0,0.0,1.0));
#2353=DIRECTION('',(1.0,0.0,0.0));
#2354=ORIENTED_EDGE('',*,*,#3276,.F.);
#2355=ORIENTED_EDGE('',*,*,#3644,.T.);
#2356=ORIENTED_EDGE('',*,*,#3646,.F.);
#2357=ORIENTED_EDGE('',*,*,#3640,.F.);
#2358=CARTESIAN_POINT('',(1.625,5.69999999999996,1.91499948776198));
#2359=DIRECTION('',(0.0,8.03112720359633E-17,-1.0));
#2360=DIRECTION('',(-1.0,0.0,0.0));
#2361=ORIENTED_EDGE('',*,*,#3643,.T.);
#2362=ORIENTED_EDGE('',*,*,#3645,.F.);
#2363=ORIENTED_EDGE('',*,*,#3641,.F.);
#2364=ORIENTED_EDGE('',*,*,#3646,.T.);
#2365=CARTESIAN_POINT('',(1.625,2.99999999999996,1.91499948776197));
#2366=DIRECTION('',(-0.0,1.0,0.0));
#2367=DIRECTION('',(1.0,0.0,0.0));
#2368=ORIENTED_EDGE('',*,*,#3647,.T.);
#2369=ORIENTED_EDGE('',*,*,#3648,.F.);
#2370=ORIENTED_EDGE('',*,*,#3649,.F.);
#2371=ORIENTED_EDGE('',*,*,#3650,.T.);
#2372=CARTESIAN_POINT('',(0.625,5.94999999999996,-0.00535508834566589));
#2373=DIRECTION('',(-0.0,1.0,0.0));
#2374=DIRECTION('',(1.0,0.0,0.0));
#2375=ORIENTED_EDGE('',*,*,#3651,.T.);
#2376=ORIENTED_EDGE('',*,*,#3652,.F.);
#2377=ORIENTED_EDGE('',*,*,#3653,.F.);
#2378=ORIENTED_EDGE('',*,*,#3648,.T.);
#2379=CARTESIAN_POINT('',(0.625,5.94999999999996,-0.655000512238025));
#2380=DIRECTION('',(0.0,0.0,1.0));
#2381=DIRECTION('',(1.0,0.0,0.0));
#2382=ORIENTED_EDGE('',*,*,#3654,.T.);
#2383=ORIENTED_EDGE('',*,*,#3655,.F.);
#2384=ORIENTED_EDGE('',*,*,#3656,.F.);
#2385=ORIENTED_EDGE('',*,*,#3652,.T.);
#2386=CARTESIAN_POINT('',(0.625,6.29999999999996,-0.655000512238025));
#2387=DIRECTION('',(0.0,-1.0,0.0));
#2388=DIRECTION('',(0.0,0.0,-1.0));
#2389=ORIENTED_EDGE('',*,*,#3657,.T.);
#2390=ORIENTED_EDGE('',*,*,#3658,.F.);
#2391=ORIENTED_EDGE('',*,*,#3659,.F.);
#2392=ORIENTED_EDGE('',*,*,#3655,.T.);
#2393=CARTESIAN_POINT('',(0.625,6.29999999999996,0.104999487761975));
#2394=DIRECTION('',(0.0,-0.819152044288994,-0.573576436351043));
#2395=DIRECTION('',(0.0,0.573576436351043,-0.819152044288994));
#2396=ORIENTED_EDGE('',*,*,#3458,.F.);
#2397=ORIENTED_EDGE('',*,*,#3660,.F.);
#2398=ORIENTED_EDGE('',*,*,#3657,.F.);
#2399=ORIENTED_EDGE('',*,*,#3654,.F.);
#2400=ORIENTED_EDGE('',*,*,#3651,.F.);
#2401=ORIENTED_EDGE('',*,*,#3647,.F.);
#2402=ORIENTED_EDGE('',*,*,#3661,.F.);
#2403=ORIENTED_EDGE('',*,*,#3411,.F.);
#2404=CARTESIAN_POINT('',(0.375,0.0,0.0));
#2405=DIRECTION('',(1.0,0.0,0.0));
#2406=DIRECTION('',(0.0,1.0,0.0));
#2407=ORIENTED_EDGE('',*,*,#3662,.T.);
#2408=ORIENTED_EDGE('',*,*,#3456,.T.);
#2409=ORIENTED_EDGE('',*,*,#3413,.T.);
#2410=ORIENTED_EDGE('',*,*,#3663,.T.);
#2411=ORIENTED_EDGE('',*,*,#3649,.T.);
#2412=ORIENTED_EDGE('',*,*,#3653,.T.);
#2413=ORIENTED_EDGE('',*,*,#3656,.T.);
#2414=ORIENTED_EDGE('',*,*,#3659,.T.);
#2415=CARTESIAN_POINT('',(0.625,0.0,0.0));
#2416=DIRECTION('',(1.0,0.0,0.0));
#2417=DIRECTION('',(0.0,1.0,0.0));
#2418=ORIENTED_EDGE('',*,*,#3457,.F.);
#2419=ORIENTED_EDGE('',*,*,#3662,.F.);
#2420=ORIENTED_EDGE('',*,*,#3658,.T.);
#2421=ORIENTED_EDGE('',*,*,#3660,.T.);
#2422=CARTESIAN_POINT('',(0.625,6.09999999999996,0.390629089110397));
#2423=DIRECTION('',(0.0,-1.0,-8.32252980132051E-16));
#2424=DIRECTION('',(0.0,8.32252980132051E-16,-1.0));
#2425=ORIENTED_EDGE('',*,*,#3661,.T.);
#2426=ORIENTED_EDGE('',*,*,#3650,.F.);
#2427=ORIENTED_EDGE('',*,*,#3663,.F.);
#2428=ORIENTED_EDGE('',*,*,#3412,.T.);
#2429=CARTESIAN_POINT('',(0.625,5.69999999999996,0.351681913339859));
#2430=DIRECTION('',(0.0,0.819152044288991,0.573576436351047));
#2431=DIRECTION('',(1.0,0.0,-0.0));
#2432=ORIENTED_EDGE('',*,*,#3664,.T.);
#2433=ORIENTED_EDGE('',*,*,#3269,.T.);
#2434=ORIENTED_EDGE('',*,*,#3665,.T.);
#2435=ORIENTED_EDGE('',*,*,#3666,.T.);
#2436=CARTESIAN_POINT('',(0.625,0.0,0.0));
#2437=DIRECTION('',(1.0,0.0,0.0));
#2438=DIRECTION('',(0.0,1.0,0.0));
#2439=ORIENTED_EDGE('',*,*,#3271,.F.);
#2440=ORIENTED_EDGE('',*,*,#3667,.F.);
#2441=ORIENTED_EDGE('',*,*,#3668,.F.);
#2442=ORIENTED_EDGE('',*,*,#3669,.F.);
#2443=CARTESIAN_POINT('',(0.375,0.0,0.0));
#2444=DIRECTION('',(1.0,0.0,0.0));
#2445=DIRECTION('',(0.0,1.0,0.0));
#2446=ORIENTED_EDGE('',*,*,#3270,.F.);
#2447=ORIENTED_EDGE('',*,*,#3664,.F.);
#2448=ORIENTED_EDGE('',*,*,#3670,.T.);
#2449=ORIENTED_EDGE('',*,*,#3667,.T.);
#2450=CARTESIAN_POINT('',(0.625,2.99999999999996,1.43499948776198));
#2451=DIRECTION('',(0.0,0.0,1.0));
#2452=DIRECTION('',(1.0,0.0,0.0));
#2453=ORIENTED_EDGE('',*,*,#3272,.F.);
#2454=ORIENTED_EDGE('',*,*,#3669,.T.);
#2455=ORIENTED_EDGE('',*,*,#3671,.F.);
#2456=ORIENTED_EDGE('',*,*,#3665,.F.);
#2457=CARTESIAN_POINT('',(0.625,5.69999999999996,1.91499948776198));
#2458=DIRECTION('',(0.0,8.03112720359633E-17,-1.0));
#2459=DIRECTION('',(-1.0,0.0,0.0));
#2460=ORIENTED_EDGE('',*,*,#3668,.T.);
#2461=ORIENTED_EDGE('',*,*,#3670,.F.);
#2462=ORIENTED_EDGE('',*,*,#3666,.F.);
#2463=ORIENTED_EDGE('',*,*,#3671,.T.);
#2464=CARTESIAN_POINT('',(0.625,2.99999999999996,1.91499948776197));
#2465=DIRECTION('',(-0.0,1.0,0.0));
#2466=DIRECTION('',(1.0,0.0,0.0));
#2467=ORIENTED_EDGE('',*,*,#3672,.T.);
#2468=ORIENTED_EDGE('',*,*,#3673,.F.);
#2469=ORIENTED_EDGE('',*,*,#3674,.F.);
#2470=ORIENTED_EDGE('',*,*,#3675,.T.);
#2471=CARTESIAN_POINT('',(-0.375,5.94999999999996,-0.00535508834566589));
#2472=DIRECTION('',(-0.0,1.0,0.0));
#2473=DIRECTION('',(1.0,0.0,0.0));
#2474=ORIENTED_EDGE('',*,*,#3676,.T.);
#2475=ORIENTED_EDGE('',*,*,#3677,.F.);
#2476=ORIENTED_EDGE('',*,*,#3678,.F.);
#2477=ORIENTED_EDGE('',*,*,#3673,.T.);
#2478=CARTESIAN_POINT('',(-0.375,5.94999999999996,-0.655000512238025));
#2479=DIRECTION('',(0.0,0.0,1.0));
#2480=DIRECTION('',(1.0,0.0,0.0));
#2481=ORIENTED_EDGE('',*,*,#3679,.T.);
#2482=ORIENTED_EDGE('',*,*,#3680,.F.);
#2483=ORIENTED_EDGE('',*,*,#3681,.F.);
#2484=ORIENTED_EDGE('',*,*,#3677,.T.);
#2485=CARTESIAN_POINT('',(-0.375,6.29999999999996,-0.655000512238025));
#2486=DIRECTION('',(0.0,-1.0,0.0));
#2487=DIRECTION('',(0.0,0.0,-1.0));
#2488=ORIENTED_EDGE('',*,*,#3682,.T.);
#2489=ORIENTED_EDGE('',*,*,#3683,.F.);
#2490=ORIENTED_EDGE('',*,*,#3684,.F.);
#2491=ORIENTED_EDGE('',*,*,#3680,.T.);
#2492=CARTESIAN_POINT('',(-0.375,6.29999999999996,0.104999487761975));
#2493=DIRECTION('',(0.0,-0.819152044288994,-0.573576436351043));
#2494=DIRECTION('',(0.0,0.573576436351043,-0.819152044288994));
#2495=ORIENTED_EDGE('',*,*,#3461,.F.);
#2496=ORIENTED_EDGE('',*,*,#3685,.F.);
#2497=ORIENTED_EDGE('',*,*,#3682,.F.);
#2498=ORIENTED_EDGE('',*,*,#3679,.F.);
#2499=ORIENTED_EDGE('',*,*,#3676,.F.);
#2500=ORIENTED_EDGE('',*,*,#3672,.F.);
#2501=ORIENTED_EDGE('',*,*,#3686,.F.);
#2502=ORIENTED_EDGE('',*,*,#3407,.F.);
#2503=CARTESIAN_POINT('',(-0.625,0.0,0.0));
#2504=DIRECTION('',(1.0,0.0,0.0));
#2505=DIRECTION('',(0.0,1.0,0.0));
#2506=ORIENTED_EDGE('',*,*,#3687,.T.);
#2507=ORIENTED_EDGE('',*,*,#3459,.T.);
#2508=ORIENTED_EDGE('',*,*,#3409,.T.);
#2509=ORIENTED_EDGE('',*,*,#3688,.T.);
#2510=ORIENTED_EDGE('',*,*,#3674,.T.);
#2511=ORIENTED_EDGE('',*,*,#3678,.T.);
#2512=ORIENTED_EDGE('',*,*,#3681,.T.);
#2513=ORIENTED_EDGE('',*,*,#3684,.T.);
#2514=CARTESIAN_POINT('',(-0.375,0.0,0.0));
#2515=DIRECTION('',(1.0,0.0,0.0));
#2516=DIRECTION('',(0.0,1.0,0.0));
#2517=ORIENTED_EDGE('',*,*,#3460,.F.);
#2518=ORIENTED_EDGE('',*,*,#3687,.F.);
#2519=ORIENTED_EDGE('',*,*,#3683,.T.);
#2520=ORIENTED_EDGE('',*,*,#3685,.T.);
#2521=CARTESIAN_POINT('',(-0.375,6.09999999999996,0.390629089110397));
#2522=DIRECTION('',(0.0,-1.0,-8.32252980132051E-16));
#2523=DIRECTION('',(0.0,8.32252980132051E-16,-1.0));
#2524=ORIENTED_EDGE('',*,*,#3686,.T.);
#2525=ORIENTED_EDGE('',*,*,#3675,.F.);
#2526=ORIENTED_EDGE('',*,*,#3688,.F.);
#2527=ORIENTED_EDGE('',*,*,#3408,.T.);
#2528=CARTESIAN_POINT('',(-0.375,5.69999999999996,0.351681913339859));
#2529=DIRECTION('',(0.0,0.819152044288991,0.573576436351047));
#2530=DIRECTION('',(1.0,0.0,-0.0));
#2531=ORIENTED_EDGE('',*,*,#3689,.T.);
#2532=ORIENTED_EDGE('',*,*,#3265,.T.);
#2533=ORIENTED_EDGE('',*,*,#3690,.T.);
#2534=ORIENTED_EDGE('',*,*,#3691,.T.);
#2535=CARTESIAN_POINT('',(-0.375,0.0,0.0));
#2536=DIRECTION('',(1.0,0.0,0.0));
#2537=DIRECTION('',(0.0,1.0,0.0));
#2538=ORIENTED_EDGE('',*,*,#3267,.F.);
#2539=ORIENTED_EDGE('',*,*,#3692,.F.);
#2540=ORIENTED_EDGE('',*,*,#3693,.F.);
#2541=ORIENTED_EDGE('',*,*,#3694,.F.);
#2542=CARTESIAN_POINT('',(-0.625,0.0,0.0));
#2543=DIRECTION('',(1.0,0.0,0.0));
#2544=DIRECTION('',(0.0,1.0,0.0));
#2545=ORIENTED_EDGE('',*,*,#3266,.F.);
#2546=ORIENTED_EDGE('',*,*,#3689,.F.);
#2547=ORIENTED_EDGE('',*,*,#3695,.T.);
#2548=ORIENTED_EDGE('',*,*,#3692,.T.);
#2549=CARTESIAN_POINT('',(-0.375,2.99999999999996,1.43499948776198));
#2550=DIRECTION('',(0.0,0.0,1.0));
#2551=DIRECTION('',(1.0,0.0,0.0));
#2552=ORIENTED_EDGE('',*,*,#3268,.F.);
#2553=ORIENTED_EDGE('',*,*,#3694,.T.);
#2554=ORIENTED_EDGE('',*,*,#3696,.F.);
#2555=ORIENTED_EDGE('',*,*,#3690,.F.);
#2556=CARTESIAN_POINT('',(-0.375,5.69999999999996,1.91499948776198));
#2557=DIRECTION('',(0.0,8.03112720359633E-17,-1.0));
#2558=DIRECTION('',(-1.0,0.0,0.0));
#2559=ORIENTED_EDGE('',*,*,#3693,.T.);
#2560=ORIENTED_EDGE('',*,*,#3695,.F.);
#2561=ORIENTED_EDGE('',*,*,#3691,.F.);
#2562=ORIENTED_EDGE('',*,*,#3696,.T.);
#2563=CARTESIAN_POINT('',(-0.375,2.99999999999996,1.91499948776197));
#2564=DIRECTION('',(-0.0,1.0,0.0));
#2565=DIRECTION('',(1.0,0.0,0.0));
#2566=ORIENTED_EDGE('',*,*,#3697,.T.);
#2567=ORIENTED_EDGE('',*,*,#3698,.F.);
#2568=ORIENTED_EDGE('',*,*,#3699,.F.);
#2569=ORIENTED_EDGE('',*,*,#3700,.T.);
#2570=CARTESIAN_POINT('',(-1.375,5.94999999999996,-0.00535508834566589));
#2571=DIRECTION('',(-0.0,1.0,0.0));
#2572=DIRECTION('',(1.0,0.0,0.0));
#2573=ORIENTED_EDGE('',*,*,#3701,.T.);
#2574=ORIENTED_EDGE('',*,*,#3702,.F.);
#2575=ORIENTED_EDGE('',*,*,#3703,.F.);
#2576=ORIENTED_EDGE('',*,*,#3698,.T.);
#2577=CARTESIAN_POINT('',(-1.375,5.94999999999996,-0.655000512238025));
#2578=DIRECTION('',(0.0,0.0,1.0));
#2579=DIRECTION('',(1.0,0.0,0.0));
#2580=ORIENTED_EDGE('',*,*,#3704,.T.);
#2581=ORIENTED_EDGE('',*,*,#3705,.F.);
#2582=ORIENTED_EDGE('',*,*,#3706,.F.);
#2583=ORIENTED_EDGE('',*,*,#3702,.T.);
#2584=CARTESIAN_POINT('',(-1.375,6.29999999999996,-0.655000512238025));
#2585=DIRECTION('',(0.0,-1.0,0.0));
#2586=DIRECTION('',(0.0,0.0,-1.0));
#2587=ORIENTED_EDGE('',*,*,#3707,.T.);
#2588=ORIENTED_EDGE('',*,*,#3708,.F.);
#2589=ORIENTED_EDGE('',*,*,#3709,.F.);
#2590=ORIENTED_EDGE('',*,*,#3705,.T.);
#2591=CARTESIAN_POINT('',(-1.375,6.29999999999996,0.104999487761975));
#2592=DIRECTION('',(0.0,-0.819152044288994,-0.573576436351043));
#2593=DIRECTION('',(0.0,0.573576436351043,-0.819152044288994));
#2594=ORIENTED_EDGE('',*,*,#3464,.F.);
#2595=ORIENTED_EDGE('',*,*,#3710,.F.);
#2596=ORIENTED_EDGE('',*,*,#3707,.F.);
#2597=ORIENTED_EDGE('',*,*,#3704,.F.);
#2598=ORIENTED_EDGE('',*,*,#3701,.F.);
#2599=ORIENTED_EDGE('',*,*,#3697,.F.);
#2600=ORIENTED_EDGE('',*,*,#3711,.F.);
#2601=ORIENTED_EDGE('',*,*,#3403,.F.);
#2602=CARTESIAN_POINT('',(-1.625,0.0,0.0));
#2603=DIRECTION('',(1.0,0.0,0.0));
#2604=DIRECTION('',(0.0,1.0,0.0));
#2605=ORIENTED_EDGE('',*,*,#3712,.T.);
#2606=ORIENTED_EDGE('',*,*,#3462,.T.);
#2607=ORIENTED_EDGE('',*,*,#3405,.T.);
#2608=ORIENTED_EDGE('',*,*,#3713,.T.);
#2609=ORIENTED_EDGE('',*,*,#3699,.T.);
#2610=ORIENTED_EDGE('',*,*,#3703,.T.);
#2611=ORIENTED_EDGE('',*,*,#3706,.T.);
#2612=ORIENTED_EDGE('',*,*,#3709,.T.);
#2613=CARTESIAN_POINT('',(-1.375,0.0,0.0));
#2614=DIRECTION('',(1.0,0.0,0.0));
#2615=DIRECTION('',(0.0,1.0,0.0));
#2616=ORIENTED_EDGE('',*,*,#3463,.F.);
#2617=ORIENTED_EDGE('',*,*,#3712,.F.);
#2618=ORIENTED_EDGE('',*,*,#3708,.T.);
#2619=ORIENTED_EDGE('',*,*,#3710,.T.);
#2620=CARTESIAN_POINT('',(-1.375,6.09999999999996,0.390629089110397));
#2621=DIRECTION('',(0.0,-1.0,-8.32252980132051E-16));
#2622=DIRECTION('',(0.0,8.32252980132051E-16,-1.0));
#2623=ORIENTED_EDGE('',*,*,#3711,.T.);
#2624=ORIENTED_EDGE('',*,*,#3700,.F.);
#2625=ORIENTED_EDGE('',*,*,#3713,.F.);
#2626=ORIENTED_EDGE('',*,*,#3404,.T.);
#2627=CARTESIAN_POINT('',(-1.375,5.69999999999996,0.351681913339859));
#2628=DIRECTION('',(0.0,0.819152044288991,0.573576436351047));
#2629=DIRECTION('',(1.0,0.0,-0.0));
#2630=ORIENTED_EDGE('',*,*,#3714,.T.);
#2631=ORIENTED_EDGE('',*,*,#3261,.T.);
#2632=ORIENTED_EDGE('',*,*,#3715,.T.);
#2633=ORIENTED_EDGE('',*,*,#3716,.T.);
#2634=CARTESIAN_POINT('',(-1.375,0.0,0.0));
#2635=DIRECTION('',(1.0,0.0,0.0));
#2636=DIRECTION('',(0.0,1.0,0.0));
#2637=ORIENTED_EDGE('',*,*,#3263,.F.);
#2638=ORIENTED_EDGE('',*,*,#3717,.F.);
#2639=ORIENTED_EDGE('',*,*,#3718,.F.);
#2640=ORIENTED_EDGE('',*,*,#3719,.F.);
#2641=CARTESIAN_POINT('',(-1.625,0.0,0.0));
#2642=DIRECTION('',(1.0,0.0,0.0));
#2643=DIRECTION('',(0.0,1.0,0.0));
#2644=ORIENTED_EDGE('',*,*,#3262,.F.);
#2645=ORIENTED_EDGE('',*,*,#3714,.F.);
#2646=ORIENTED_EDGE('',*,*,#3720,.T.);
#2647=ORIENTED_EDGE('',*,*,#3717,.T.);
#2648=CARTESIAN_POINT('',(-1.375,2.99999999999996,1.43499948776198));
#2649=DIRECTION('',(0.0,0.0,1.0));
#2650=DIRECTION('',(1.0,0.0,0.0));
#2651=ORIENTED_EDGE('',*,*,#3264,.F.);
#2652=ORIENTED_EDGE('',*,*,#3719,.T.);
#2653=ORIENTED_EDGE('',*,*,#3721,.F.);
#2654=ORIENTED_EDGE('',*,*,#3715,.F.);
#2655=CARTESIAN_POINT('',(-1.375,5.69999999999996,1.91499948776198));
#2656=DIRECTION('',(0.0,8.03112720359633E-17,-1.0));
#2657=DIRECTION('',(-1.0,0.0,0.0));
#2658=ORIENTED_EDGE('',*,*,#3718,.T.);
#2659=ORIENTED_EDGE('',*,*,#3720,.F.);
#2660=ORIENTED_EDGE('',*,*,#3716,.F.);
#2661=ORIENTED_EDGE('',*,*,#3721,.T.);
#2662=CARTESIAN_POINT('',(-1.375,2.99999999999996,1.91499948776197));
#2663=DIRECTION('',(-0.0,1.0,0.0));
#2664=DIRECTION('',(1.0,0.0,0.0));
#2665=ORIENTED_EDGE('',*,*,#3722,.T.);
#2666=ORIENTED_EDGE('',*,*,#3723,.F.);
#2667=ORIENTED_EDGE('',*,*,#3724,.F.);
#2668=ORIENTED_EDGE('',*,*,#3725,.T.);
#2669=CARTESIAN_POINT('',(-2.375,5.94999999999996,-0.00535508834566589));
#2670=DIRECTION('',(-0.0,1.0,0.0));
#2671=DIRECTION('',(1.0,0.0,0.0));
#2672=ORIENTED_EDGE('',*,*,#3726,.T.);
#2673=ORIENTED_EDGE('',*,*,#3727,.F.);
#2674=ORIENTED_EDGE('',*,*,#3728,.F.);
#2675=ORIENTED_EDGE('',*,*,#3723,.T.);
#2676=CARTESIAN_POINT('',(-2.375,5.94999999999996,-0.655000512238025));
#2677=DIRECTION('',(0.0,0.0,1.0));
#2678=DIRECTION('',(1.0,0.0,0.0));
#2679=ORIENTED_EDGE('',*,*,#3729,.T.);
#2680=ORIENTED_EDGE('',*,*,#3730,.F.);
#2681=ORIENTED_EDGE('',*,*,#3731,.F.);
#2682=ORIENTED_EDGE('',*,*,#3727,.T.);
#2683=CARTESIAN_POINT('',(-2.375,6.29999999999996,-0.655000512238025));
#2684=DIRECTION('',(0.0,-1.0,0.0));
#2685=DIRECTION('',(0.0,0.0,-1.0));
#2686=ORIENTED_EDGE('',*,*,#3732,.T.);
#2687=ORIENTED_EDGE('',*,*,#3733,.F.);
#2688=ORIENTED_EDGE('',*,*,#3734,.F.);
#2689=ORIENTED_EDGE('',*,*,#3730,.T.);
#2690=CARTESIAN_POINT('',(-2.375,6.29999999999996,0.104999487761975));
#2691=DIRECTION('',(0.0,-0.819152044288994,-0.573576436351043));
#2692=DIRECTION('',(0.0,0.573576436351043,-0.819152044288994));
#2693=ORIENTED_EDGE('',*,*,#3467,.F.);
#2694=ORIENTED_EDGE('',*,*,#3735,.F.);
#2695=ORIENTED_EDGE('',*,*,#3732,.F.);
#2696=ORIENTED_EDGE('',*,*,#3729,.F.);
#2697=ORIENTED_EDGE('',*,*,#3726,.F.);
#2698=ORIENTED_EDGE('',*,*,#3722,.F.);
#2699=ORIENTED_EDGE('',*,*,#3736,.F.);
#2700=ORIENTED_EDGE('',*,*,#3399,.F.);
#2701=CARTESIAN_POINT('',(-2.625,0.0,0.0));
#2702=DIRECTION('',(1.0,0.0,0.0));
#2703=DIRECTION('',(0.0,1.0,0.0));
#2704=ORIENTED_EDGE('',*,*,#3737,.T.);
#2705=ORIENTED_EDGE('',*,*,#3465,.T.);
#2706=ORIENTED_EDGE('',*,*,#3401,.T.);
#2707=ORIENTED_EDGE('',*,*,#3738,.T.);
#2708=ORIENTED_EDGE('',*,*,#3724,.T.);
#2709=ORIENTED_EDGE('',*,*,#3728,.T.);
#2710=ORIENTED_EDGE('',*,*,#3731,.T.);
#2711=ORIENTED_EDGE('',*,*,#3734,.T.);
#2712=CARTESIAN_POINT('',(-2.375,0.0,0.0));
#2713=DIRECTION('',(1.0,0.0,0.0));
#2714=DIRECTION('',(0.0,1.0,0.0));
#2715=ORIENTED_EDGE('',*,*,#3466,.F.);
#2716=ORIENTED_EDGE('',*,*,#3737,.F.);
#2717=ORIENTED_EDGE('',*,*,#3733,.T.);
#2718=ORIENTED_EDGE('',*,*,#3735,.T.);
#2719=CARTESIAN_POINT('',(-2.375,6.09999999999996,0.390629089110397));
#2720=DIRECTION('',(0.0,-1.0,-8.32252980132051E-16));
#2721=DIRECTION('',(0.0,8.32252980132051E-16,-1.0));
#2722=ORIENTED_EDGE('',*,*,#3736,.T.);
#2723=ORIENTED_EDGE('',*,*,#3725,.F.);
#2724=ORIENTED_EDGE('',*,*,#3738,.F.);
#2725=ORIENTED_EDGE('',*,*,#3400,.T.);
#2726=CARTESIAN_POINT('',(-2.375,5.69999999999996,0.351681913339859));
#2727=DIRECTION('',(0.0,0.819152044288991,0.573576436351047));
#2728=DIRECTION('',(1.0,0.0,-0.0));
#2729=ORIENTED_EDGE('',*,*,#3739,.T.);
#2730=ORIENTED_EDGE('',*,*,#3257,.T.);
#2731=ORIENTED_EDGE('',*,*,#3740,.T.);
#2732=ORIENTED_EDGE('',*,*,#3741,.T.);
#2733=CARTESIAN_POINT('',(-2.375,0.0,0.0));
#2734=DIRECTION('',(1.0,0.0,0.0));
#2735=DIRECTION('',(0.0,1.0,0.0));
#2736=ORIENTED_EDGE('',*,*,#3259,.F.);
#2737=ORIENTED_EDGE('',*,*,#3742,.F.);
#2738=ORIENTED_EDGE('',*,*,#3743,.F.);
#2739=ORIENTED_EDGE('',*,*,#3744,.F.);
#2740=CARTESIAN_POINT('',(-2.625,0.0,0.0));
#2741=DIRECTION('',(1.0,0.0,0.0));
#2742=DIRECTION('',(0.0,1.0,0.0));
#2743=ORIENTED_EDGE('',*,*,#3258,.F.);
#2744=ORIENTED_EDGE('',*,*,#3739,.F.);
#2745=ORIENTED_EDGE('',*,*,#3745,.T.);
#2746=ORIENTED_EDGE('',*,*,#3742,.T.);
#2747=CARTESIAN_POINT('',(-2.375,2.99999999999996,1.43499948776198));
#2748=DIRECTION('',(0.0,0.0,1.0));
#2749=DIRECTION('',(1.0,0.0,0.0));
#2750=ORIENTED_EDGE('',*,*,#3260,.F.);
#2751=ORIENTED_EDGE('',*,*,#3744,.T.);
#2752=ORIENTED_EDGE('',*,*,#3746,.F.);
#2753=ORIENTED_EDGE('',*,*,#3740,.F.);
#2754=CARTESIAN_POINT('',(-2.375,5.69999999999996,1.91499948776198));
#2755=DIRECTION('',(0.0,8.03112720359633E-17,-1.0));
#2756=DIRECTION('',(-1.0,0.0,0.0));
#2757=ORIENTED_EDGE('',*,*,#3743,.T.);
#2758=ORIENTED_EDGE('',*,*,#3745,.F.);
#2759=ORIENTED_EDGE('',*,*,#3741,.F.);
#2760=ORIENTED_EDGE('',*,*,#3746,.T.);
#2761=CARTESIAN_POINT('',(-2.375,2.99999999999996,1.91499948776197));
#2762=DIRECTION('',(-0.0,1.0,0.0));
#2763=DIRECTION('',(1.0,0.0,0.0));
#2764=ORIENTED_EDGE('',*,*,#3747,.T.);
#2765=ORIENTED_EDGE('',*,*,#3748,.F.);
#2766=ORIENTED_EDGE('',*,*,#3749,.F.);
#2767=ORIENTED_EDGE('',*,*,#3750,.T.);
#2768=CARTESIAN_POINT('',(-3.375,5.94999999999996,-0.00535508834566589));
#2769=DIRECTION('',(-0.0,1.0,0.0));
#2770=DIRECTION('',(1.0,0.0,0.0));
#2771=ORIENTED_EDGE('',*,*,#3751,.T.);
#2772=ORIENTED_EDGE('',*,*,#3752,.F.);
#2773=ORIENTED_EDGE('',*,*,#3753,.F.);
#2774=ORIENTED_EDGE('',*,*,#3748,.T.);
#2775=CARTESIAN_POINT('',(-3.375,5.94999999999996,-0.655000512238025));
#2776=DIRECTION('',(0.0,0.0,1.0));
#2777=DIRECTION('',(1.0,0.0,0.0));
#2778=ORIENTED_EDGE('',*,*,#3754,.T.);
#2779=ORIENTED_EDGE('',*,*,#3755,.F.);
#2780=ORIENTED_EDGE('',*,*,#3756,.F.);
#2781=ORIENTED_EDGE('',*,*,#3752,.T.);
#2782=CARTESIAN_POINT('',(-3.375,6.29999999999996,-0.655000512238025));
#2783=DIRECTION('',(0.0,-1.0,0.0));
#2784=DIRECTION('',(0.0,0.0,-1.0));
#2785=ORIENTED_EDGE('',*,*,#3757,.T.);
#2786=ORIENTED_EDGE('',*,*,#3758,.F.);
#2787=ORIENTED_EDGE('',*,*,#3759,.F.);
#2788=ORIENTED_EDGE('',*,*,#3755,.T.);
#2789=CARTESIAN_POINT('',(-3.375,6.29999999999996,0.104999487761975));
#2790=DIRECTION('',(0.0,-0.819152044288994,-0.573576436351043));
#2791=DIRECTION('',(0.0,0.573576436351043,-0.819152044288994));
#2792=ORIENTED_EDGE('',*,*,#3470,.F.);
#2793=ORIENTED_EDGE('',*,*,#3760,.F.);
#2794=ORIENTED_EDGE('',*,*,#3757,.F.);
#2795=ORIENTED_EDGE('',*,*,#3754,.F.);
#2796=ORIENTED_EDGE('',*,*,#3751,.F.);
#2797=ORIENTED_EDGE('',*,*,#3747,.F.);
#2798=ORIENTED_EDGE('',*,*,#3761,.F.);
#2799=ORIENTED_EDGE('',*,*,#3395,.F.);
#2800=CARTESIAN_POINT('',(-3.625,0.0,0.0));
#2801=DIRECTION('',(1.0,0.0,0.0));
#2802=DIRECTION('',(0.0,1.0,0.0));
#2803=ORIENTED_EDGE('',*,*,#3762,.T.);
#2804=ORIENTED_EDGE('',*,*,#3468,.T.);
#2805=ORIENTED_EDGE('',*,*,#3397,.T.);
#2806=ORIENTED_EDGE('',*,*,#3763,.T.);
#2807=ORIENTED_EDGE('',*,*,#3749,.T.);
#2808=ORIENTED_EDGE('',*,*,#3753,.T.);
#2809=ORIENTED_EDGE('',*,*,#3756,.T.);
#2810=ORIENTED_EDGE('',*,*,#3759,.T.);
#2811=CARTESIAN_POINT('',(-3.375,0.0,0.0));
#2812=DIRECTION('',(1.0,0.0,0.0));
#2813=DIRECTION('',(0.0,1.0,0.0));
#2814=ORIENTED_EDGE('',*,*,#3469,.F.);
#2815=ORIENTED_EDGE('',*,*,#3762,.F.);
#2816=ORIENTED_EDGE('',*,*,#3758,.T.);
#2817=ORIENTED_EDGE('',*,*,#3760,.T.);
#2818=CARTESIAN_POINT('',(-3.375,6.09999999999996,0.390629089110397));
#2819=DIRECTION('',(0.0,-1.0,-8.32252980132051E-16));
#2820=DIRECTION('',(0.0,8.32252980132051E-16,-1.0));
#2821=ORIENTED_EDGE('',*,*,#3761,.T.);
#2822=ORIENTED_EDGE('',*,*,#3750,.F.);
#2823=ORIENTED_EDGE('',*,*,#3763,.F.);
#2824=ORIENTED_EDGE('',*,*,#3396,.T.);
#2825=CARTESIAN_POINT('',(-3.375,5.69999999999996,0.351681913339859));
#2826=DIRECTION('',(0.0,0.819152044288991,0.573576436351047));
#2827=DIRECTION('',(1.0,0.0,-0.0));
#2828=ORIENTED_EDGE('',*,*,#3764,.T.);
#2829=ORIENTED_EDGE('',*,*,#3253,.T.);
#2830=ORIENTED_EDGE('',*,*,#3765,.T.);
#2831=ORIENTED_EDGE('',*,*,#3766,.T.);
#2832=CARTESIAN_POINT('',(-3.375,0.0,0.0));
#2833=DIRECTION('',(1.0,0.0,0.0));
#2834=DIRECTION('',(0.0,1.0,0.0));
#2835=ORIENTED_EDGE('',*,*,#3255,.F.);
#2836=ORIENTED_EDGE('',*,*,#3767,.F.);
#2837=ORIENTED_EDGE('',*,*,#3768,.F.);
#2838=ORIENTED_EDGE('',*,*,#3769,.F.);
#2839=CARTESIAN_POINT('',(-3.625,0.0,0.0));
#2840=DIRECTION('',(1.0,0.0,0.0));
#2841=DIRECTION('',(0.0,1.0,0.0));
#2842=ORIENTED_EDGE('',*,*,#3254,.F.);
#2843=ORIENTED_EDGE('',*,*,#3764,.F.);
#2844=ORIENTED_EDGE('',*,*,#3770,.T.);
#2845=ORIENTED_EDGE('',*,*,#3767,.T.);
#2846=CARTESIAN_POINT('',(-3.375,2.99999999999996,1.43499948776198));
#2847=DIRECTION('',(0.0,0.0,1.0));
#2848=DIRECTION('',(1.0,0.0,0.0));
#2849=ORIENTED_EDGE('',*,*,#3256,.F.);
#2850=ORIENTED_EDGE('',*,*,#3769,.T.);
#2851=ORIENTED_EDGE('',*,*,#3771,.F.);
#2852=ORIENTED_EDGE('',*,*,#3765,.F.);
#2853=CARTESIAN_POINT('',(-3.375,5.69999999999996,1.91499948776198));
#2854=DIRECTION('',(0.0,8.03112720359633E-17,-1.0));
#2855=DIRECTION('',(-1.0,0.0,0.0));
#2856=ORIENTED_EDGE('',*,*,#3768,.T.);
#2857=ORIENTED_EDGE('',*,*,#3770,.F.);
#2858=ORIENTED_EDGE('',*,*,#3766,.F.);
#2859=ORIENTED_EDGE('',*,*,#3771,.T.);
#2860=CARTESIAN_POINT('',(-3.375,2.99999999999996,1.91499948776197));
#2861=DIRECTION('',(-0.0,1.0,0.0));
#2862=DIRECTION('',(1.0,0.0,0.0));
#2863=ORIENTED_EDGE('',*,*,#3772,.T.);
#2864=ORIENTED_EDGE('',*,*,#3773,.F.);
#2865=ORIENTED_EDGE('',*,*,#3774,.F.);
#2866=ORIENTED_EDGE('',*,*,#3775,.T.);
#2867=CARTESIAN_POINT('',(-4.375,5.94999999999996,-0.00535508834566589));
#2868=DIRECTION('',(-0.0,1.0,0.0));
#2869=DIRECTION('',(1.0,0.0,0.0));
#2870=ORIENTED_EDGE('',*,*,#3776,.T.);
#2871=ORIENTED_EDGE('',*,*,#3777,.F.);
#2872=ORIENTED_EDGE('',*,*,#3778,.F.);
#2873=ORIENTED_EDGE('',*,*,#3773,.T.);
#2874=CARTESIAN_POINT('',(-4.375,5.94999999999996,-0.655000512238025));
#2875=DIRECTION('',(0.0,0.0,1.0));
#2876=DIRECTION('',(1.0,0.0,0.0));
#2877=ORIENTED_EDGE('',*,*,#3779,.T.);
#2878=ORIENTED_EDGE('',*,*,#3780,.F.);
#2879=ORIENTED_EDGE('',*,*,#3781,.F.);
#2880=ORIENTED_EDGE('',*,*,#3777,.T.);
#2881=CARTESIAN_POINT('',(-4.375,6.29999999999996,-0.655000512238025));
#2882=DIRECTION('',(0.0,-1.0,0.0));
#2883=DIRECTION('',(0.0,0.0,-1.0));
#2884=ORIENTED_EDGE('',*,*,#3782,.T.);
#2885=ORIENTED_EDGE('',*,*,#3783,.F.);
#2886=ORIENTED_EDGE('',*,*,#3784,.F.);
#2887=ORIENTED_EDGE('',*,*,#3780,.T.);
#2888=CARTESIAN_POINT('',(-4.375,6.29999999999996,0.104999487761975));
#2889=DIRECTION('',(0.0,-0.819152044288994,-0.573576436351043));
#2890=DIRECTION('',(0.0,0.573576436351043,-0.819152044288994));
#2891=ORIENTED_EDGE('',*,*,#3473,.F.);
#2892=ORIENTED_EDGE('',*,*,#3785,.F.);
#2893=ORIENTED_EDGE('',*,*,#3782,.F.);
#2894=ORIENTED_EDGE('',*,*,#3779,.F.);
#2895=ORIENTED_EDGE('',*,*,#3776,.F.);
#2896=ORIENTED_EDGE('',*,*,#3772,.F.);
#2897=ORIENTED_EDGE('',*,*,#3786,.F.);
#2898=ORIENTED_EDGE('',*,*,#3391,.F.);
#2899=CARTESIAN_POINT('',(-4.625,0.0,0.0));
#2900=DIRECTION('',(1.0,0.0,0.0));
#2901=DIRECTION('',(0.0,1.0,0.0));
#2902=ORIENTED_EDGE('',*,*,#3787,.T.);
#2903=ORIENTED_EDGE('',*,*,#3471,.T.);
#2904=ORIENTED_EDGE('',*,*,#3393,.T.);
#2905=ORIENTED_EDGE('',*,*,#3788,.T.);
#2906=ORIENTED_EDGE('',*,*,#3774,.T.);
#2907=ORIENTED_EDGE('',*,*,#3778,.T.);
#2908=ORIENTED_EDGE('',*,*,#3781,.T.);
#2909=ORIENTED_EDGE('',*,*,#3784,.T.);
#2910=CARTESIAN_POINT('',(-4.375,0.0,0.0));
#2911=DIRECTION('',(1.0,0.0,0.0));
#2912=DIRECTION('',(0.0,1.0,0.0));
#2913=ORIENTED_EDGE('',*,*,#3472,.F.);
#2914=ORIENTED_EDGE('',*,*,#3787,.F.);
#2915=ORIENTED_EDGE('',*,*,#3783,.T.);
#2916=ORIENTED_EDGE('',*,*,#3785,.T.);
#2917=CARTESIAN_POINT('',(-4.375,6.09999999999996,0.390629089110397));
#2918=DIRECTION('',(0.0,-1.0,-8.32252980132051E-16));
#2919=DIRECTION('',(0.0,8.32252980132051E-16,-1.0));
#2920=ORIENTED_EDGE('',*,*,#3786,.T.);
#2921=ORIENTED_EDGE('',*,*,#3775,.F.);
#2922=ORIENTED_EDGE('',*,*,#3788,.F.);
#2923=ORIENTED_EDGE('',*,*,#3392,.T.);
#2924=CARTESIAN_POINT('',(-4.375,5.69999999999996,0.351681913339859));
#2925=DIRECTION('',(0.0,0.819152044288991,0.573576436351047));
#2926=DIRECTION('',(1.0,0.0,-0.0));
#2927=ORIENTED_EDGE('',*,*,#3789,.T.);
#2928=ORIENTED_EDGE('',*,*,#3249,.T.);
#2929=ORIENTED_EDGE('',*,*,#3790,.T.);
#2930=ORIENTED_EDGE('',*,*,#3791,.T.);
#2931=CARTESIAN_POINT('',(-4.375,0.0,0.0));
#2932=DIRECTION('',(1.0,0.0,0.0));
#2933=DIRECTION('',(0.0,1.0,0.0));
#2934=ORIENTED_EDGE('',*,*,#3251,.F.);
#2935=ORIENTED_EDGE('',*,*,#3792,.F.);
#2936=ORIENTED_EDGE('',*,*,#3793,.F.);
#2937=ORIENTED_EDGE('',*,*,#3794,.F.);
#2938=CARTESIAN_POINT('',(-4.625,0.0,0.0));
#2939=DIRECTION('',(1.0,0.0,0.0));
#2940=DIRECTION('',(0.0,1.0,0.0));
#2941=ORIENTED_EDGE('',*,*,#3250,.F.);
#2942=ORIENTED_EDGE('',*,*,#3789,.F.);
#2943=ORIENTED_EDGE('',*,*,#3795,.T.);
#2944=ORIENTED_EDGE('',*,*,#3792,.T.);
#2945=CARTESIAN_POINT('',(-4.375,2.99999999999996,1.43499948776198));
#2946=DIRECTION('',(0.0,0.0,1.0));
#2947=DIRECTION('',(1.0,0.0,0.0));
#2948=ORIENTED_EDGE('',*,*,#3252,.F.);
#2949=ORIENTED_EDGE('',*,*,#3794,.T.);
#2950=ORIENTED_EDGE('',*,*,#3796,.F.);
#2951=ORIENTED_EDGE('',*,*,#3790,.F.);
#2952=CARTESIAN_POINT('',(-4.375,5.69999999999996,1.91499948776198));
#2953=DIRECTION('',(0.0,8.03112720359633E-17,-1.0));
#2954=DIRECTION('',(-1.0,0.0,0.0));
#2955=ORIENTED_EDGE('',*,*,#3793,.T.);
#2956=ORIENTED_EDGE('',*,*,#3795,.F.);
#2957=ORIENTED_EDGE('',*,*,#3791,.F.);
#2958=ORIENTED_EDGE('',*,*,#3796,.T.);
#2959=CARTESIAN_POINT('',(-4.375,2.99999999999996,1.91499948776197));
#2960=DIRECTION('',(-0.0,1.0,0.0));
#2961=DIRECTION('',(1.0,0.0,0.0));
#2962=ORIENTED_EDGE('',*,*,#3797,.T.);
#2963=ORIENTED_EDGE('',*,*,#3798,.F.);
#2964=ORIENTED_EDGE('',*,*,#3799,.F.);
#2965=ORIENTED_EDGE('',*,*,#3800,.T.);
#2966=CARTESIAN_POINT('',(-5.375,5.94999999999996,-0.00535508834566589));
#2967=DIRECTION('',(-0.0,1.0,0.0));
#2968=DIRECTION('',(1.0,0.0,0.0));
#2969=ORIENTED_EDGE('',*,*,#3801,.T.);
#2970=ORIENTED_EDGE('',*,*,#3802,.F.);
#2971=ORIENTED_EDGE('',*,*,#3803,.F.);
#2972=ORIENTED_EDGE('',*,*,#3798,.T.);
#2973=CARTESIAN_POINT('',(-5.375,5.94999999999996,-0.655000512238025));
#2974=DIRECTION('',(0.0,0.0,1.0));
#2975=DIRECTION('',(1.0,0.0,0.0));
#2976=ORIENTED_EDGE('',*,*,#3804,.T.);
#2977=ORIENTED_EDGE('',*,*,#3805,.F.);
#2978=ORIENTED_EDGE('',*,*,#3806,.F.);
#2979=ORIENTED_EDGE('',*,*,#3802,.T.);
#2980=CARTESIAN_POINT('',(-5.375,6.29999999999996,-0.655000512238025));
#2981=DIRECTION('',(0.0,-1.0,0.0));
#2982=DIRECTION('',(0.0,0.0,-1.0));
#2983=ORIENTED_EDGE('',*,*,#3807,.T.);
#2984=ORIENTED_EDGE('',*,*,#3808,.F.);
#2985=ORIENTED_EDGE('',*,*,#3809,.F.);
#2986=ORIENTED_EDGE('',*,*,#3805,.T.);
#2987=CARTESIAN_POINT('',(-5.375,6.29999999999996,0.104999487761975));
#2988=DIRECTION('',(0.0,-0.819152044288994,-0.573576436351043));
#2989=DIRECTION('',(0.0,0.573576436351043,-0.819152044288994));
#2990=ORIENTED_EDGE('',*,*,#3440,.F.);
#2991=ORIENTED_EDGE('',*,*,#3810,.F.);
#2992=ORIENTED_EDGE('',*,*,#3807,.F.);
#2993=ORIENTED_EDGE('',*,*,#3804,.F.);
#2994=ORIENTED_EDGE('',*,*,#3801,.F.);
#2995=ORIENTED_EDGE('',*,*,#3797,.F.);
#2996=ORIENTED_EDGE('',*,*,#3811,.F.);
#2997=ORIENTED_EDGE('',*,*,#3436,.F.);
#2998=CARTESIAN_POINT('',(-5.625,0.0,0.0));
#2999=DIRECTION('',(1.0,0.0,0.0));
#3000=DIRECTION('',(0.0,1.0,0.0));
#3001=ORIENTED_EDGE('',*,*,#3812,.T.);
#3002=ORIENTED_EDGE('',*,*,#3438,.T.);
#3003=ORIENTED_EDGE('',*,*,#3389,.T.);
#3004=ORIENTED_EDGE('',*,*,#3813,.T.);
#3005=ORIENTED_EDGE('',*,*,#3799,.T.);
#3006=ORIENTED_EDGE('',*,*,#3803,.T.);
#3007=ORIENTED_EDGE('',*,*,#3806,.T.);
#3008=ORIENTED_EDGE('',*,*,#3809,.T.);
#3009=CARTESIAN_POINT('',(-5.375,0.0,0.0));
#3010=DIRECTION('',(1.0,0.0,0.0));
#3011=DIRECTION('',(0.0,1.0,0.0));
#3012=ORIENTED_EDGE('',*,*,#3439,.F.);
#3013=ORIENTED_EDGE('',*,*,#3812,.F.);
#3014=ORIENTED_EDGE('',*,*,#3808,.T.);
#3015=ORIENTED_EDGE('',*,*,#3810,.T.);
#3016=CARTESIAN_POINT('',(-5.375,6.09999999999996,0.390629089110397));
#3017=DIRECTION('',(0.0,-1.0,-8.32252980132051E-16));
#3018=DIRECTION('',(0.0,8.32252980132051E-16,-1.0));
#3019=ORIENTED_EDGE('',*,*,#3811,.T.);
#3020=ORIENTED_EDGE('',*,*,#3800,.F.);
#3021=ORIENTED_EDGE('',*,*,#3813,.F.);
#3022=ORIENTED_EDGE('',*,*,#3437,.T.);
#3023=CARTESIAN_POINT('',(-5.375,5.69999999999996,0.351681913339859));
#3024=DIRECTION('',(0.0,0.819152044288991,0.573576436351047));
#3025=DIRECTION('',(1.0,0.0,-0.0));
#3026=ORIENTED_EDGE('',*,*,#3814,.T.);
#3027=ORIENTED_EDGE('',*,*,#3245,.T.);
#3028=ORIENTED_EDGE('',*,*,#3815,.T.);
#3029=ORIENTED_EDGE('',*,*,#3816,.T.);
#3030=CARTESIAN_POINT('',(-5.375,0.0,0.0));
#3031=DIRECTION('',(1.0,0.0,0.0));
#3032=DIRECTION('',(0.0,1.0,0.0));
#3033=ORIENTED_EDGE('',*,*,#3247,.F.);
#3034=ORIENTED_EDGE('',*,*,#3817,.F.);
#3035=ORIENTED_EDGE('',*,*,#3818,.F.);
#3036=ORIENTED_EDGE('',*,*,#3819,.F.);
#3037=CARTESIAN_POINT('',(-5.625,0.0,0.0));
#3038=DIRECTION('',(1.0,0.0,0.0));
#3039=DIRECTION('',(0.0,1.0,0.0));
#3040=ORIENTED_EDGE('',*,*,#3246,.F.);
#3041=ORIENTED_EDGE('',*,*,#3814,.F.);
#3042=ORIENTED_EDGE('',*,*,#3820,.T.);
#3043=ORIENTED_EDGE('',*,*,#3817,.T.);
#3044=CARTESIAN_POINT('',(-5.375,2.99999999999996,1.43499948776198));
#3045=DIRECTION('',(0.0,0.0,1.0));
#3046=DIRECTION('',(1.0,0.0,0.0));
#3047=ORIENTED_EDGE('',*,*,#3248,.F.);
#3048=ORIENTED_EDGE('',*,*,#3819,.T.);
#3049=ORIENTED_EDGE('',*,*,#3821,.F.);
#3050=ORIENTED_EDGE('',*,*,#3815,.F.);
#3051=CARTESIAN_POINT('',(-5.375,5.69999999999996,1.91499948776198));
#3052=DIRECTION('',(0.0,8.03112720359633E-17,-1.0));
#3053=DIRECTION('',(-1.0,0.0,0.0));
#3054=ORIENTED_EDGE('',*,*,#3818,.T.);
#3055=ORIENTED_EDGE('',*,*,#3820,.F.);
#3056=ORIENTED_EDGE('',*,*,#3816,.F.);
#3057=ORIENTED_EDGE('',*,*,#3821,.T.);
#3058=CARTESIAN_POINT('',(-5.375,2.99999999999996,1.91499948776197));
#3059=DIRECTION('',(-0.0,1.0,0.0));
#3060=DIRECTION('',(1.0,0.0,0.0));
#3061=ORIENTED_EDGE('',*,*,#3244,.F.);
#3062=ORIENTED_EDGE('',*,*,#3822,.F.);
#3063=ORIENTED_EDGE('',*,*,#3823,.F.);
#3064=ORIENTED_EDGE('',*,*,#3824,.T.);
#3065=CARTESIAN_POINT('',(6.52,6.1,1.745));
#3066=DIRECTION('',(-1.0,-4.33680868994201E-15,0.0));
#3067=DIRECTION('',(-4.33680868994201E-15,1.0,0.0));
#3068=ORIENTED_EDGE('',*,*,#3242,.F.);
#3069=ORIENTED_EDGE('',*,*,#3825,.T.);
#3070=ORIENTED_EDGE('',*,*,#3826,.T.);
#3071=ORIENTED_EDGE('',*,*,#3827,.F.);
#3072=CARTESIAN_POINT('',(6.723,5.9,1.745));
#3073=DIRECTION('',(1.0,-4.40285146187003E-15,0.0));
#3074=DIRECTION('',(-4.40285146187003E-15,-1.0,0.0));
#3075=ORIENTED_EDGE('',*,*,#3825,.F.);
#3076=ORIENTED_EDGE('',*,*,#3241,.T.);
#3077=ORIENTED_EDGE('',*,*,#3824,.F.);
#3078=ORIENTED_EDGE('',*,*,#3828,.F.);
#3079=ORIENTED_EDGE('',*,*,#3829,.F.);
#3080=ORIENTED_EDGE('',*,*,#3830,.F.);
#3081=ORIENTED_EDGE('',*,*,#3831,.F.);
#3082=CARTESIAN_POINT('',(6.72,6.1,1.745));
#3083=DIRECTION('',(0.0,0.0,1.0));
#3084=DIRECTION('',(1.0,0.0,0.0));
#3085=ORIENTED_EDGE('',*,*,#3243,.F.);
#3086=ORIENTED_EDGE('',*,*,#3827,.T.);
#3087=ORIENTED_EDGE('',*,*,#3832,.T.);
#3088=ORIENTED_EDGE('',*,*,#3833,.T.);
#3089=ORIENTED_EDGE('',*,*,#3834,.T.);
#3090=ORIENTED_EDGE('',*,*,#3835,.T.);
#3091=ORIENTED_EDGE('',*,*,#3822,.T.);
#3092=CARTESIAN_POINT('',(6.72,6.1,2.845));
#3093=DIRECTION('',(0.0,0.0,1.0));
#3094=DIRECTION('',(1.0,0.0,0.0));
#3095=ORIENTED_EDGE('',*,*,#3832,.F.);
#3096=ORIENTED_EDGE('',*,*,#3826,.F.);
#3097=ORIENTED_EDGE('',*,*,#3831,.T.);
#3098=ORIENTED_EDGE('',*,*,#3836,.T.);
#3099=CARTESIAN_POINT('',(6.723,6.097,1.745));
#3100=DIRECTION('',(0.0,-1.0,0.0));
#3101=DIRECTION('',(0.0,0.0,-1.0));
#3102=ORIENTED_EDGE('',*,*,#3833,.F.);
#3103=ORIENTED_EDGE('',*,*,#3836,.F.);
#3104=ORIENTED_EDGE('',*,*,#3830,.T.);
#3105=ORIENTED_EDGE('',*,*,#3837,.T.);
#3106=CARTESIAN_POINT('',(7.12,6.097,1.745));
#3107=DIRECTION('',(1.0,0.0,0.0));
#3108=DIRECTION('',(0.0,1.0,0.0));
#3109=ORIENTED_EDGE('',*,*,#3834,.F.);
#3110=ORIENTED_EDGE('',*,*,#3837,.F.);
#3111=ORIENTED_EDGE('',*,*,#3829,.T.);
#3112=ORIENTED_EDGE('',*,*,#3838,.T.);
#3113=CARTESIAN_POINT('',(7.12,6.3,1.745));
#3114=DIRECTION('',(-0.0,1.0,0.0));
#3115=DIRECTION('',(1.0,0.0,0.0));
#3116=ORIENTED_EDGE('',*,*,#3835,.F.);
#3117=ORIENTED_EDGE('',*,*,#3838,.F.);
#3118=ORIENTED_EDGE('',*,*,#3828,.T.);
#3119=ORIENTED_EDGE('',*,*,#3823,.T.);
#3120=CARTESIAN_POINT('',(6.72,6.1,1.745));
#3121=DIRECTION('',(0.0,0.0,-1.0));
#3122=DIRECTION('',(1.0,0.0,0.0));
#3123=ORIENTED_EDGE('',*,*,#3236,.F.);
#3124=ORIENTED_EDGE('',*,*,#3839,.F.);
#3125=ORIENTED_EDGE('',*,*,#3840,.F.);
#3126=ORIENTED_EDGE('',*,*,#3841,.T.);
#3127=CARTESIAN_POINT('',(-6.723,6.097,1.745));
#3128=DIRECTION('',(-1.0,-4.40285146187003E-15,0.0));
#3129=DIRECTION('',(-4.40285146187003E-15,1.0,0.0));
#3130=ORIENTED_EDGE('',*,*,#3234,.F.);
#3131=ORIENTED_EDGE('',*,*,#3842,.T.);
#3132=ORIENTED_EDGE('',*,*,#3843,.T.);
#3133=ORIENTED_EDGE('',*,*,#3844,.F.);
#3134=CARTESIAN_POINT('',(-6.52,5.9,1.745));
#3135=DIRECTION('',(1.0,-4.33680868994201E-15,0.0));
#3136=DIRECTION('',(-4.33680868994201E-15,-1.0,0.0));
#3137=ORIENTED_EDGE('',*,*,#3842,.F.);
#3138=ORIENTED_EDGE('',*,*,#3233,.T.);
#3139=ORIENTED_EDGE('',*,*,#3841,.F.);
#3140=ORIENTED_EDGE('',*,*,#3845,.F.);
#3141=ORIENTED_EDGE('',*,*,#3846,.F.);
#3142=ORIENTED_EDGE('',*,*,#3847,.F.);
#3143=ORIENTED_EDGE('',*,*,#3848,.F.);
#3144=CARTESIAN_POINT('',(-6.72,6.1,1.745));
#3145=DIRECTION('',(0.0,0.0,1.0));
#3146=DIRECTION('',(1.0,0.0,0.0));
#3147=ORIENTED_EDGE('',*,*,#3235,.F.);
#3148=ORIENTED_EDGE('',*,*,#3844,.T.);
#3149=ORIENTED_EDGE('',*,*,#3849,.T.);
#3150=ORIENTED_EDGE('',*,*,#3850,.T.);
#3151=ORIENTED_EDGE('',*,*,#3851,.T.);
#3152=ORIENTED_EDGE('',*,*,#3852,.T.);
#3153=ORIENTED_EDGE('',*,*,#3839,.T.);
#3154=CARTESIAN_POINT('',(-6.72,6.1,2.845));
#3155=DIRECTION('',(0.0,0.0,1.0));
#3156=DIRECTION('',(1.0,0.0,0.0));
#3157=ORIENTED_EDGE('',*,*,#3851,.F.);
#3158=ORIENTED_EDGE('',*,*,#3853,.F.);
#3159=ORIENTED_EDGE('',*,*,#3846,.T.);
#3160=ORIENTED_EDGE('',*,*,#3854,.T.);
#3161=CARTESIAN_POINT('',(-7.12,6.3,1.745));
#3162=DIRECTION('',(-1.0,0.0,0.0));
#3163=DIRECTION('',(0.0,0.0,1.0));
#3164=ORIENTED_EDGE('',*,*,#3852,.F.);
#3165=ORIENTED_EDGE('',*,*,#3854,.F.);
#3166=ORIENTED_EDGE('',*,*,#3845,.T.);
#3167=ORIENTED_EDGE('',*,*,#3840,.T.);
#3168=CARTESIAN_POINT('',(-7.12,6.097,1.745));
#3169=DIRECTION('',(2.18479027201109E-15,-1.0,0.0));
#3170=DIRECTION('',(0.0,0.0,-1.0));
#3171=ORIENTED_EDGE('',*,*,#3849,.F.);
#3172=ORIENTED_EDGE('',*,*,#3843,.F.);
#3173=ORIENTED_EDGE('',*,*,#3848,.T.);
#3174=ORIENTED_EDGE('',*,*,#3855,.T.);
#3175=CARTESIAN_POINT('',(-6.72,6.1,1.745));
#3176=DIRECTION('',(0.0,0.0,-1.0));
#3177=DIRECTION('',(1.0,0.0,0.0));
#3178=ORIENTED_EDGE('',*,*,#3850,.F.);
#3179=ORIENTED_EDGE('',*,*,#3855,.F.);
#3180=ORIENTED_EDGE('',*,*,#3847,.T.);
#3181=ORIENTED_EDGE('',*,*,#3853,.T.);
#3182=CARTESIAN_POINT('',(-6.72,6.3,1.745));
#3183=DIRECTION('',(-0.0,1.0,0.0));
#3184=DIRECTION('',(1.0,0.0,0.0));
#3185=FILL_AREA_STYLE_COLOUR('',#3856);
#3186=ORIENTED_EDGE('',*,*,#3857,.F.);
#3187=ORIENTED_EDGE('',*,*,#3858,.T.);
#3188=ORIENTED_EDGE('',*,*,#3859,.T.);
#3189=ORIENTED_EDGE('',*,*,#3860,.F.);
#3190=CARTESIAN_POINT('',(-2.5,0.76,4.68));
#3191=DIRECTION('',(1.0,0.0,8.67361737988404E-17));
#3192=DIRECTION('',(-8.67361737988404E-17,0.0,1.0));
#3193=ORIENTED_EDGE('',*,*,#3861,.F.);
#3194=ORIENTED_EDGE('',*,*,#3862,.T.);
#3195=ORIENTED_EDGE('',*,*,#3863,.T.);
#3196=ORIENTED_EDGE('',*,*,#3858,.F.);
#3197=CARTESIAN_POINT('',(-2.5,0.76,-0.320000000000003));
#3198=DIRECTION('',(0.0,0.0,1.0));
#3199=DIRECTION('',(1.0,0.0,0.0));
#3200=ORIENTED_EDGE('',*,*,#3864,.F.);
#3201=ORIENTED_EDGE('',*,*,#3865,.T.);
#3202=ORIENTED_EDGE('',*,*,#3866,.T.);
#3203=ORIENTED_EDGE('',*,*,#3862,.F.);
#3204=CARTESIAN_POINT('',(2.5,0.76,-0.320000000000003));
#3205=DIRECTION('',(-1.0,0.0,8.67361737988404E-17));
#3206=DIRECTION('',(0.0,1.0,0.0));
#3207=ORIENTED_EDGE('',*,*,#3867,.F.);
#3208=ORIENTED_EDGE('',*,*,#3860,.T.);
#3209=ORIENTED_EDGE('',*,*,#3868,.T.);
#3210=ORIENTED_EDGE('',*,*,#3865,.F.);
#3211=CARTESIAN_POINT('',(2.5,0.76,4.68));
#3212=DIRECTION('',(0.0,0.0,-1.0));
#3213=DIRECTION('',(0.0,-1.0,0.0));
#3214=ORIENTED_EDGE('',*,*,#3859,.F.);
#3215=ORIENTED_EDGE('',*,*,#3863,.F.);
#3216=ORIENTED_EDGE('',*,*,#3866,.F.);
#3217=ORIENTED_EDGE('',*,*,#3868,.F.);
#3218=CARTESIAN_POINT('',(0.0,0.76,0.0));
#3219=DIRECTION('',(0.0,-1.0,0.0));
#3220=DIRECTION('',(0.0,0.0,-1.0));
#3221=ORIENTED_EDGE('',*,*,#3857,.T.);
#3222=ORIENTED_EDGE('',*,*,#3867,.T.);
#3223=ORIENTED_EDGE('',*,*,#3864,.T.);
#3224=ORIENTED_EDGE('',*,*,#3861,.T.);
#3225=CARTESIAN_POINT('',(0.0,0.89,0.0));
#3226=DIRECTION('',(0.0,-1.0,0.0));
#3227=DIRECTION('',(0.0,0.0,-1.0));
#3228=COLOUR_RGB('',0.596063196659088,0.666666686534882,0.686259269714355);
#3229=EDGE_CURVE('',#3869,#3870,#3871,.T.);
#3230=EDGE_CURVE('',#3870,#3872,#3873,.T.);
#3231=EDGE_CURVE('',#3872,#3874,#3875,.T.);
#3232=EDGE_CURVE('',#3874,#3869,#3876,.T.);
#3233=EDGE_CURVE('',#3877,#3878,#3879,.T.);
#3234=EDGE_CURVE('',#3877,#3880,#3881,.T.);
#3235=EDGE_CURVE('',#3880,#3882,#3883,.T.);
#3236=EDGE_CURVE('',#3882,#3878,#3884,.T.);
#3237=EDGE_CURVE('',#3885,#3886,#3887,.T.);
#3238=EDGE_CURVE('',#3888,#3886,#3889,.T.);
#3239=EDGE_CURVE('',#3888,#3890,#3891,.T.);
#3240=EDGE_CURVE('',#3885,#3890,#3892,.T.);
#3241=EDGE_CURVE('',#3893,#3894,#3895,.T.);
#3242=EDGE_CURVE('',#3893,#3896,#3897,.T.);
#3243=EDGE_CURVE('',#3896,#3898,#3899,.T.);
#3244=EDGE_CURVE('',#3898,#3894,#3900,.T.);
#3245=EDGE_CURVE('',#3901,#3902,#3903,.T.);
#3246=EDGE_CURVE('',#3901,#3904,#3905,.T.);
#3247=EDGE_CURVE('',#3904,#3906,#3907,.T.);
#3248=EDGE_CURVE('',#3906,#3902,#3908,.T.);
#3249=EDGE_CURVE('',#3909,#3910,#3911,.T.);
#3250=EDGE_CURVE('',#3909,#3912,#3913,.T.);
#3251=EDGE_CURVE('',#3912,#3914,#3915,.T.);
#3252=EDGE_CURVE('',#3914,#3910,#3916,.T.);
#3253=EDGE_CURVE('',#3917,#3918,#3919,.T.);
#3254=EDGE_CURVE('',#3917,#3920,#3921,.T.);
#3255=EDGE_CURVE('',#3920,#3922,#3923,.T.);
#3256=EDGE_CURVE('',#3922,#3918,#3924,.T.);
#3257=EDGE_CURVE('',#3925,#3926,#3927,.T.);
#3258=EDGE_CURVE('',#3925,#3928,#3929,.T.);
#3259=EDGE_CURVE('',#3928,#3930,#3931,.T.);
#3260=EDGE_CURVE('',#3930,#3926,#3932,.T.);
#3261=EDGE_CURVE('',#3933,#3934,#3935,.T.);
#3262=EDGE_CURVE('',#3933,#3936,#3937,.T.);
#3263=EDGE_CURVE('',#3936,#3938,#3939,.T.);
#3264=EDGE_CURVE('',#3938,#3934,#3940,.T.);
#3265=EDGE_CURVE('',#3941,#3942,#3943,.T.);
#3266=EDGE_CURVE('',#3941,#3944,#3945,.T.);
#3267=EDGE_CURVE('',#3944,#3946,#3947,.T.);
#3268=EDGE_CURVE('',#3946,#3942,#3948,.T.);
#3269=EDGE_CURVE('',#3949,#3950,#3951,.T.);
#3270=EDGE_CURVE('',#3949,#3952,#3953,.T.);
#3271=EDGE_CURVE('',#3952,#3954,#3955,.T.);
#3272=EDGE_CURVE('',#3954,#3950,#3956,.T.);
#3273=EDGE_CURVE('',#3957,#3958,#3959,.T.);
#3274=EDGE_CURVE('',#3957,#3960,#3961,.T.);
#3275=EDGE_CURVE('',#3960,#3962,#3963,.T.);
#3276=EDGE_CURVE('',#3962,#3958,#3964,.T.);
#3277=EDGE_CURVE('',#3965,#3966,#3967,.T.);
#3278=EDGE_CURVE('',#3965,#3968,#3969,.T.);
#3279=EDGE_CURVE('',#3968,#3970,#3971,.T.);
#3280=EDGE_CURVE('',#3970,#3966,#3972,.T.);
#3281=EDGE_CURVE('',#3973,#3974,#3975,.T.);
#3282=EDGE_CURVE('',#3973,#3976,#3977,.T.);
#3283=EDGE_CURVE('',#3976,#3978,#3979,.T.);
#3284=EDGE_CURVE('',#3978,#3974,#3980,.T.);
#3285=EDGE_CURVE('',#3981,#3982,#3983,.T.);
#3286=EDGE_CURVE('',#3981,#3984,#3985,.T.);
#3287=EDGE_CURVE('',#3984,#3986,#3987,.T.);
#3288=EDGE_CURVE('',#3986,#3982,#3988,.T.);
#3289=EDGE_CURVE('',#3989,#3990,#3991,.T.);
#3290=EDGE_CURVE('',#3989,#3992,#3993,.T.);
#3291=EDGE_CURVE('',#3992,#3994,#3995,.T.);
#3292=EDGE_CURVE('',#3994,#3990,#3996,.T.);
#3293=EDGE_CURVE('',#3997,#3998,#3999,.T.);
#3294=EDGE_CURVE('',#3998,#4000,#4001,.T.);
#3295=EDGE_CURVE('',#4002,#4000,#4003,.T.);
#3296=EDGE_CURVE('',#4004,#4002,#4005,.T.);
#3297=EDGE_CURVE('',#4006,#4004,#4007,.T.);
#3298=EDGE_CURVE('',#4008,#4006,#4009,.T.);
#3299=EDGE_CURVE('',#4010,#4008,#4011,.T.);
#3300=EDGE_CURVE('',#4012,#4010,#4013,.T.);
#3301=EDGE_CURVE('',#4014,#4012,#4015,.T.);
#3302=EDGE_CURVE('',#4016,#4014,#4017,.T.);
#3303=EDGE_CURVE('',#4018,#4016,#4019,.T.);
#3304=EDGE_CURVE('',#4020,#4018,#4021,.T.);
#3305=EDGE_CURVE('',#4022,#4020,#4023,.T.);
#3306=EDGE_CURVE('',#4024,#4022,#4025,.T.);
#3307=EDGE_CURVE('',#4026,#4024,#4027,.T.);
#3308=EDGE_CURVE('',#3997,#4026,#4028,.T.);
#3309=EDGE_CURVE('',#4029,#4030,#4031,.T.);
#3310=EDGE_CURVE('',#4022,#4029,#4032,.T.);
#3311=EDGE_CURVE('',#4033,#4020,#4034,.T.);
#3312=EDGE_CURVE('',#4035,#4033,#4036,.T.);
#3313=EDGE_CURVE('',#4035,#4037,#4038,.T.);
#3314=EDGE_CURVE('',#4037,#4039,#4040,.T.);
#3315=EDGE_CURVE('',#4030,#4039,#4041,.T.);
#3316=EDGE_CURVE('',#4042,#4043,#4044,.T.);
#3317=EDGE_CURVE('',#4042,#4045,#4046,.T.);
#3318=EDGE_CURVE('',#4047,#4045,#4048,.T.);
#3319=EDGE_CURVE('',#4049,#4047,#4050,.T.);
#3320=EDGE_CURVE('',#4049,#4006,#4051,.T.);
#3321=EDGE_CURVE('',#4004,#4052,#4053,.T.);
#3322=EDGE_CURVE('',#4043,#4052,#4054,.T.);
#3323=EDGE_CURVE('',#4039,#4055,#4056,.T.);
#3324=EDGE_CURVE('',#4057,#4037,#4058,.T.);
#3325=EDGE_CURVE('',#4059,#4057,#4060,.T.);
#3326=EDGE_CURVE('',#4061,#4059,#4062,.T.);
#3327=EDGE_CURVE('',#4063,#4061,#4064,.T.);
#3328=EDGE_CURVE('',#4065,#4063,#4066,.T.);
#3329=EDGE_CURVE('',#4067,#4065,#4068,.T.);
#3330=EDGE_CURVE('',#4045,#4067,#4069,.T.);
#3331=EDGE_CURVE('',#4042,#4070,#4071,.T.);
#3332=EDGE_CURVE('',#4070,#4072,#4073,.T.);
#3333=EDGE_CURVE('',#4072,#4074,#4075,.T.);
#3334=EDGE_CURVE('',#4074,#4076,#4077,.T.);
#3335=EDGE_CURVE('',#4076,#4078,#4079,.T.);
#3336=EDGE_CURVE('',#4078,#4055,#4080,.T.);
#3337=EDGE_CURVE('',#4081,#4082,#4083,.T.);
#3338=EDGE_CURVE('',#4084,#4082,#4085,.T.);
#3339=EDGE_CURVE('',#4043,#4084,#4086,.T.);
#3340=EDGE_CURVE('',#4052,#4087,#4088,.T.);
#3341=EDGE_CURVE('',#4087,#4081,#4089,.T.);
#3342=EDGE_CURVE('',#4055,#4090,#4091,.T.);
#3343=EDGE_CURVE('',#3886,#4078,#4092,.T.);
#3344=EDGE_CURVE('',#4093,#3885,#4094,.T.);
#3345=EDGE_CURVE('',#4093,#4095,#4096,.T.);
#3346=EDGE_CURVE('',#3870,#4095,#4097,.T.);
#3347=EDGE_CURVE('',#3869,#4072,#4098,.T.);
#3348=EDGE_CURVE('',#4084,#4070,#4099,.T.);
#3349=EDGE_CURVE('',#4082,#4100,#4101,.T.);
#3350=EDGE_CURVE('',#4102,#4100,#4103,.T.);
#3351=EDGE_CURVE('',#4104,#4102,#4105,.T.);
#3352=EDGE_CURVE('',#4104,#4090,#4106,.T.);
#3353=EDGE_CURVE('',#3888,#4107,#4108,.T.);
#3354=EDGE_CURVE('',#4109,#4076,#4110,.T.);
#3355=EDGE_CURVE('',#4111,#4109,#4112,.T.);
#3356=EDGE_CURVE('',#4113,#4111,#4114,.T.);
#3357=EDGE_CURVE('',#4113,#4107,#4115,.T.);
#3358=EDGE_CURVE('',#4107,#4116,#4117,.T.);
#3359=EDGE_CURVE('',#4113,#4118,#4119,.T.);
#3360=EDGE_CURVE('',#4120,#4118,#4121,.T.);
#3361=EDGE_CURVE('',#4122,#4120,#4123,.T.);
#3362=EDGE_CURVE('',#4122,#4095,#4124,.T.);
#3363=EDGE_CURVE('',#4116,#4093,#4125,.T.);
#3364=EDGE_CURVE('',#4120,#3874,#4126,.T.);
#3365=EDGE_CURVE('',#4118,#4127,#4128,.T.);
#3366=EDGE_CURVE('',#4127,#4129,#4130,.T.);
#3367=EDGE_CURVE('',#4129,#4074,#4131,.T.);
#3368=EDGE_CURVE('',#4010,#4132,#4133,.T.);
#3369=EDGE_CURVE('',#4063,#4008,#4134,.T.);
#3370=EDGE_CURVE('',#4061,#4018,#4135,.T.);
#3371=EDGE_CURVE('',#4016,#4136,#4137,.T.);
#3372=EDGE_CURVE('',#4132,#4136,#4138,.T.);
#3373=EDGE_CURVE('',#4109,#4129,#4139,.T.);
#3374=EDGE_CURVE('',#4140,#4049,#4141,.T.);
#3375=EDGE_CURVE('',#4065,#4140,#4142,.T.);
#3376=EDGE_CURVE('',#4059,#4143,#4144,.T.);
#3377=EDGE_CURVE('',#4033,#4143,#4145,.T.);
#3378=EDGE_CURVE('',#4146,#4143,#4147,.T.);
#3379=EDGE_CURVE('',#4035,#4146,#4148,.T.);
#3380=EDGE_CURVE('',#4057,#4146,#4149,.T.);
#3381=EDGE_CURVE('',#4140,#4150,#4151,.T.);
#3382=EDGE_CURVE('',#4067,#4150,#4152,.T.);
#3383=EDGE_CURVE('',#4150,#4047,#4153,.T.);
#3384=EDGE_CURVE('',#4154,#4132,#4155,.T.);
#3385=EDGE_CURVE('',#4012,#4154,#4156,.T.);
#3386=EDGE_CURVE('',#4136,#4157,#4158,.T.);
#3387=EDGE_CURVE('',#4014,#4157,#4159,.T.);
#3388=EDGE_CURVE('',#4157,#4154,#4160,.T.);
#3389=EDGE_CURVE('',#4161,#4162,#4163,.T.);
#3390=EDGE_CURVE('',#4161,#4164,#4165,.T.);
#3391=EDGE_CURVE('',#4164,#4166,#4167,.T.);
#3392=EDGE_CURVE('',#4168,#4166,#4169,.T.);
#3393=EDGE_CURVE('',#4170,#4168,#4171,.T.);
#3394=EDGE_CURVE('',#4170,#4172,#4173,.T.);
#3395=EDGE_CURVE('',#4172,#4174,#4175,.T.);
#3396=EDGE_CURVE('',#4176,#4174,#4177,.T.);
#3397=EDGE_CURVE('',#4178,#4176,#4179,.T.);
#3398=EDGE_CURVE('',#4178,#4180,#4181,.T.);
#3399=EDGE_CURVE('',#4180,#4182,#4183,.T.);
#3400=EDGE_CURVE('',#4184,#4182,#4185,.T.);
#3401=EDGE_CURVE('',#4186,#4184,#4187,.T.);
#3402=EDGE_CURVE('',#4186,#4188,#4189,.T.);
#3403=EDGE_CURVE('',#4188,#4190,#4191,.T.);
#3404=EDGE_CURVE('',#4192,#4190,#4193,.T.);
#3405=EDGE_CURVE('',#4194,#4192,#4195,.T.);
#3406=EDGE_CURVE('',#4194,#4196,#4197,.T.);
#3407=EDGE_CURVE('',#4196,#4198,#4199,.T.);
#3408=EDGE_CURVE('',#4200,#4198,#4201,.T.);
#3409=EDGE_CURVE('',#4202,#4200,#4203,.T.);
#3410=EDGE_CURVE('',#4202,#4204,#4205,.T.);
#3411=EDGE_CURVE('',#4204,#4206,#4207,.T.);
#3412=EDGE_CURVE('',#4208,#4206,#4209,.T.);
#3413=EDGE_CURVE('',#4210,#4208,#4211,.T.);
#3414=EDGE_CURVE('',#4210,#4212,#4213,.T.);
#3415=EDGE_CURVE('',#4212,#4214,#4215,.T.);
#3416=EDGE_CURVE('',#4216,#4214,#4217,.T.);
#3417=EDGE_CURVE('',#4218,#4216,#4219,.T.);
#3418=EDGE_CURVE('',#4218,#4220,#4221,.T.);
#3419=EDGE_CURVE('',#4220,#4222,#4223,.T.);
#3420=EDGE_CURVE('',#4224,#4222,#4225,.T.);
#3421=EDGE_CURVE('',#4226,#4224,#4227,.T.);
#3422=EDGE_CURVE('',#4226,#4228,#4229,.T.);
#3423=EDGE_CURVE('',#4228,#4230,#4231,.T.);
#3424=EDGE_CURVE('',#4232,#4230,#4233,.T.);
#3425=EDGE_CURVE('',#4234,#4232,#4235,.T.);
#3426=EDGE_CURVE('',#4234,#4236,#4237,.T.);
#3427=EDGE_CURVE('',#4236,#4238,#4239,.T.);
#3428=EDGE_CURVE('',#4240,#4238,#4241,.T.);
#3429=EDGE_CURVE('',#4242,#4240,#4243,.T.);
#3430=EDGE_CURVE('',#4242,#4244,#4245,.T.);
#3431=EDGE_CURVE('',#4244,#4246,#4247,.T.);
#3432=EDGE_CURVE('',#4248,#4246,#4249,.T.);
#3433=EDGE_CURVE('',#4250,#4248,#4251,.T.);
#3434=EDGE_CURVE('',#4250,#4111,#4252,.T.);
#3435=EDGE_CURVE('',#4127,#4253,#4254,.T.);
#3436=EDGE_CURVE('',#4253,#4255,#4256,.T.);
#3437=EDGE_CURVE('',#4162,#4255,#4257,.T.);
#3438=EDGE_CURVE('',#4258,#4161,#4259,.T.);
#3439=EDGE_CURVE('',#4258,#4260,#4261,.T.);
#3440=EDGE_CURVE('',#4260,#4253,#4262,.T.);
#3441=EDGE_CURVE('',#4263,#4250,#4264,.T.);
#3442=EDGE_CURVE('',#4263,#4265,#4266,.T.);
#3443=EDGE_CURVE('',#4265,#4244,#4267,.T.);
#3444=EDGE_CURVE('',#4268,#4242,#4269,.T.);
#3445=EDGE_CURVE('',#4268,#4270,#4271,.T.);
#3446=EDGE_CURVE('',#4270,#4236,#4272,.T.);
#3447=EDGE_CURVE('',#4273,#4234,#4274,.T.);
#3448=EDGE_CURVE('',#4273,#4275,#4276,.T.);
#3449=EDGE_CURVE('',#4275,#4228,#4277,.T.);
#3450=EDGE_CURVE('',#4278,#4226,#4279,.T.);
#3451=EDGE_CURVE('',#4278,#4280,#4281,.T.);
#3452=EDGE_CURVE('',#4280,#4220,#4282,.T.);
#3453=EDGE_CURVE('',#4283,#4218,#4284,.T.);
#3454=EDGE_CURVE('',#4283,#4285,#4286,.T.);
#3455=EDGE_CURVE('',#4285,#4212,#4287,.T.);
#3456=EDGE_CURVE('',#4288,#4210,#4289,.T.);
#3457=EDGE_CURVE('',#4288,#4290,#4291,.T.);
#3458=EDGE_CURVE('',#4290,#4204,#4292,.T.);
#3459=EDGE_CURVE('',#4293,#4202,#4294,.T.);
#3460=EDGE_CURVE('',#4293,#4295,#4296,.T.);
#3461=EDGE_CURVE('',#4295,#4196,#4297,.T.);
#3462=EDGE_CURVE('',#4298,#4194,#4299,.T.);
#3463=EDGE_CURVE('',#4298,#4300,#4301,.T.);
#3464=EDGE_CURVE('',#4300,#4188,#4302,.T.);
#3465=EDGE_CURVE('',#4303,#4186,#4304,.T.);
#3466=EDGE_CURVE('',#4303,#4305,#4306,.T.);
#3467=EDGE_CURVE('',#4305,#4180,#4307,.T.);
#3468=EDGE_CURVE('',#4308,#4178,#4309,.T.);
#3469=EDGE_CURVE('',#4308,#4310,#4311,.T.);
#3470=EDGE_CURVE('',#4310,#4172,#4312,.T.);
#3471=EDGE_CURVE('',#4313,#4170,#4314,.T.);
#3472=EDGE_CURVE('',#4313,#4315,#4316,.T.);
#3473=EDGE_CURVE('',#4315,#4164,#4317,.T.);
#3474=EDGE_CURVE('',#4122,#3872,#4318,.T.);
#3475=EDGE_CURVE('',#3890,#4116,#4319,.T.);
#3476=EDGE_CURVE('',#4320,#4321,#4322,.T.);
#3477=EDGE_CURVE('',#4323,#4321,#4324,.T.);
#3478=EDGE_CURVE('',#4325,#4323,#4326,.T.);
#3479=EDGE_CURVE('',#4325,#4320,#4327,.T.);
#3480=EDGE_CURVE('',#4087,#4328,#4329,.T.);
#3481=EDGE_CURVE('',#4328,#4330,#4331,.T.);
#3482=EDGE_CURVE('',#4330,#4332,#4333,.T.);
#3483=EDGE_CURVE('',#4334,#4332,#4335,.T.);
#3484=EDGE_CURVE('',#4323,#4334,#4336,.T.);
#3485=EDGE_CURVE('',#4321,#4081,#4337,.T.);
#3486=EDGE_CURVE('',#4332,#4029,#4338,.T.);
#3487=EDGE_CURVE('',#4030,#4090,#4339,.T.);
#3488=EDGE_CURVE('',#4334,#4104,#4340,.T.);
#3489=EDGE_CURVE('',#4100,#4341,#4342,.T.);
#3490=EDGE_CURVE('',#4343,#4341,#4344,.T.);
#3491=EDGE_CURVE('',#4102,#4343,#4345,.T.);
#3492=EDGE_CURVE('',#4346,#4347,#4348,.T.);
#3493=EDGE_CURVE('',#4349,#4346,#4350,.T.);
#3494=EDGE_CURVE('',#4351,#4349,#4352,.T.);
#3495=EDGE_CURVE('',#4347,#4351,#4353,.T.);
#3496=EDGE_CURVE('',#4341,#4320,#4354,.T.);
#3497=EDGE_CURVE('',#4343,#4325,#4355,.T.);
#3498=EDGE_CURVE('',#4356,#4357,#4358,.T.);
#3499=EDGE_CURVE('',#4359,#4356,#4360,.T.);
#3500=EDGE_CURVE('',#4361,#4359,#4362,.T.);
#3501=EDGE_CURVE('',#4357,#4361,#4363,.T.);
#3502=EDGE_CURVE('',#4000,#4364,#4365,.T.);
#3503=EDGE_CURVE('',#4366,#4364,#4367,.T.);
#3504=EDGE_CURVE('',#4026,#4366,#4368,.T.);
#3505=EDGE_CURVE('',#4330,#4024,#4369,.T.);
#3506=EDGE_CURVE('',#4328,#4002,#4370,.T.);
#3507=EDGE_CURVE('',#4364,#4371,#4372,.T.);
#3508=EDGE_CURVE('',#4373,#4371,#4374,.T.);
#3509=EDGE_CURVE('',#4366,#4373,#4375,.T.);
#3510=EDGE_CURVE('',#4371,#4376,#4377,.T.);
#3511=EDGE_CURVE('',#4378,#4376,#4379,.T.);
#3512=EDGE_CURVE('',#4373,#4378,#4380,.T.);
#3513=EDGE_CURVE('',#4376,#4381,#4382,.T.);
#3514=EDGE_CURVE('',#4383,#4381,#4384,.T.);
#3515=EDGE_CURVE('',#4378,#4383,#4385,.T.);
#3516=EDGE_CURVE('',#4381,#3998,#4386,.T.);
#3517=EDGE_CURVE('',#4383,#3997,#4387,.T.);
#3518=EDGE_CURVE('',#4349,#4356,#4388,.T.);
#3519=EDGE_CURVE('',#4346,#4359,#4389,.T.);
#3520=EDGE_CURVE('',#4347,#4361,#4390,.T.);
#3521=EDGE_CURVE('',#4351,#4357,#4391,.T.);
#3522=EDGE_CURVE('',#4392,#4393,#4394,.T.);
#3523=EDGE_CURVE('',#4395,#4393,#4396,.T.);
#3524=EDGE_CURVE('',#4397,#4395,#4398,.T.);
#3525=EDGE_CURVE('',#4397,#4392,#4399,.T.);
#3526=EDGE_CURVE('',#4393,#4400,#4401,.T.);
#3527=EDGE_CURVE('',#4402,#4400,#4403,.T.);
#3528=EDGE_CURVE('',#4395,#4402,#4404,.T.);
#3529=EDGE_CURVE('',#4400,#4405,#4406,.T.);
#3530=EDGE_CURVE('',#4407,#4405,#4408,.T.);
#3531=EDGE_CURVE('',#4402,#4407,#4409,.T.);
#3532=EDGE_CURVE('',#4405,#4410,#4411,.T.);
#3533=EDGE_CURVE('',#4412,#4410,#4413,.T.);
#3534=EDGE_CURVE('',#4407,#4412,#4414,.T.);
#3535=EDGE_CURVE('',#4410,#4265,#4415,.T.);
#3536=EDGE_CURVE('',#4246,#4392,#4416,.T.);
#3537=EDGE_CURVE('',#4412,#4263,#4417,.T.);
#3538=EDGE_CURVE('',#4248,#4397,#4418,.T.);
#3539=EDGE_CURVE('',#4419,#3989,#4420,.T.);
#3540=EDGE_CURVE('',#3990,#4421,#4422,.T.);
#3541=EDGE_CURVE('',#4421,#4419,#4423,.T.);
#3542=EDGE_CURVE('',#4424,#3992,#4425,.T.);
#3543=EDGE_CURVE('',#4426,#4424,#4427,.T.);
#3544=EDGE_CURVE('',#3994,#4426,#4428,.T.);
#3545=EDGE_CURVE('',#4419,#4424,#4429,.T.);
#3546=EDGE_CURVE('',#4421,#4426,#4430,.T.);
#3547=EDGE_CURVE('',#4431,#4432,#4433,.T.);
#3548=EDGE_CURVE('',#4434,#4432,#4435,.T.);
#3549=EDGE_CURVE('',#4436,#4434,#4437,.T.);
#3550=EDGE_CURVE('',#4436,#4431,#4438,.T.);
#3551=EDGE_CURVE('',#4432,#4439,#4440,.T.);
#3552=EDGE_CURVE('',#4441,#4439,#4442,.T.);
#3553=EDGE_CURVE('',#4434,#4441,#4443,.T.);
#3554=EDGE_CURVE('',#4439,#4444,#4445,.T.);
#3555=EDGE_CURVE('',#4446,#4444,#4447,.T.);
#3556=EDGE_CURVE('',#4441,#4446,#4448,.T.);
#3557=EDGE_CURVE('',#4444,#4449,#4450,.T.);
#3558=EDGE_CURVE('',#4451,#4449,#4452,.T.);
#3559=EDGE_CURVE('',#4446,#4451,#4453,.T.);
#3560=EDGE_CURVE('',#4449,#4270,#4454,.T.);
#3561=EDGE_CURVE('',#4238,#4431,#4455,.T.);
#3562=EDGE_CURVE('',#4451,#4268,#4456,.T.);
#3563=EDGE_CURVE('',#4240,#4436,#4457,.T.);
#3564=EDGE_CURVE('',#4458,#3981,#4459,.T.);
#3565=EDGE_CURVE('',#3982,#4460,#4461,.T.);
#3566=EDGE_CURVE('',#4460,#4458,#4462,.T.);
#3567=EDGE_CURVE('',#4463,#3984,#4464,.T.);
#3568=EDGE_CURVE('',#4465,#4463,#4466,.T.);
#3569=EDGE_CURVE('',#3986,#4465,#4467,.T.);
#3570=EDGE_CURVE('',#4458,#4463,#4468,.T.);
#3571=EDGE_CURVE('',#4460,#4465,#4469,.T.);
#3572=EDGE_CURVE('',#4470,#4471,#4472,.T.);
#3573=EDGE_CURVE('',#4473,#4471,#4474,.T.);
#3574=EDGE_CURVE('',#4475,#4473,#4476,.T.);
#3575=EDGE_CURVE('',#4475,#4470,#4477,.T.);
#3576=EDGE_CURVE('',#4471,#4478,#4479,.T.);
#3577=EDGE_CURVE('',#4480,#4478,#4481,.T.);
#3578=EDGE_CURVE('',#4473,#4480,#4482,.T.);
#3579=EDGE_CURVE('',#4478,#4483,#4484,.T.);
#3580=EDGE_CURVE('',#4485,#4483,#4486,.T.);
#3581=EDGE_CURVE('',#4480,#4485,#4487,.T.);
#3582=EDGE_CURVE('',#4483,#4488,#4489,.T.);
#3583=EDGE_CURVE('',#4490,#4488,#4491,.T.);
#3584=EDGE_CURVE('',#4485,#4490,#4492,.T.);
#3585=EDGE_CURVE('',#4488,#4275,#4493,.T.);
#3586=EDGE_CURVE('',#4230,#4470,#4494,.T.);
#3587=EDGE_CURVE('',#4490,#4273,#4495,.T.);
#3588=EDGE_CURVE('',#4232,#4475,#4496,.T.);
#3589=EDGE_CURVE('',#4497,#3973,#4498,.T.);
#3590=EDGE_CURVE('',#3974,#4499,#4500,.T.);
#3591=EDGE_CURVE('',#4499,#4497,#4501,.T.);
#3592=EDGE_CURVE('',#4502,#3976,#4503,.T.);
#3593=EDGE_CURVE('',#4504,#4502,#4505,.T.);
#3594=EDGE_CURVE('',#3978,#4504,#4506,.T.);
#3595=EDGE_CURVE('',#4497,#4502,#4507,.T.);
#3596=EDGE_CURVE('',#4499,#4504,#4508,.T.);
#3597=EDGE_CURVE('',#4509,#4510,#4511,.T.);
#3598=EDGE_CURVE('',#4512,#4510,#4513,.T.);
#3599=EDGE_CURVE('',#4514,#4512,#4515,.T.);
#3600=EDGE_CURVE('',#4514,#4509,#4516,.T.);
#3601=EDGE_CURVE('',#4510,#4517,#4518,.T.);
#3602=EDGE_CURVE('',#4519,#4517,#4520,.T.);
#3603=EDGE_CURVE('',#4512,#4519,#4521,.T.);
#3604=EDGE_CURVE('',#4517,#4522,#4523,.T.);
#3605=EDGE_CURVE('',#4524,#4522,#4525,.T.);
#3606=EDGE_CURVE('',#4519,#4524,#4526,.T.);
#3607=EDGE_CURVE('',#4522,#4527,#4528,.T.);
#3608=EDGE_CURVE('',#4529,#4527,#4530,.T.);
#3609=EDGE_CURVE('',#4524,#4529,#4531,.T.);
#3610=EDGE_CURVE('',#4527,#4280,#4532,.T.);
#3611=EDGE_CURVE('',#4222,#4509,#4533,.T.);
#3612=EDGE_CURVE('',#4529,#4278,#4534,.T.);
#3613=EDGE_CURVE('',#4224,#4514,#4535,.T.);
#3614=EDGE_CURVE('',#4536,#3965,#4537,.T.);
#3615=EDGE_CURVE('',#3966,#4538,#4539,.T.);
#3616=EDGE_CURVE('',#4538,#4536,#4540,.T.);
#3617=EDGE_CURVE('',#4541,#3968,#4542,.T.);
#3618=EDGE_CURVE('',#4543,#4541,#4544,.T.);
#3619=EDGE_CURVE('',#3970,#4543,#4545,.T.);
#3620=EDGE_CURVE('',#4536,#4541,#4546,.T.);
#3621=EDGE_CURVE('',#4538,#4543,#4547,.T.);
#3622=EDGE_CURVE('',#4548,#4549,#4550,.T.);
#3623=EDGE_CURVE('',#4551,#4549,#4552,.T.);
#3624=EDGE_CURVE('',#4553,#4551,#4554,.T.);
#3625=EDGE_CURVE('',#4553,#4548,#4555,.T.);
#3626=EDGE_CURVE('',#4549,#4556,#4557,.T.);
#3627=EDGE_CURVE('',#4558,#4556,#4559,.T.);
#3628=EDGE_CURVE('',#4551,#4558,#4560,.T.);
#3629=EDGE_CURVE('',#4556,#4561,#4562,.T.);
#3630=EDGE_CURVE('',#4563,#4561,#4564,.T.);
#3631=EDGE_CURVE('',#4558,#4563,#4565,.T.);
#3632=EDGE_CURVE('',#4561,#4566,#4567,.T.);
#3633=EDGE_CURVE('',#4568,#4566,#4569,.T.);
#3634=EDGE_CURVE('',#4563,#4568,#4570,.T.);
#3635=EDGE_CURVE('',#4566,#4285,#4571,.T.);
#3636=EDGE_CURVE('',#4214,#4548,#4572,.T.);
#3637=EDGE_CURVE('',#4568,#4283,#4573,.T.);
#3638=EDGE_CURVE('',#4216,#4553,#4574,.T.);
#3639=EDGE_CURVE('',#4575,#3957,#4576,.T.);
#3640=EDGE_CURVE('',#3958,#4577,#4578,.T.);
#3641=EDGE_CURVE('',#4577,#4575,#4579,.T.);
#3642=EDGE_CURVE('',#4580,#3960,#4581,.T.);
#3643=EDGE_CURVE('',#4582,#4580,#4583,.T.);
#3644=EDGE_CURVE('',#3962,#4582,#4584,.T.);
#3645=EDGE_CURVE('',#4575,#4580,#4585,.T.);
#3646=EDGE_CURVE('',#4577,#4582,#4586,.T.);
#3647=EDGE_CURVE('',#4587,#4588,#4589,.T.);
#3648=EDGE_CURVE('',#4590,#4588,#4591,.T.);
#3649=EDGE_CURVE('',#4592,#4590,#4593,.T.);
#3650=EDGE_CURVE('',#4592,#4587,#4594,.T.);
#3651=EDGE_CURVE('',#4588,#4595,#4596,.T.);
#3652=EDGE_CURVE('',#4597,#4595,#4598,.T.);
#3653=EDGE_CURVE('',#4590,#4597,#4599,.T.);
#3654=EDGE_CURVE('',#4595,#4600,#4601,.T.);
#3655=EDGE_CURVE('',#4602,#4600,#4603,.T.);
#3656=EDGE_CURVE('',#4597,#4602,#4604,.T.);
#3657=EDGE_CURVE('',#4600,#4605,#4606,.T.);
#3658=EDGE_CURVE('',#4607,#4605,#4608,.T.);
#3659=EDGE_CURVE('',#4602,#4607,#4609,.T.);
#3660=EDGE_CURVE('',#4605,#4290,#4610,.T.);
#3661=EDGE_CURVE('',#4206,#4587,#4611,.T.);
#3662=EDGE_CURVE('',#4607,#4288,#4612,.T.);
#3663=EDGE_CURVE('',#4208,#4592,#4613,.T.);
#3664=EDGE_CURVE('',#4614,#3949,#4615,.T.);
#3665=EDGE_CURVE('',#3950,#4616,#4617,.T.);
#3666=EDGE_CURVE('',#4616,#4614,#4618,.T.);
#3667=EDGE_CURVE('',#4619,#3952,#4620,.T.);
#3668=EDGE_CURVE('',#4621,#4619,#4622,.T.);
#3669=EDGE_CURVE('',#3954,#4621,#4623,.T.);
#3670=EDGE_CURVE('',#4614,#4619,#4624,.T.);
#3671=EDGE_CURVE('',#4616,#4621,#4625,.T.);
#3672=EDGE_CURVE('',#4626,#4627,#4628,.T.);
#3673=EDGE_CURVE('',#4629,#4627,#4630,.T.);
#3674=EDGE_CURVE('',#4631,#4629,#4632,.T.);
#3675=EDGE_CURVE('',#4631,#4626,#4633,.T.);
#3676=EDGE_CURVE('',#4627,#4634,#4635,.T.);
#3677=EDGE_CURVE('',#4636,#4634,#4637,.T.);
#3678=EDGE_CURVE('',#4629,#4636,#4638,.T.);
#3679=EDGE_CURVE('',#4634,#4639,#4640,.T.);
#3680=EDGE_CURVE('',#4641,#4639,#4642,.T.);
#3681=EDGE_CURVE('',#4636,#4641,#4643,.T.);
#3682=EDGE_CURVE('',#4639,#4644,#4645,.T.);
#3683=EDGE_CURVE('',#4646,#4644,#4647,.T.);
#3684=EDGE_CURVE('',#4641,#4646,#4648,.T.);
#3685=EDGE_CURVE('',#4644,#4295,#4649,.T.);
#3686=EDGE_CURVE('',#4198,#4626,#4650,.T.);
#3687=EDGE_CURVE('',#4646,#4293,#4651,.T.);
#3688=EDGE_CURVE('',#4200,#4631,#4652,.T.);
#3689=EDGE_CURVE('',#4653,#3941,#4654,.T.);
#3690=EDGE_CURVE('',#3942,#4655,#4656,.T.);
#3691=EDGE_CURVE('',#4655,#4653,#4657,.T.);
#3692=EDGE_CURVE('',#4658,#3944,#4659,.T.);
#3693=EDGE_CURVE('',#4660,#4658,#4661,.T.);
#3694=EDGE_CURVE('',#3946,#4660,#4662,.T.);
#3695=EDGE_CURVE('',#4653,#4658,#4663,.T.);
#3696=EDGE_CURVE('',#4655,#4660,#4664,.T.);
#3697=EDGE_CURVE('',#4665,#4666,#4667,.T.);
#3698=EDGE_CURVE('',#4668,#4666,#4669,.T.);
#3699=EDGE_CURVE('',#4670,#4668,#4671,.T.);
#3700=EDGE_CURVE('',#4670,#4665,#4672,.T.);
#3701=EDGE_CURVE('',#4666,#4673,#4674,.T.);
#3702=EDGE_CURVE('',#4675,#4673,#4676,.T.);
#3703=EDGE_CURVE('',#4668,#4675,#4677,.T.);
#3704=EDGE_CURVE('',#4673,#4678,#4679,.T.);
#3705=EDGE_CURVE('',#4680,#4678,#4681,.T.);
#3706=EDGE_CURVE('',#4675,#4680,#4682,.T.);
#3707=EDGE_CURVE('',#4678,#4683,#4684,.T.);
#3708=EDGE_CURVE('',#4685,#4683,#4686,.T.);
#3709=EDGE_CURVE('',#4680,#4685,#4687,.T.);
#3710=EDGE_CURVE('',#4683,#4300,#4688,.T.);
#3711=EDGE_CURVE('',#4190,#4665,#4689,.T.);
#3712=EDGE_CURVE('',#4685,#4298,#4690,.T.);
#3713=EDGE_CURVE('',#4192,#4670,#4691,.T.);
#3714=EDGE_CURVE('',#4692,#3933,#4693,.T.);
#3715=EDGE_CURVE('',#3934,#4694,#4695,.T.);
#3716=EDGE_CURVE('',#4694,#4692,#4696,.T.);
#3717=EDGE_CURVE('',#4697,#3936,#4698,.T.);
#3718=EDGE_CURVE('',#4699,#4697,#4700,.T.);
#3719=EDGE_CURVE('',#3938,#4699,#4701,.T.);
#3720=EDGE_CURVE('',#4692,#4697,#4702,.T.);
#3721=EDGE_CURVE('',#4694,#4699,#4703,.T.);
#3722=EDGE_CURVE('',#4704,#4705,#4706,.T.);
#3723=EDGE_CURVE('',#4707,#4705,#4708,.T.);
#3724=EDGE_CURVE('',#4709,#4707,#4710,.T.);
#3725=EDGE_CURVE('',#4709,#4704,#4711,.T.);
#3726=EDGE_CURVE('',#4705,#4712,#4713,.T.);
#3727=EDGE_CURVE('',#4714,#4712,#4715,.T.);
#3728=EDGE_CURVE('',#4707,#4714,#4716,.T.);
#3729=EDGE_CURVE('',#4712,#4717,#4718,.T.);
#3730=EDGE_CURVE('',#4719,#4717,#4720,.T.);
#3731=EDGE_CURVE('',#4714,#4719,#4721,.T.);
#3732=EDGE_CURVE('',#4717,#4722,#4723,.T.);
#3733=EDGE_CURVE('',#4724,#4722,#4725,.T.);
#3734=EDGE_CURVE('',#4719,#4724,#4726,.T.);
#3735=EDGE_CURVE('',#4722,#4305,#4727,.T.);
#3736=EDGE_CURVE('',#4182,#4704,#4728,.T.);
#3737=EDGE_CURVE('',#4724,#4303,#4729,.T.);
#3738=EDGE_CURVE('',#4184,#4709,#4730,.T.);
#3739=EDGE_CURVE('',#4731,#3925,#4732,.T.);
#3740=EDGE_CURVE('',#3926,#4733,#4734,.T.);
#3741=EDGE_CURVE('',#4733,#4731,#4735,.T.);
#3742=EDGE_CURVE('',#4736,#3928,#4737,.T.);
#3743=EDGE_CURVE('',#4738,#4736,#4739,.T.);
#3744=EDGE_CURVE('',#3930,#4738,#4740,.T.);
#3745=EDGE_CURVE('',#4731,#4736,#4741,.T.);
#3746=EDGE_CURVE('',#4733,#4738,#4742,.T.);
#3747=EDGE_CURVE('',#4743,#4744,#4745,.T.);
#3748=EDGE_CURVE('',#4746,#4744,#4747,.T.);
#3749=EDGE_CURVE('',#4748,#4746,#4749,.T.);
#3750=EDGE_CURVE('',#4748,#4743,#4750,.T.);
#3751=EDGE_CURVE('',#4744,#4751,#4752,.T.);
#3752=EDGE_CURVE('',#4753,#4751,#4754,.T.);
#3753=EDGE_CURVE('',#4746,#4753,#4755,.T.);
#3754=EDGE_CURVE('',#4751,#4756,#4757,.T.);
#3755=EDGE_CURVE('',#4758,#4756,#4759,.T.);
#3756=EDGE_CURVE('',#4753,#4758,#4760,.T.);
#3757=EDGE_CURVE('',#4756,#4761,#4762,.T.);
#3758=EDGE_CURVE('',#4763,#4761,#4764,.T.);
#3759=EDGE_CURVE('',#4758,#4763,#4765,.T.);
#3760=EDGE_CURVE('',#4761,#4310,#4766,.T.);
#3761=EDGE_CURVE('',#4174,#4743,#4767,.T.);
#3762=EDGE_CURVE('',#4763,#4308,#4768,.T.);
#3763=EDGE_CURVE('',#4176,#4748,#4769,.T.);
#3764=EDGE_CURVE('',#4770,#3917,#4771,.T.);
#3765=EDGE_CURVE('',#3918,#4772,#4773,.T.);
#3766=EDGE_CURVE('',#4772,#4770,#4774,.T.);
#3767=EDGE_CURVE('',#4775,#3920,#4776,.T.);
#3768=EDGE_CURVE('',#4777,#4775,#4778,.T.);
#3769=EDGE_CURVE('',#3922,#4777,#4779,.T.);
#3770=EDGE_CURVE('',#4770,#4775,#4780,.T.);
#3771=EDGE_CURVE('',#4772,#4777,#4781,.T.);
#3772=EDGE_CURVE('',#4782,#4783,#4784,.T.);
#3773=EDGE_CURVE('',#4785,#4783,#4786,.T.);
#3774=EDGE_CURVE('',#4787,#4785,#4788,.T.);
#3775=EDGE_CURVE('',#4787,#4782,#4789,.T.);
#3776=EDGE_CURVE('',#4783,#4790,#4791,.T.);
#3777=EDGE_CURVE('',#4792,#4790,#4793,.T.);
#3778=EDGE_CURVE('',#4785,#4792,#4794,.T.);
#3779=EDGE_CURVE('',#4790,#4795,#4796,.T.);
#3780=EDGE_CURVE('',#4797,#4795,#4798,.T.);
#3781=EDGE_CURVE('',#4792,#4797,#4799,.T.);
#3782=EDGE_CURVE('',#4795,#4800,#4801,.T.);
#3783=EDGE_CURVE('',#4802,#4800,#4803,.T.);
#3784=EDGE_CURVE('',#4797,#4802,#4804,.T.);
#3785=EDGE_CURVE('',#4800,#4315,#4805,.T.);
#3786=EDGE_CURVE('',#4166,#4782,#4806,.T.);
#3787=EDGE_CURVE('',#4802,#4313,#4807,.T.);
#3788=EDGE_CURVE('',#4168,#4787,#4808,.T.);
#3789=EDGE_CURVE('',#4809,#3909,#4810,.T.);
#3790=EDGE_CURVE('',#3910,#4811,#4812,.T.);
#3791=EDGE_CURVE('',#4811,#4809,#4813,.T.);
#3792=EDGE_CURVE('',#4814,#3912,#4815,.T.);
#3793=EDGE_CURVE('',#4816,#4814,#4817,.T.);
#3794=EDGE_CURVE('',#3914,#4816,#4818,.T.);
#3795=EDGE_CURVE('',#4809,#4814,#4819,.T.);
#3796=EDGE_CURVE('',#4811,#4816,#4820,.T.);
#3797=EDGE_CURVE('',#4821,#4822,#4823,.T.);
#3798=EDGE_CURVE('',#4824,#4822,#4825,.T.);
#3799=EDGE_CURVE('',#4826,#4824,#4827,.T.);
#3800=EDGE_CURVE('',#4826,#4821,#4828,.T.);
#3801=EDGE_CURVE('',#4822,#4829,#4830,.T.);
#3802=EDGE_CURVE('',#4831,#4829,#4832,.T.);
#3803=EDGE_CURVE('',#4824,#4831,#4833,.T.);
#3804=EDGE_CURVE('',#4829,#4834,#4835,.T.);
#3805=EDGE_CURVE('',#4836,#4834,#4837,.T.);
#3806=EDGE_CURVE('',#4831,#4836,#4838,.T.);
#3807=EDGE_CURVE('',#4834,#4839,#4840,.T.);
#3808=EDGE_CURVE('',#4841,#4839,#4842,.T.);
#3809=EDGE_CURVE('',#4836,#4841,#4843,.T.);
#3810=EDGE_CURVE('',#4839,#4260,#4844,.T.);
#3811=EDGE_CURVE('',#4255,#4821,#4845,.T.);
#3812=EDGE_CURVE('',#4841,#4258,#4846,.T.);
#3813=EDGE_CURVE('',#4162,#4826,#4847,.T.);
#3814=EDGE_CURVE('',#4848,#3901,#4849,.T.);
#3815=EDGE_CURVE('',#3902,#4850,#4851,.T.);
#3816=EDGE_CURVE('',#4850,#4848,#4852,.T.);
#3817=EDGE_CURVE('',#4853,#3904,#4854,.T.);
#3818=EDGE_CURVE('',#4855,#4853,#4856,.T.);
#3819=EDGE_CURVE('',#3906,#4855,#4857,.T.);
#3820=EDGE_CURVE('',#4848,#4853,#4858,.T.);
#3821=EDGE_CURVE('',#4850,#4855,#4859,.T.);
#3822=EDGE_CURVE('',#4860,#3898,#4861,.T.);
#3823=EDGE_CURVE('',#4862,#4860,#4863,.T.);
#3824=EDGE_CURVE('',#4862,#3894,#4864,.T.);
#3825=EDGE_CURVE('',#3893,#4865,#4866,.T.);
#3826=EDGE_CURVE('',#4865,#4867,#4868,.T.);
#3827=EDGE_CURVE('',#3896,#4867,#4869,.T.);
#3828=EDGE_CURVE('',#4870,#4862,#4871,.T.);
#3829=EDGE_CURVE('',#4872,#4870,#4873,.T.);
#3830=EDGE_CURVE('',#4874,#4872,#4875,.T.);
#3831=EDGE_CURVE('',#4865,#4874,#4876,.T.);
#3832=EDGE_CURVE('',#4867,#4877,#4878,.T.);
#3833=EDGE_CURVE('',#4877,#4879,#4880,.T.);
#3834=EDGE_CURVE('',#4879,#4881,#4882,.T.);
#3835=EDGE_CURVE('',#4881,#4860,#4883,.T.);
#3836=EDGE_CURVE('',#4874,#4877,#4884,.T.);
#3837=EDGE_CURVE('',#4872,#4879,#4885,.T.);
#3838=EDGE_CURVE('',#4870,#4881,#4886,.T.);
#3839=EDGE_CURVE('',#4887,#3882,#4888,.T.);
#3840=EDGE_CURVE('',#4889,#4887,#4890,.T.);
#3841=EDGE_CURVE('',#4889,#3878,#4891,.T.);
#3842=EDGE_CURVE('',#3877,#4892,#4893,.T.);
#3843=EDGE_CURVE('',#4892,#4894,#4895,.T.);
#3844=EDGE_CURVE('',#3880,#4894,#4896,.T.);
#3845=EDGE_CURVE('',#4897,#4889,#4898,.T.);
#3846=EDGE_CURVE('',#4899,#4897,#4900,.T.);
#3847=EDGE_CURVE('',#4901,#4899,#4902,.T.);
#3848=EDGE_CURVE('',#4892,#4901,#4903,.T.);
#3849=EDGE_CURVE('',#4894,#4904,#4905,.T.);
#3850=EDGE_CURVE('',#4904,#4906,#4907,.T.);
#3851=EDGE_CURVE('',#4906,#4908,#4909,.T.);
#3852=EDGE_CURVE('',#4908,#4887,#4910,.T.);
#3853=EDGE_CURVE('',#4899,#4906,#4911,.T.);
#3854=EDGE_CURVE('',#4897,#4908,#4912,.T.);
#3855=EDGE_CURVE('',#4901,#4904,#4913,.T.);
#3856=COLOUR_RGB('',0.596063196659088,0.666666686534882,0.686259269714355);
#3857=EDGE_CURVE('',#4914,#4915,#4916,.T.);
#3858=EDGE_CURVE('',#4914,#4917,#4918,.T.);
#3859=EDGE_CURVE('',#4917,#4919,#4920,.T.);
#3860=EDGE_CURVE('',#4915,#4919,#4921,.T.);
#3861=EDGE_CURVE('',#4922,#4914,#4923,.T.);
#3862=EDGE_CURVE('',#4922,#4924,#4925,.T.);
#3863=EDGE_CURVE('',#4924,#4917,#4926,.T.);
#3864=EDGE_CURVE('',#4927,#4922,#4928,.T.);
#3865=EDGE_CURVE('',#4927,#4929,#4930,.T.);
#3866=EDGE_CURVE('',#4929,#4924,#4931,.T.);
#3867=EDGE_CURVE('',#4915,#4927,#4932,.T.);
#3868=EDGE_CURVE('',#4919,#4929,#4933,.T.);
#3869=VERTEX_POINT('',#4934);
#3870=VERTEX_POINT('',#4935);
#3871=LINE('',#4936,#4937);
#3872=VERTEX_POINT('',#4938);
#3873=LINE('',#4939,#4940);
#3874=VERTEX_POINT('',#4941);
#3875=LINE('',#4942,#4943);
#3876=LINE('',#4944,#4945);
#3877=VERTEX_POINT('',#4946);
#3878=VERTEX_POINT('',#4947);
#3879=LINE('',#4948,#4949);
#3880=VERTEX_POINT('',#4950);
#3881=LINE('',#4951,#4952);
#3882=VERTEX_POINT('',#4953);
#3883=LINE('',#4954,#4955);
#3884=LINE('',#4956,#4957);
#3885=VERTEX_POINT('',#4958);
#3886=VERTEX_POINT('',#4959);
#3887=LINE('',#4960,#4961);
#3888=VERTEX_POINT('',#4962);
#3889=LINE('',#4963,#4964);
#3890=VERTEX_POINT('',#4965);
#3891=LINE('',#4966,#4967);
#3892=LINE('',#4968,#4969);
#3893=VERTEX_POINT('',#4970);
#3894=VERTEX_POINT('',#4971);
#3895=LINE('',#4972,#4973);
#3896=VERTEX_POINT('',#4974);
#3897=LINE('',#4975,#4976);
#3898=VERTEX_POINT('',#4977);
#3899=LINE('',#4978,#4979);
#3900=LINE('',#4980,#4981);
#3901=VERTEX_POINT('',#4982);
#3902=VERTEX_POINT('',#4983);
#3903=LINE('',#4984,#4985);
#3904=VERTEX_POINT('',#4986);
#3905=LINE('',#4987,#4988);
#3906=VERTEX_POINT('',#4989);
#3907=LINE('',#4990,#4991);
#3908=LINE('',#4992,#4993);
#3909=VERTEX_POINT('',#4994);
#3910=VERTEX_POINT('',#4995);
#3911=LINE('',#4996,#4997);
#3912=VERTEX_POINT('',#4998);
#3913=LINE('',#4999,#5000);
#3914=VERTEX_POINT('',#5001);
#3915=LINE('',#5002,#5003);
#3916=LINE('',#5004,#5005);
#3917=VERTEX_POINT('',#5006);
#3918=VERTEX_POINT('',#5007);
#3919=LINE('',#5008,#5009);
#3920=VERTEX_POINT('',#5010);
#3921=LINE('',#5011,#5012);
#3922=VERTEX_POINT('',#5013);
#3923=LINE('',#5014,#5015);
#3924=LINE('',#5016,#5017);
#3925=VERTEX_POINT('',#5018);
#3926=VERTEX_POINT('',#5019);
#3927=LINE('',#5020,#5021);
#3928=VERTEX_POINT('',#5022);
#3929=LINE('',#5023,#5024);
#3930=VERTEX_POINT('',#5025);
#3931=LINE('',#5026,#5027);
#3932=LINE('',#5028,#5029);
#3933=VERTEX_POINT('',#5030);
#3934=VERTEX_POINT('',#5031);
#3935=LINE('',#5032,#5033);
#3936=VERTEX_POINT('',#5034);
#3937=LINE('',#5035,#5036);
#3938=VERTEX_POINT('',#5037);
#3939=LINE('',#5038,#5039);
#3940=LINE('',#5040,#5041);
#3941=VERTEX_POINT('',#5042);
#3942=VERTEX_POINT('',#5043);
#3943=LINE('',#5044,#5045);
#3944=VERTEX_POINT('',#5046);
#3945=LINE('',#5047,#5048);
#3946=VERTEX_POINT('',#5049);
#3947=LINE('',#5050,#5051);
#3948=LINE('',#5052,#5053);
#3949=VERTEX_POINT('',#5054);
#3950=VERTEX_POINT('',#5055);
#3951=LINE('',#5056,#5057);
#3952=VERTEX_POINT('',#5058);
#3953=LINE('',#5059,#5060);
#3954=VERTEX_POINT('',#5061);
#3955=LINE('',#5062,#5063);
#3956=LINE('',#5064,#5065);
#3957=VERTEX_POINT('',#5066);
#3958=VERTEX_POINT('',#5067);
#3959=LINE('',#5068,#5069);
#3960=VERTEX_POINT('',#5070);
#3961=LINE('',#5071,#5072);
#3962=VERTEX_POINT('',#5073);
#3963=LINE('',#5074,#5075);
#3964=LINE('',#5076,#5077);
#3965=VERTEX_POINT('',#5078);
#3966=VERTEX_POINT('',#5079);
#3967=LINE('',#5080,#5081);
#3968=VERTEX_POINT('',#5082);
#3969=LINE('',#5083,#5084);
#3970=VERTEX_POINT('',#5085);
#3971=LINE('',#5086,#5087);
#3972=LINE('',#5088,#5089);
#3973=VERTEX_POINT('',#5090);
#3974=VERTEX_POINT('',#5091);
#3975=LINE('',#5092,#5093);
#3976=VERTEX_POINT('',#5094);
#3977=LINE('',#5095,#5096);
#3978=VERTEX_POINT('',#5097);
#3979=LINE('',#5098,#5099);
#3980=LINE('',#5100,#5101);
#3981=VERTEX_POINT('',#5102);
#3982=VERTEX_POINT('',#5103);
#3983=LINE('',#5104,#5105);
#3984=VERTEX_POINT('',#5106);
#3985=LINE('',#5107,#5108);
#3986=VERTEX_POINT('',#5109);
#3987=LINE('',#5110,#5111);
#3988=LINE('',#5112,#5113);
#3989=VERTEX_POINT('',#5114);
#3990=VERTEX_POINT('',#5115);
#3991=LINE('',#5116,#5117);
#3992=VERTEX_POINT('',#5118);
#3993=LINE('',#5119,#5120);
#3994=VERTEX_POINT('',#5121);
#3995=LINE('',#5122,#5123);
#3996=LINE('',#5124,#5125);
#3997=VERTEX_POINT('',#5126);
#3998=VERTEX_POINT('',#5127);
#3999=LINE('',#5128,#5129);
#4000=VERTEX_POINT('',#5130);
#4001=LINE('',#5131,#5132);
#4002=VERTEX_POINT('',#5133);
#4003=LINE('',#5134,#5135);
#4004=VERTEX_POINT('',#5136);
#4005=LINE('',#5137,#5138);
#4006=VERTEX_POINT('',#5139);
#4007=LINE('',#5140,#5141);
#4008=VERTEX_POINT('',#5142);
#4009=LINE('',#5143,#5144);
#4010=VERTEX_POINT('',#5145);
#4011=LINE('',#5146,#5147);
#4012=VERTEX_POINT('',#5148);
#4013=LINE('',#5149,#5150);
#4014=VERTEX_POINT('',#5151);
#4015=LINE('',#5152,#5153);
#4016=VERTEX_POINT('',#5154);
#4017=LINE('',#5155,#5156);
#4018=VERTEX_POINT('',#5157);
#4019=LINE('',#5158,#5159);
#4020=VERTEX_POINT('',#5160);
#4021=LINE('',#5161,#5162);
#4022=VERTEX_POINT('',#5163);
#4023=LINE('',#5164,#5165);
#4024=VERTEX_POINT('',#5166);
#4025=LINE('',#5167,#5168);
#4026=VERTEX_POINT('',#5169);
#4027=LINE('',#5170,#5171);
#4028=LINE('',#5172,#5173);
#4029=VERTEX_POINT('',#5174);
#4030=VERTEX_POINT('',#5175);
#4031=LINE('',#5176,#5177);
#4032=LINE('',#5178,#5179);
#4033=VERTEX_POINT('',#5180);
#4034=LINE('',#5181,#5182);
#4035=VERTEX_POINT('',#5183);
#4036=LINE('',#5184,#5185);
#4037=VERTEX_POINT('',#5186);
#4038=LINE('',#5187,#5188);
#4039=VERTEX_POINT('',#5189);
#4040=LINE('',#5190,#5191);
#4041=LINE('',#5192,#5193);
#4042=VERTEX_POINT('',#5194);
#4043=VERTEX_POINT('',#5195);
#4044=LINE('',#5196,#5197);
#4045=VERTEX_POINT('',#5198);
#4046=LINE('',#5199,#5200);
#4047=VERTEX_POINT('',#5201);
#4048=LINE('',#5202,#5203);
#4049=VERTEX_POINT('',#5204);
#4050=LINE('',#5205,#5206);
#4051=LINE('',#5207,#5208);
#4052=VERTEX_POINT('',#5209);
#4053=LINE('',#5210,#5211);
#4054=LINE('',#5212,#5213);
#4055=VERTEX_POINT('',#5214);
#4056=LINE('',#5215,#5216);
#4057=VERTEX_POINT('',#5217);
#4058=LINE('',#5218,#5219);
#4059=VERTEX_POINT('',#5220);
#4060=LINE('',#5221,#5222);
#4061=VERTEX_POINT('',#5223);
#4062=LINE('',#5224,#5225);
#4063=VERTEX_POINT('',#5226);
#4064=LINE('',#5227,#5228);
#4065=VERTEX_POINT('',#5229);
#4066=LINE('',#5230,#5231);
#4067=VERTEX_POINT('',#5232);
#4068=LINE('',#5233,#5234);
#4069=LINE('',#5235,#5236);
#4070=VERTEX_POINT('',#5237);
#4071=LINE('',#5238,#5239);
#4072=VERTEX_POINT('',#5240);
#4073=LINE('',#5241,#5242);
#4074=VERTEX_POINT('',#5243);
#4075=LINE('',#5244,#5245);
#4076=VERTEX_POINT('',#5246);
#4077=LINE('',#5247,#5248);
#4078=VERTEX_POINT('',#5249);
#4079=LINE('',#5250,#5251);
#4080=LINE('',#5252,#5253);
#4081=VERTEX_POINT('',#5254);
#4082=VERTEX_POINT('',#5255);
#4083=LINE('',#5256,#5257);
#4084=VERTEX_POINT('',#5258);
#4085=LINE('',#5259,#5260);
#4086=LINE('',#5261,#5262);
#4087=VERTEX_POINT('',#5263);
#4088=LINE('',#5264,#5265);
#4089=LINE('',#5266,#5267);
#4090=VERTEX_POINT('',#5268);
#4091=LINE('',#5269,#5270);
#4092=LINE('',#5271,#5272);
#4093=VERTEX_POINT('',#5273);
#4094=LINE('',#5274,#5275);
#4095=VERTEX_POINT('',#5276);
#4096=LINE('',#5277,#5278);
#4097=LINE('',#5279,#5280);
#4098=LINE('',#5281,#5282);
#4099=LINE('',#5283,#5284);
#4100=VERTEX_POINT('',#5285);
#4101=LINE('',#5286,#5287);
#4102=VERTEX_POINT('',#5288);
#4103=LINE('',#5289,#5290);
#4104=VERTEX_POINT('',#5291);
#4105=LINE('',#5292,#5293);
#4106=LINE('',#5294,#5295);
#4107=VERTEX_POINT('',#5296);
#4108=LINE('',#5297,#5298);
#4109=VERTEX_POINT('',#5299);
#4110=LINE('',#5300,#5301);
#4111=VERTEX_POINT('',#5302);
#4112=LINE('',#5303,#5304);
#4113=VERTEX_POINT('',#5305);
#4114=LINE('',#5306,#5307);
#4115=LINE('',#5308,#5309);
#4116=VERTEX_POINT('',#5310);
#4117=LINE('',#5311,#5312);
#4118=VERTEX_POINT('',#5313);
#4119=LINE('',#5314,#5315);
#4120=VERTEX_POINT('',#5316);
#4121=LINE('',#5317,#5318);
#4122=VERTEX_POINT('',#5319);
#4123=LINE('',#5320,#5321);
#4124=LINE('',#5322,#5323);
#4125=LINE('',#5324,#5325);
#4126=LINE('',#5326,#5327);
#4127=VERTEX_POINT('',#5328);
#4128=LINE('',#5329,#5330);
#4129=VERTEX_POINT('',#5331);
#4130=LINE('',#5332,#5333);
#4131=LINE('',#5334,#5335);
#4132=VERTEX_POINT('',#5336);
#4133=LINE('',#5337,#5338);
#4134=LINE('',#5339,#5340);
#4135=LINE('',#5341,#5342);
#4136=VERTEX_POINT('',#5343);
#4137=LINE('',#5344,#5345);
#4138=LINE('',#5346,#5347);
#4139=LINE('',#5348,#5349);
#4140=VERTEX_POINT('',#5350);
#4141=LINE('',#5351,#5352);
#4142=LINE('',#5353,#5354);
#4143=VERTEX_POINT('',#5355);
#4144=LINE('',#5356,#5357);
#4145=LINE('',#5358,#5359);
#4146=VERTEX_POINT('',#5360);
#4147=LINE('',#5361,#5362);
#4148=LINE('',#5363,#5364);
#4149=LINE('',#5365,#5366);
#4150=VERTEX_POINT('',#5367);
#4151=LINE('',#5368,#5369);
#4152=LINE('',#5370,#5371);
#4153=LINE('',#5372,#5373);
#4154=VERTEX_POINT('',#5374);
#4155=LINE('',#5375,#5376);
#4156=LINE('',#5377,#5378);
#4157=VERTEX_POINT('',#5379);
#4158=LINE('',#5380,#5381);
#4159=LINE('',#5382,#5383);
#4160=LINE('',#5384,#5385);
#4161=VERTEX_POINT('',#5386);
#4162=VERTEX_POINT('',#5387);
#4163=LINE('',#5388,#5389);
#4164=VERTEX_POINT('',#5390);
#4165=LINE('',#5391,#5392);
#4166=VERTEX_POINT('',#5393);
#4167=LINE('',#5394,#5395);
#4168=VERTEX_POINT('',#5396);
#4169=LINE('',#5397,#5398);
#4170=VERTEX_POINT('',#5399);
#4171=LINE('',#5400,#5401);
#4172=VERTEX_POINT('',#5402);
#4173=LINE('',#5403,#5404);
#4174=VERTEX_POINT('',#5405);
#4175=LINE('',#5406,#5407);
#4176=VERTEX_POINT('',#5408);
#4177=LINE('',#5409,#5410);
#4178=VERTEX_POINT('',#5411);
#4179=LINE('',#5412,#5413);
#4180=VERTEX_POINT('',#5414);
#4181=LINE('',#5415,#5416);
#4182=VERTEX_POINT('',#5417);
#4183=LINE('',#5418,#5419);
#4184=VERTEX_POINT('',#5420);
#4185=LINE('',#5421,#5422);
#4186=VERTEX_POINT('',#5423);
#4187=LINE('',#5424,#5425);
#4188=VERTEX_POINT('',#5426);
#4189=LINE('',#5427,#5428);
#4190=VERTEX_POINT('',#5429);
#4191=LINE('',#5430,#5431);
#4192=VERTEX_POINT('',#5432);
#4193=LINE('',#5433,#5434);
#4194=VERTEX_POINT('',#5435);
#4195=LINE('',#5436,#5437);
#4196=VERTEX_POINT('',#5438);
#4197=LINE('',#5439,#5440);
#4198=VERTEX_POINT('',#5441);
#4199=LINE('',#5442,#5443);
#4200=VERTEX_POINT('',#5444);
#4201=LINE('',#5445,#5446);
#4202=VERTEX_POINT('',#5447);
#4203=LINE('',#5448,#5449);
#4204=VERTEX_POINT('',#5450);
#4205=LINE('',#5451,#5452);
#4206=VERTEX_POINT('',#5453);
#4207=LINE('',#5454,#5455);
#4208=VERTEX_POINT('',#5456);
#4209=LINE('',#5457,#5458);
#4210=VERTEX_POINT('',#5459);
#4211=LINE('',#5460,#5461);
#4212=VERTEX_POINT('',#5462);
#4213=LINE('',#5463,#5464);
#4214=VERTEX_POINT('',#5465);
#4215=LINE('',#5466,#5467);
#4216=VERTEX_POINT('',#5468);
#4217=LINE('',#5469,#5470);
#4218=VERTEX_POINT('',#5471);
#4219=LINE('',#5472,#5473);
#4220=VERTEX_POINT('',#5474);
#4221=LINE('',#5475,#5476);
#4222=VERTEX_POINT('',#5477);
#4223=LINE('',#5478,#5479);
#4224=VERTEX_POINT('',#5480);
#4225=LINE('',#5481,#5482);
#4226=VERTEX_POINT('',#5483);
#4227=LINE('',#5484,#5485);
#4228=VERTEX_POINT('',#5486);
#4229=LINE('',#5487,#5488);
#4230=VERTEX_POINT('',#5489);
#4231=LINE('',#5490,#5491);
#4232=VERTEX_POINT('',#5492);
#4233=LINE('',#5493,#5494);
#4234=VERTEX_POINT('',#5495);
#4235=LINE('',#5496,#5497);
#4236=VERTEX_POINT('',#5498);
#4237=LINE('',#5499,#5500);
#4238=VERTEX_POINT('',#5501);
#4239=LINE('',#5502,#5503);
#4240=VERTEX_POINT('',#5504);
#4241=LINE('',#5505,#5506);
#4242=VERTEX_POINT('',#5507);
#4243=LINE('',#5508,#5509);
#4244=VERTEX_POINT('',#5510);
#4245=LINE('',#5511,#5512);
#4246=VERTEX_POINT('',#5513);
#4247=LINE('',#5514,#5515);
#4248=VERTEX_POINT('',#5516);
#4249=LINE('',#5517,#5518);
#4250=VERTEX_POINT('',#5519);
#4251=LINE('',#5520,#5521);
#4252=LINE('',#5522,#5523);
#4253=VERTEX_POINT('',#5524);
#4254=LINE('',#5525,#5526);
#4255=VERTEX_POINT('',#5527);
#4256=LINE('',#5528,#5529);
#4257=LINE('',#5530,#5531);
#4258=VERTEX_POINT('',#5532);
#4259=LINE('',#5533,#5534);
#4260=VERTEX_POINT('',#5535);
#4261=LINE('',#5536,#5537);
#4262=LINE('',#5538,#5539);
#4263=VERTEX_POINT('',#5540);
#4264=LINE('',#5541,#5542);
#4265=VERTEX_POINT('',#5543);
#4266=LINE('',#5544,#5545);
#4267=LINE('',#5546,#5547);
#4268=VERTEX_POINT('',#5548);
#4269=LINE('',#5549,#5550);
#4270=VERTEX_POINT('',#5551);
#4271=LINE('',#5552,#5553);
#4272=LINE('',#5554,#5555);
#4273=VERTEX_POINT('',#5556);
#4274=LINE('',#5557,#5558);
#4275=VERTEX_POINT('',#5559);
#4276=LINE('',#5560,#5561);
#4277=LINE('',#5562,#5563);
#4278=VERTEX_POINT('',#5564);
#4279=LINE('',#5565,#5566);
#4280=VERTEX_POINT('',#5567);
#4281=LINE('',#5568,#5569);
#4282=LINE('',#5570,#5571);
#4283=VERTEX_POINT('',#5572);
#4284=LINE('',#5573,#5574);
#4285=VERTEX_POINT('',#5575);
#4286=LINE('',#5576,#5577);
#4287=LINE('',#5578,#5579);
#4288=VERTEX_POINT('',#5580);
#4289=LINE('',#5581,#5582);
#4290=VERTEX_POINT('',#5583);
#4291=LINE('',#5584,#5585);
#4292=LINE('',#5586,#5587);
#4293=VERTEX_POINT('',#5588);
#4294=LINE('',#5589,#5590);
#4295=VERTEX_POINT('',#5591);
#4296=LINE('',#5592,#5593);
#4297=LINE('',#5594,#5595);
#4298=VERTEX_POINT('',#5596);
#4299=LINE('',#5597,#5598);
#4300=VERTEX_POINT('',#5599);
#4301=LINE('',#5600,#5601);
#4302=LINE('',#5602,#5603);
#4303=VERTEX_POINT('',#5604);
#4304=LINE('',#5605,#5606);
#4305=VERTEX_POINT('',#5607);
#4306=LINE('',#5608,#5609);
#4307=LINE('',#5610,#5611);
#4308=VERTEX_POINT('',#5612);
#4309=LINE('',#5613,#5614);
#4310=VERTEX_POINT('',#5615);
#4311=LINE('',#5616,#5617);
#4312=LINE('',#5618,#5619);
#4313=VERTEX_POINT('',#5620);
#4314=LINE('',#5621,#5622);
#4315=VERTEX_POINT('',#5623);
#4316=LINE('',#5624,#5625);
#4317=LINE('',#5626,#5627);
#4318=LINE('',#5628,#5629);
#4319=LINE('',#5630,#5631);
#4320=VERTEX_POINT('',#5632);
#4321=VERTEX_POINT('',#5633);
#4322=LINE('',#5634,#5635);
#4323=VERTEX_POINT('',#5636);
#4324=LINE('',#5637,#5638);
#4325=VERTEX_POINT('',#5639);
#4326=LINE('',#5640,#5641);
#4327=LINE('',#5642,#5643);
#4328=VERTEX_POINT('',#5644);
#4329=LINE('',#5645,#5646);
#4330=VERTEX_POINT('',#5647);
#4331=LINE('',#5648,#5649);
#4332=VERTEX_POINT('',#5650);
#4333=LINE('',#5651,#5652);
#4334=VERTEX_POINT('',#5653);
#4335=LINE('',#5654,#5655);
#4336=LINE('',#5656,#5657);
#4337=LINE('',#5658,#5659);
#4338=LINE('',#5660,#5661);
#4339=LINE('',#5662,#5663);
#4340=LINE('',#5664,#5665);
#4341=VERTEX_POINT('',#5666);
#4342=LINE('',#5667,#5668);
#4343=VERTEX_POINT('',#5669);
#4344=LINE('',#5670,#5671);
#4345=LINE('',#5672,#5673);
#4346=VERTEX_POINT('',#5674);
#4347=VERTEX_POINT('',#5675);
#4348=LINE('',#5676,#5677);
#4349=VERTEX_POINT('',#5678);
#4350=LINE('',#5679,#5680);
#4351=VERTEX_POINT('',#5681);
#4352=LINE('',#5682,#5683);
#4353=LINE('',#5684,#5685);
#4354=LINE('',#5686,#5687);
#4355=LINE('',#5688,#5689);
#4356=VERTEX_POINT('',#5690);
#4357=VERTEX_POINT('',#5691);
#4358=LINE('',#5692,#5693);
#4359=VERTEX_POINT('',#5694);
#4360=LINE('',#5695,#5696);
#4361=VERTEX_POINT('',#5697);
#4362=LINE('',#5698,#5699);
#4363=LINE('',#5700,#5701);
#4364=VERTEX_POINT('',#5702);
#4365=LINE('',#5703,#5704);
#4366=VERTEX_POINT('',#5705);
#4367=LINE('',#5706,#5707);
#4368=LINE('',#5708,#5709);
#4369=LINE('',#5710,#5711);
#4370=LINE('',#5712,#5713);
#4371=VERTEX_POINT('',#5714);
#4372=LINE('',#5715,#5716);
#4373=VERTEX_POINT('',#5717);
#4374=LINE('',#5718,#5719);
#4375=LINE('',#5720,#5721);
#4376=VERTEX_POINT('',#5722);
#4377=CIRCLE('',#5723,0.7);
#4378=VERTEX_POINT('',#5724);
#4379=LINE('',#5725,#5726);
#4380=CIRCLE('',#5727,0.7);
#4381=VERTEX_POINT('',#5728);
#4382=LINE('',#5729,#5730);
#4383=VERTEX_POINT('',#5731);
#4384=LINE('',#5732,#5733);
#4385=LINE('',#5734,#5735);
#4386=LINE('',#5736,#5737);
#4387=LINE('',#5738,#5739);
#4388=LINE('',#5740,#5741);
#4389=LINE('',#5742,#5743);
#4390=LINE('',#5744,#5745);
#4391=LINE('',#5746,#5747);
#4392=VERTEX_POINT('',#5748);
#4393=VERTEX_POINT('',#5749);
#4394=LINE('',#5750,#5751);
#4395=VERTEX_POINT('',#5752);
#4396=LINE('',#5753,#5754);
#4397=VERTEX_POINT('',#5755);
#4398=LINE('',#5756,#5757);
#4399=LINE('',#5758,#5759);
#4400=VERTEX_POINT('',#5760);
#4401=LINE('',#5761,#5762);
#4402=VERTEX_POINT('',#5763);
#4403=LINE('',#5764,#5765);
#4404=LINE('',#5766,#5767);
#4405=VERTEX_POINT('',#5768);
#4406=LINE('',#5769,#5770);
#4407=VERTEX_POINT('',#5771);
#4408=LINE('',#5772,#5773);
#4409=LINE('',#5774,#5775);
#4410=VERTEX_POINT('',#5776);
#4411=LINE('',#5777,#5778);
#4412=VERTEX_POINT('',#5779);
#4413=LINE('',#5780,#5781);
#4414=LINE('',#5782,#5783);
#4415=LINE('',#5784,#5785);
#4416=LINE('',#5786,#5787);
#4417=LINE('',#5788,#5789);
#4418=LINE('',#5790,#5791);
#4419=VERTEX_POINT('',#5792);
#4420=LINE('',#5793,#5794);
#4421=VERTEX_POINT('',#5795);
#4422=LINE('',#5796,#5797);
#4423=LINE('',#5798,#5799);
#4424=VERTEX_POINT('',#5800);
#4425=LINE('',#5801,#5802);
#4426=VERTEX_POINT('',#5803);
#4427=LINE('',#5804,#5805);
#4428=LINE('',#5806,#5807);
#4429=LINE('',#5808,#5809);
#4430=LINE('',#5810,#5811);
#4431=VERTEX_POINT('',#5812);
#4432=VERTEX_POINT('',#5813);
#4433=LINE('',#5814,#5815);
#4434=VERTEX_POINT('',#5816);
#4435=LINE('',#5817,#5818);
#4436=VERTEX_POINT('',#5819);
#4437=LINE('',#5820,#5821);
#4438=LINE('',#5822,#5823);
#4439=VERTEX_POINT('',#5824);
#4440=LINE('',#5825,#5826);
#4441=VERTEX_POINT('',#5827);
#4442=LINE('',#5828,#5829);
#4443=LINE('',#5830,#5831);
#4444=VERTEX_POINT('',#5832);
#4445=LINE('',#5833,#5834);
#4446=VERTEX_POINT('',#5835);
#4447=LINE('',#5836,#5837);
#4448=LINE('',#5838,#5839);
#4449=VERTEX_POINT('',#5840);
#4450=LINE('',#5841,#5842);
#4451=VERTEX_POINT('',#5843);
#4452=LINE('',#5844,#5845);
#4453=LINE('',#5846,#5847);
#4454=LINE('',#5848,#5849);
#4455=LINE('',#5850,#5851);
#4456=LINE('',#5852,#5853);
#4457=LINE('',#5854,#5855);
#4458=VERTEX_POINT('',#5856);
#4459=LINE('',#5857,#5858);
#4460=VERTEX_POINT('',#5859);
#4461=LINE('',#5860,#5861);
#4462=LINE('',#5862,#5863);
#4463=VERTEX_POINT('',#5864);
#4464=LINE('',#5865,#5866);
#4465=VERTEX_POINT('',#5867);
#4466=LINE('',#5868,#5869);
#4467=LINE('',#5870,#5871);
#4468=LINE('',#5872,#5873);
#4469=LINE('',#5874,#5875);
#4470=VERTEX_POINT('',#5876);
#4471=VERTEX_POINT('',#5877);
#4472=LINE('',#5878,#5879);
#4473=VERTEX_POINT('',#5880);
#4474=LINE('',#5881,#5882);
#4475=VERTEX_POINT('',#5883);
#4476=LINE('',#5884,#5885);
#4477=LINE('',#5886,#5887);
#4478=VERTEX_POINT('',#5888);
#4479=LINE('',#5889,#5890);
#4480=VERTEX_POINT('',#5891);
#4481=LINE('',#5892,#5893);
#4482=LINE('',#5894,#5895);
#4483=VERTEX_POINT('',#5896);
#4484=LINE('',#5897,#5898);
#4485=VERTEX_POINT('',#5899);
#4486=LINE('',#5900,#5901);
#4487=LINE('',#5902,#5903);
#4488=VERTEX_POINT('',#5904);
#4489=LINE('',#5905,#5906);
#4490=VERTEX_POINT('',#5907);
#4491=LINE('',#5908,#5909);
#4492=LINE('',#5910,#5911);
#4493=LINE('',#5912,#5913);
#4494=LINE('',#5914,#5915);
#4495=LINE('',#5916,#5917);
#4496=LINE('',#5918,#5919);
#4497=VERTEX_POINT('',#5920);
#4498=LINE('',#5921,#5922);
#4499=VERTEX_POINT('',#5923);
#4500=LINE('',#5924,#5925);
#4501=LINE('',#5926,#5927);
#4502=VERTEX_POINT('',#5928);
#4503=LINE('',#5929,#5930);
#4504=VERTEX_POINT('',#5931);
#4505=LINE('',#5932,#5933);
#4506=LINE('',#5934,#5935);
#4507=LINE('',#5936,#5937);
#4508=LINE('',#5938,#5939);
#4509=VERTEX_POINT('',#5940);
#4510=VERTEX_POINT('',#5941);
#4511=LINE('',#5942,#5943);
#4512=VERTEX_POINT('',#5944);
#4513=LINE('',#5945,#5946);
#4514=VERTEX_POINT('',#5947);
#4515=LINE('',#5948,#5949);
#4516=LINE('',#5950,#5951);
#4517=VERTEX_POINT('',#5952);
#4518=LINE('',#5953,#5954);
#4519=VERTEX_POINT('',#5955);
#4520=LINE('',#5956,#5957);
#4521=LINE('',#5958,#5959);
#4522=VERTEX_POINT('',#5960);
#4523=LINE('',#5961,#5962);
#4524=VERTEX_POINT('',#5963);
#4525=LINE('',#5964,#5965);
#4526=LINE('',#5966,#5967);
#4527=VERTEX_POINT('',#5968);
#4528=LINE('',#5969,#5970);
#4529=VERTEX_POINT('',#5971);
#4530=LINE('',#5972,#5973);
#4531=LINE('',#5974,#5975);
#4532=LINE('',#5976,#5977);
#4533=LINE('',#5978,#5979);
#4534=LINE('',#5980,#5981);
#4535=LINE('',#5982,#5983);
#4536=VERTEX_POINT('',#5984);
#4537=LINE('',#5985,#5986);
#4538=VERTEX_POINT('',#5987);
#4539=LINE('',#5988,#5989);
#4540=LINE('',#5990,#5991);
#4541=VERTEX_POINT('',#5992);
#4542=LINE('',#5993,#5994);
#4543=VERTEX_POINT('',#5995);
#4544=LINE('',#5996,#5997);
#4545=LINE('',#5998,#5999);
#4546=LINE('',#6000,#6001);
#4547=LINE('',#6002,#6003);
#4548=VERTEX_POINT('',#6004);
#4549=VERTEX_POINT('',#6005);
#4550=LINE('',#6006,#6007);
#4551=VERTEX_POINT('',#6008);
#4552=LINE('',#6009,#6010);
#4553=VERTEX_POINT('',#6011);
#4554=LINE('',#6012,#6013);
#4555=LINE('',#6014,#6015);
#4556=VERTEX_POINT('',#6016);
#4557=LINE('',#6017,#6018);
#4558=VERTEX_POINT('',#6019);
#4559=LINE('',#6020,#6021);
#4560=LINE('',#6022,#6023);
#4561=VERTEX_POINT('',#6024);
#4562=LINE('',#6025,#6026);
#4563=VERTEX_POINT('',#6027);
#4564=LINE('',#6028,#6029);
#4565=LINE('',#6030,#6031);
#4566=VERTEX_POINT('',#6032);
#4567=LINE('',#6033,#6034);
#4568=VERTEX_POINT('',#6035);
#4569=LINE('',#6036,#6037);
#4570=LINE('',#6038,#6039);
#4571=LINE('',#6040,#6041);
#4572=LINE('',#6042,#6043);
#4573=LINE('',#6044,#6045);
#4574=LINE('',#6046,#6047);
#4575=VERTEX_POINT('',#6048);
#4576=LINE('',#6049,#6050);
#4577=VERTEX_POINT('',#6051);
#4578=LINE('',#6052,#6053);
#4579=LINE('',#6054,#6055);
#4580=VERTEX_POINT('',#6056);
#4581=LINE('',#6057,#6058);
#4582=VERTEX_POINT('',#6059);
#4583=LINE('',#6060,#6061);
#4584=LINE('',#6062,#6063);
#4585=LINE('',#6064,#6065);
#4586=LINE('',#6066,#6067);
#4587=VERTEX_POINT('',#6068);
#4588=VERTEX_POINT('',#6069);
#4589=LINE('',#6070,#6071);
#4590=VERTEX_POINT('',#6072);
#4591=LINE('',#6073,#6074);
#4592=VERTEX_POINT('',#6075);
#4593=LINE('',#6076,#6077);
#4594=LINE('',#6078,#6079);
#4595=VERTEX_POINT('',#6080);
#4596=LINE('',#6081,#6082);
#4597=VERTEX_POINT('',#6083);
#4598=LINE('',#6084,#6085);
#4599=LINE('',#6086,#6087);
#4600=VERTEX_POINT('',#6088);
#4601=LINE('',#6089,#6090);
#4602=VERTEX_POINT('',#6091);
#4603=LINE('',#6092,#6093);
#4604=LINE('',#6094,#6095);
#4605=VERTEX_POINT('',#6096);
#4606=LINE('',#6097,#6098);
#4607=VERTEX_POINT('',#6099);
#4608=LINE('',#6100,#6101);
#4609=LINE('',#6102,#6103);
#4610=LINE('',#6104,#6105);
#4611=LINE('',#6106,#6107);
#4612=LINE('',#6108,#6109);
#4613=LINE('',#6110,#6111);
#4614=VERTEX_POINT('',#6112);
#4615=LINE('',#6113,#6114);
#4616=VERTEX_POINT('',#6115);
#4617=LINE('',#6116,#6117);
#4618=LINE('',#6118,#6119);
#4619=VERTEX_POINT('',#6120);
#4620=LINE('',#6121,#6122);
#4621=VERTEX_POINT('',#6123);
#4622=LINE('',#6124,#6125);
#4623=LINE('',#6126,#6127);
#4624=LINE('',#6128,#6129);
#4625=LINE('',#6130,#6131);
#4626=VERTEX_POINT('',#6132);
#4627=VERTEX_POINT('',#6133);
#4628=LINE('',#6134,#6135);
#4629=VERTEX_POINT('',#6136);
#4630=LINE('',#6137,#6138);
#4631=VERTEX_POINT('',#6139);
#4632=LINE('',#6140,#6141);
#4633=LINE('',#6142,#6143);
#4634=VERTEX_POINT('',#6144);
#4635=LINE('',#6145,#6146);
#4636=VERTEX_POINT('',#6147);
#4637=LINE('',#6148,#6149);
#4638=LINE('',#6150,#6151);
#4639=VERTEX_POINT('',#6152);
#4640=LINE('',#6153,#6154);
#4641=VERTEX_POINT('',#6155);
#4642=LINE('',#6156,#6157);
#4643=LINE('',#6158,#6159);
#4644=VERTEX_POINT('',#6160);
#4645=LINE('',#6161,#6162);
#4646=VERTEX_POINT('',#6163);
#4647=LINE('',#6164,#6165);
#4648=LINE('',#6166,#6167);
#4649=LINE('',#6168,#6169);
#4650=LINE('',#6170,#6171);
#4651=LINE('',#6172,#6173);
#4652=LINE('',#6174,#6175);
#4653=VERTEX_POINT('',#6176);
#4654=LINE('',#6177,#6178);
#4655=VERTEX_POINT('',#6179);
#4656=LINE('',#6180,#6181);
#4657=LINE('',#6182,#6183);
#4658=VERTEX_POINT('',#6184);
#4659=LINE('',#6185,#6186);
#4660=VERTEX_POINT('',#6187);
#4661=LINE('',#6188,#6189);
#4662=LINE('',#6190,#6191);
#4663=LINE('',#6192,#6193);
#4664=LINE('',#6194,#6195);
#4665=VERTEX_POINT('',#6196);
#4666=VERTEX_POINT('',#6197);
#4667=LINE('',#6198,#6199);
#4668=VERTEX_POINT('',#6200);
#4669=LINE('',#6201,#6202);
#4670=VERTEX_POINT('',#6203);
#4671=LINE('',#6204,#6205);
#4672=LINE('',#6206,#6207);
#4673=VERTEX_POINT('',#6208);
#4674=LINE('',#6209,#6210);
#4675=VERTEX_POINT('',#6211);
#4676=LINE('',#6212,#6213);
#4677=LINE('',#6214,#6215);
#4678=VERTEX_POINT('',#6216);
#4679=LINE('',#6217,#6218);
#4680=VERTEX_POINT('',#6219);
#4681=LINE('',#6220,#6221);
#4682=LINE('',#6222,#6223);
#4683=VERTEX_POINT('',#6224);
#4684=LINE('',#6225,#6226);
#4685=VERTEX_POINT('',#6227);
#4686=LINE('',#6228,#6229);
#4687=LINE('',#6230,#6231);
#4688=LINE('',#6232,#6233);
#4689=LINE('',#6234,#6235);
#4690=LINE('',#6236,#6237);
#4691=LINE('',#6238,#6239);
#4692=VERTEX_POINT('',#6240);
#4693=LINE('',#6241,#6242);
#4694=VERTEX_POINT('',#6243);
#4695=LINE('',#6244,#6245);
#4696=LINE('',#6246,#6247);
#4697=VERTEX_POINT('',#6248);
#4698=LINE('',#6249,#6250);
#4699=VERTEX_POINT('',#6251);
#4700=LINE('',#6252,#6253);
#4701=LINE('',#6254,#6255);
#4702=LINE('',#6256,#6257);
#4703=LINE('',#6258,#6259);
#4704=VERTEX_POINT('',#6260);
#4705=VERTEX_POINT('',#6261);
#4706=LINE('',#6262,#6263);
#4707=VERTEX_POINT('',#6264);
#4708=LINE('',#6265,#6266);
#4709=VERTEX_POINT('',#6267);
#4710=LINE('',#6268,#6269);
#4711=LINE('',#6270,#6271);
#4712=VERTEX_POINT('',#6272);
#4713=LINE('',#6273,#6274);
#4714=VERTEX_POINT('',#6275);
#4715=LINE('',#6276,#6277);
#4716=LINE('',#6278,#6279);
#4717=VERTEX_POINT('',#6280);
#4718=LINE('',#6281,#6282);
#4719=VERTEX_POINT('',#6283);
#4720=LINE('',#6284,#6285);
#4721=LINE('',#6286,#6287);
#4722=VERTEX_POINT('',#6288);
#4723=LINE('',#6289,#6290);
#4724=VERTEX_POINT('',#6291);
#4725=LINE('',#6292,#6293);
#4726=LINE('',#6294,#6295);
#4727=LINE('',#6296,#6297);
#4728=LINE('',#6298,#6299);
#4729=LINE('',#6300,#6301);
#4730=LINE('',#6302,#6303);
#4731=VERTEX_POINT('',#6304);
#4732=LINE('',#6305,#6306);
#4733=VERTEX_POINT('',#6307);
#4734=LINE('',#6308,#6309);
#4735=LINE('',#6310,#6311);
#4736=VERTEX_POINT('',#6312);
#4737=LINE('',#6313,#6314);
#4738=VERTEX_POINT('',#6315);
#4739=LINE('',#6316,#6317);
#4740=LINE('',#6318,#6319);
#4741=LINE('',#6320,#6321);
#4742=LINE('',#6322,#6323);
#4743=VERTEX_POINT('',#6324);
#4744=VERTEX_POINT('',#6325);
#4745=LINE('',#6326,#6327);
#4746=VERTEX_POINT('',#6328);
#4747=LINE('',#6329,#6330);
#4748=VERTEX_POINT('',#6331);
#4749=LINE('',#6332,#6333);
#4750=LINE('',#6334,#6335);
#4751=VERTEX_POINT('',#6336);
#4752=LINE('',#6337,#6338);
#4753=VERTEX_POINT('',#6339);
#4754=LINE('',#6340,#6341);
#4755=LINE('',#6342,#6343);
#4756=VERTEX_POINT('',#6344);
#4757=LINE('',#6345,#6346);
#4758=VERTEX_POINT('',#6347);
#4759=LINE('',#6348,#6349);
#4760=LINE('',#6350,#6351);
#4761=VERTEX_POINT('',#6352);
#4762=LINE('',#6353,#6354);
#4763=VERTEX_POINT('',#6355);
#4764=LINE('',#6356,#6357);
#4765=LINE('',#6358,#6359);
#4766=LINE('',#6360,#6361);
#4767=LINE('',#6362,#6363);
#4768=LINE('',#6364,#6365);
#4769=LINE('',#6366,#6367);
#4770=VERTEX_POINT('',#6368);
#4771=LINE('',#6369,#6370);
#4772=VERTEX_POINT('',#6371);
#4773=LINE('',#6372,#6373);
#4774=LINE('',#6374,#6375);
#4775=VERTEX_POINT('',#6376);
#4776=LINE('',#6377,#6378);
#4777=VERTEX_POINT('',#6379);
#4778=LINE('',#6380,#6381);
#4779=LINE('',#6382,#6383);
#4780=LINE('',#6384,#6385);
#4781=LINE('',#6386,#6387);
#4782=VERTEX_POINT('',#6388);
#4783=VERTEX_POINT('',#6389);
#4784=LINE('',#6390,#6391);
#4785=VERTEX_POINT('',#6392);
#4786=LINE('',#6393,#6394);
#4787=VERTEX_POINT('',#6395);
#4788=LINE('',#6396,#6397);
#4789=LINE('',#6398,#6399);
#4790=VERTEX_POINT('',#6400);
#4791=LINE('',#6401,#6402);
#4792=VERTEX_POINT('',#6403);
#4793=LINE('',#6404,#6405);
#4794=LINE('',#6406,#6407);
#4795=VERTEX_POINT('',#6408);
#4796=LINE('',#6409,#6410);
#4797=VERTEX_POINT('',#6411);
#4798=LINE('',#6412,#6413);
#4799=LINE('',#6414,#6415);
#4800=VERTEX_POINT('',#6416);
#4801=LINE('',#6417,#6418);
#4802=VERTEX_POINT('',#6419);
#4803=LINE('',#6420,#6421);
#4804=LINE('',#6422,#6423);
#4805=LINE('',#6424,#6425);
#4806=LINE('',#6426,#6427);
#4807=LINE('',#6428,#6429);
#4808=LINE('',#6430,#6431);
#4809=VERTEX_POINT('',#6432);
#4810=LINE('',#6433,#6434);
#4811=VERTEX_POINT('',#6435);
#4812=LINE('',#6436,#6437);
#4813=LINE('',#6438,#6439);
#4814=VERTEX_POINT('',#6440);
#4815=LINE('',#6441,#6442);
#4816=VERTEX_POINT('',#6443);
#4817=LINE('',#6444,#6445);
#4818=LINE('',#6446,#6447);
#4819=LINE('',#6448,#6449);
#4820=LINE('',#6450,#6451);
#4821=VERTEX_POINT('',#6452);
#4822=VERTEX_POINT('',#6453);
#4823=LINE('',#6454,#6455);
#4824=VERTEX_POINT('',#6456);
#4825=LINE('',#6457,#6458);
#4826=VERTEX_POINT('',#6459);
#4827=LINE('',#6460,#6461);
#4828=LINE('',#6462,#6463);
#4829=VERTEX_POINT('',#6464);
#4830=LINE('',#6465,#6466);
#4831=VERTEX_POINT('',#6467);
#4832=LINE('',#6468,#6469);
#4833=LINE('',#6470,#6471);
#4834=VERTEX_POINT('',#6472);
#4835=LINE('',#6473,#6474);
#4836=VERTEX_POINT('',#6475);
#4837=LINE('',#6476,#6477);
#4838=LINE('',#6478,#6479);
#4839=VERTEX_POINT('',#6480);
#4840=LINE('',#6481,#6482);
#4841=VERTEX_POINT('',#6483);
#4842=LINE('',#6484,#6485);
#4843=LINE('',#6486,#6487);
#4844=LINE('',#6488,#6489);
#4845=LINE('',#6490,#6491);
#4846=LINE('',#6492,#6493);
#4847=LINE('',#6494,#6495);
#4848=VERTEX_POINT('',#6496);
#4849=LINE('',#6497,#6498);
#4850=VERTEX_POINT('',#6499);
#4851=LINE('',#6500,#6501);
#4852=LINE('',#6502,#6503);
#4853=VERTEX_POINT('',#6504);
#4854=LINE('',#6505,#6506);
#4855=VERTEX_POINT('',#6507);
#4856=LINE('',#6508,#6509);
#4857=LINE('',#6510,#6511);
#4858=LINE('',#6512,#6513);
#4859=LINE('',#6514,#6515);
#4860=VERTEX_POINT('',#6516);
#4861=LINE('',#6517,#6518);
#4862=VERTEX_POINT('',#6519);
#4863=LINE('',#6520,#6521);
#4864=LINE('',#6522,#6523);
#4865=VERTEX_POINT('',#6524);
#4866=LINE('',#6525,#6526);
#4867=VERTEX_POINT('',#6527);
#4868=LINE('',#6528,#6529);
#4869=LINE('',#6530,#6531);
#4870=VERTEX_POINT('',#6532);
#4871=CIRCLE('',#6533,0.199999999999999);
#4872=VERTEX_POINT('',#6534);
#4873=LINE('',#6535,#6536);
#4874=VERTEX_POINT('',#6537);
#4875=LINE('',#6538,#6539);
#4876=LINE('',#6540,#6541);
#4877=VERTEX_POINT('',#6542);
#4878=LINE('',#6543,#6544);
#4879=VERTEX_POINT('',#6545);
#4880=LINE('',#6546,#6547);
#4881=VERTEX_POINT('',#6548);
#4882=LINE('',#6549,#6550);
#4883=CIRCLE('',#6551,0.199999999999999);
#4884=LINE('',#6552,#6553);
#4885=LINE('',#6554,#6555);
#4886=LINE('',#6556,#6557);
#4887=VERTEX_POINT('',#6558);
#4888=LINE('',#6559,#6560);
#4889=VERTEX_POINT('',#6561);
#4890=LINE('',#6562,#6563);
#4891=LINE('',#6564,#6565);
#4892=VERTEX_POINT('',#6566);
#4893=LINE('',#6567,#6568);
#4894=VERTEX_POINT('',#6569);
#4895=LINE('',#6570,#6571);
#4896=LINE('',#6572,#6573);
#4897=VERTEX_POINT('',#6574);
#4898=LINE('',#6575,#6576);
#4899=VERTEX_POINT('',#6577);
#4900=LINE('',#6578,#6579);
#4901=VERTEX_POINT('',#6580);
#4902=LINE('',#6581,#6582);
#4903=CIRCLE('',#6583,0.199999999999999);
#4904=VERTEX_POINT('',#6584);
#4905=CIRCLE('',#6585,0.199999999999999);
#4906=VERTEX_POINT('',#6586);
#4907=LINE('',#6587,#6588);
#4908=VERTEX_POINT('',#6589);
#4909=LINE('',#6590,#6591);
#4910=LINE('',#6592,#6593);
#4911=LINE('',#6594,#6595);
#4912=LINE('',#6596,#6597);
#4913=LINE('',#6598,#6599);
#4914=VERTEX_POINT('',#6600);
#4915=VERTEX_POINT('',#6601);
#4916=LINE('',#6602,#6603);
#4917=VERTEX_POINT('',#6604);
#4918=LINE('',#6605,#6606);
#4919=VERTEX_POINT('',#6607);
#4920=LINE('',#6608,#6609);
#4921=LINE('',#6610,#6611);
#4922=VERTEX_POINT('',#6612);
#4923=LINE('',#6613,#6614);
#4924=VERTEX_POINT('',#6615);
#4925=LINE('',#6616,#6617);
#4926=LINE('',#6618,#6619);
#4927=VERTEX_POINT('',#6620);
#4928=LINE('',#6621,#6622);
#4929=VERTEX_POINT('',#6623);
#4930=LINE('',#6624,#6625);
#4931=LINE('',#6626,#6627);
#4932=LINE('',#6628,#6629);
#4933=LINE('',#6630,#6631);
#4934=CARTESIAN_POINT('',(-7.0,6.0,2.945));
#4935=CARTESIAN_POINT('',(-6.1,6.0,2.945));
#4936=CARTESIAN_POINT('',(-7.0,6.0,2.945));
#4937=VECTOR('',#6632,1.0);
#4938=CARTESIAN_POINT('',(-6.1,6.0,1.285));
#4939=CARTESIAN_POINT('',(-6.1,6.0,1.285));
#4940=VECTOR('',#6633,1.0);
#4941=CARTESIAN_POINT('',(-7.0,6.0,1.285));
#4942=CARTESIAN_POINT('',(-7.0,6.0,1.285));
#4943=VECTOR('',#6634,1.0);
#4944=CARTESIAN_POINT('',(-7.0,6.0,1.285));
#4945=VECTOR('',#6635,1.0);
#4946=CARTESIAN_POINT('',(-6.52,6.0,1.745));
#4947=CARTESIAN_POINT('',(-6.723,6.0,1.745));
#4948=CARTESIAN_POINT('',(-7.0,6.0,1.745));
#4949=VECTOR('',#6636,1.0);
#4950=CARTESIAN_POINT('',(-6.52,6.0,2.845));
#4951=CARTESIAN_POINT('',(-6.52,6.0,1.285));
#4952=VECTOR('',#6637,1.0);
#4953=CARTESIAN_POINT('',(-6.723,6.0,2.845));
#4954=CARTESIAN_POINT('',(-7.0,6.0,2.845));
#4955=VECTOR('',#6638,1.0);
#4956=CARTESIAN_POINT('',(-6.723,6.0,1.285));
#4957=VECTOR('',#6639,1.0);
#4958=CARTESIAN_POINT('',(6.1,6.0,2.945));
#4959=CARTESIAN_POINT('',(7.0,6.0,2.945));
#4960=CARTESIAN_POINT('',(6.1,6.0,2.945));
#4961=VECTOR('',#6640,1.0);
#4962=CARTESIAN_POINT('',(7.0,6.0,1.285));
#4963=CARTESIAN_POINT('',(7.0,6.0,1.285));
#4964=VECTOR('',#6641,1.0);
#4965=CARTESIAN_POINT('',(6.1,6.0,1.285));
#4966=CARTESIAN_POINT('',(6.1,6.0,1.285));
#4967=VECTOR('',#6642,1.0);
#4968=CARTESIAN_POINT('',(6.1,6.0,1.285));
#4969=VECTOR('',#6643,1.0);
#4970=CARTESIAN_POINT('',(6.723,6.0,1.745));
#4971=CARTESIAN_POINT('',(6.52,6.0,1.745));
#4972=CARTESIAN_POINT('',(6.1,6.0,1.745));
#4973=VECTOR('',#6644,1.0);
#4974=CARTESIAN_POINT('',(6.723,6.0,2.845));
#4975=CARTESIAN_POINT('',(6.723,6.0,1.285));
#4976=VECTOR('',#6645,1.0);
#4977=CARTESIAN_POINT('',(6.52,6.0,2.845));
#4978=CARTESIAN_POINT('',(6.1,6.0,2.845));
#4979=VECTOR('',#6646,1.0);
#4980=CARTESIAN_POINT('',(6.52,6.0,1.285));
#4981=VECTOR('',#6647,1.0);
#4982=CARTESIAN_POINT('',(-5.375,5.0,1.43499948776198));
#4983=CARTESIAN_POINT('',(-5.375,5.0,1.91499948776198));
#4984=CARTESIAN_POINT('',(-5.375,5.0,0.0));
#4985=VECTOR('',#6648,1.0);
#4986=CARTESIAN_POINT('',(-5.625,5.0,1.43499948776198));
#4987=CARTESIAN_POINT('',(0.0,5.0,1.43499948776198));
#4988=VECTOR('',#6649,1.0);
#4989=CARTESIAN_POINT('',(-5.625,5.0,1.91499948776197));
#4990=CARTESIAN_POINT('',(-5.625,5.0,0.0));
#4991=VECTOR('',#6650,1.0);
#4992=CARTESIAN_POINT('',(0.0,5.0,1.91499948776198));
#4993=VECTOR('',#6651,1.0);
#4994=CARTESIAN_POINT('',(-4.375,5.0,1.43499948776198));
#4995=CARTESIAN_POINT('',(-4.375,5.0,1.91499948776198));
#4996=CARTESIAN_POINT('',(-4.375,5.0,0.0));
#4997=VECTOR('',#6652,1.0);
#4998=CARTESIAN_POINT('',(-4.625,5.0,1.43499948776198));
#4999=CARTESIAN_POINT('',(0.0,5.0,1.43499948776198));
#5000=VECTOR('',#6653,1.0);
#5001=CARTESIAN_POINT('',(-4.625,5.0,1.91499948776197));
#5002=CARTESIAN_POINT('',(-4.625,5.0,0.0));
#5003=VECTOR('',#6654,1.0);
#5004=CARTESIAN_POINT('',(0.0,5.0,1.91499948776198));
#5005=VECTOR('',#6655,1.0);
#5006=CARTESIAN_POINT('',(-3.375,5.0,1.43499948776198));
#5007=CARTESIAN_POINT('',(-3.375,5.0,1.91499948776198));
#5008=CARTESIAN_POINT('',(-3.375,5.0,0.0));
#5009=VECTOR('',#6656,1.0);
#5010=CARTESIAN_POINT('',(-3.625,5.0,1.43499948776198));
#5011=CARTESIAN_POINT('',(0.0,5.0,1.43499948776198));
#5012=VECTOR('',#6657,1.0);
#5013=CARTESIAN_POINT('',(-3.625,5.0,1.91499948776197));
#5014=CARTESIAN_POINT('',(-3.625,5.0,0.0));
#5015=VECTOR('',#6658,1.0);
#5016=CARTESIAN_POINT('',(0.0,5.0,1.91499948776198));
#5017=VECTOR('',#6659,1.0);
#5018=CARTESIAN_POINT('',(-2.375,5.0,1.43499948776198));
#5019=CARTESIAN_POINT('',(-2.375,5.0,1.91499948776198));
#5020=CARTESIAN_POINT('',(-2.375,5.0,0.0));
#5021=VECTOR('',#6660,1.0);
#5022=CARTESIAN_POINT('',(-2.625,5.0,1.43499948776198));
#5023=CARTESIAN_POINT('',(0.0,5.0,1.43499948776198));
#5024=VECTOR('',#6661,1.0);
#5025=CARTESIAN_POINT('',(-2.625,5.0,1.91499948776197));
#5026=CARTESIAN_POINT('',(-2.625,5.0,0.0));
#5027=VECTOR('',#6662,1.0);
#5028=CARTESIAN_POINT('',(0.0,5.0,1.91499948776198));
#5029=VECTOR('',#6663,1.0);
#5030=CARTESIAN_POINT('',(-1.375,5.0,1.43499948776198));
#5031=CARTESIAN_POINT('',(-1.375,5.0,1.91499948776198));
#5032=CARTESIAN_POINT('',(-1.375,5.0,0.0));
#5033=VECTOR('',#6664,1.0);
#5034=CARTESIAN_POINT('',(-1.625,5.0,1.43499948776198));
#5035=CARTESIAN_POINT('',(0.0,5.0,1.43499948776198));
#5036=VECTOR('',#6665,1.0);
#5037=CARTESIAN_POINT('',(-1.625,5.0,1.91499948776197));
#5038=CARTESIAN_POINT('',(-1.625,5.0,0.0));
#5039=VECTOR('',#6666,1.0);
#5040=CARTESIAN_POINT('',(0.0,5.0,1.91499948776198));
#5041=VECTOR('',#6667,1.0);
#5042=CARTESIAN_POINT('',(-0.375,5.0,1.43499948776198));
#5043=CARTESIAN_POINT('',(-0.375,5.0,1.91499948776198));
#5044=CARTESIAN_POINT('',(-0.375,5.0,0.0));
#5045=VECTOR('',#6668,1.0);
#5046=CARTESIAN_POINT('',(-0.625,5.0,1.43499948776198));
#5047=CARTESIAN_POINT('',(0.0,5.0,1.43499948776198));
#5048=VECTOR('',#6669,1.0);
#5049=CARTESIAN_POINT('',(-0.625,5.0,1.91499948776197));
#5050=CARTESIAN_POINT('',(-0.625,5.0,0.0));
#5051=VECTOR('',#6670,1.0);
#5052=CARTESIAN_POINT('',(0.0,5.0,1.91499948776198));
#5053=VECTOR('',#6671,1.0);
#5054=CARTESIAN_POINT('',(0.625,5.0,1.43499948776198));
#5055=CARTESIAN_POINT('',(0.625,5.0,1.91499948776198));
#5056=CARTESIAN_POINT('',(0.625,5.0,0.0));
#5057=VECTOR('',#6672,1.0);
#5058=CARTESIAN_POINT('',(0.375,5.0,1.43499948776198));
#5059=CARTESIAN_POINT('',(0.0,5.0,1.43499948776198));
#5060=VECTOR('',#6673,1.0);
#5061=CARTESIAN_POINT('',(0.375,5.0,1.91499948776197));
#5062=CARTESIAN_POINT('',(0.375,5.0,0.0));
#5063=VECTOR('',#6674,1.0);
#5064=CARTESIAN_POINT('',(0.0,5.0,1.91499948776198));
#5065=VECTOR('',#6675,1.0);
#5066=CARTESIAN_POINT('',(1.625,5.0,1.43499948776198));
#5067=CARTESIAN_POINT('',(1.625,5.0,1.91499948776198));
#5068=CARTESIAN_POINT('',(1.625,5.0,0.0));
#5069=VECTOR('',#6676,1.0);
#5070=CARTESIAN_POINT('',(1.375,5.0,1.43499948776198));
#5071=CARTESIAN_POINT('',(0.0,5.0,1.43499948776198));
#5072=VECTOR('',#6677,1.0);
#5073=CARTESIAN_POINT('',(1.375,5.0,1.91499948776197));
#5074=CARTESIAN_POINT('',(1.375,5.0,0.0));
#5075=VECTOR('',#6678,1.0);
#5076=CARTESIAN_POINT('',(0.0,5.0,1.91499948776198));
#5077=VECTOR('',#6679,1.0);
#5078=CARTESIAN_POINT('',(2.625,5.0,1.43499948776198));
#5079=CARTESIAN_POINT('',(2.625,5.0,1.91499948776198));
#5080=CARTESIAN_POINT('',(2.625,5.0,0.0));
#5081=VECTOR('',#6680,1.0);
#5082=CARTESIAN_POINT('',(2.375,5.0,1.43499948776198));
#5083=CARTESIAN_POINT('',(0.0,5.0,1.43499948776198));
#5084=VECTOR('',#6681,1.0);
#5085=CARTESIAN_POINT('',(2.375,5.0,1.91499948776197));
#5086=CARTESIAN_POINT('',(2.375,5.0,0.0));
#5087=VECTOR('',#6682,1.0);
#5088=CARTESIAN_POINT('',(0.0,5.0,1.91499948776198));
#5089=VECTOR('',#6683,1.0);
#5090=CARTESIAN_POINT('',(3.625,5.0,1.43499948776198));
#5091=CARTESIAN_POINT('',(3.625,5.0,1.91499948776198));
#5092=CARTESIAN_POINT('',(3.625,5.0,0.0));
#5093=VECTOR('',#6684,1.0);
#5094=CARTESIAN_POINT('',(3.375,5.0,1.43499948776198));
#5095=CARTESIAN_POINT('',(0.0,5.0,1.43499948776198));
#5096=VECTOR('',#6685,1.0);
#5097=CARTESIAN_POINT('',(3.375,5.0,1.91499948776197));
#5098=CARTESIAN_POINT('',(3.375,5.0,0.0));
#5099=VECTOR('',#6686,1.0);
#5100=CARTESIAN_POINT('',(0.0,5.0,1.91499948776198));
#5101=VECTOR('',#6687,1.0);
#5102=CARTESIAN_POINT('',(4.625,5.0,1.43499948776198));
#5103=CARTESIAN_POINT('',(4.625,5.0,1.91499948776198));
#5104=CARTESIAN_POINT('',(4.625,5.0,0.0));
#5105=VECTOR('',#6688,1.0);
#5106=CARTESIAN_POINT('',(4.375,5.0,1.43499948776198));
#5107=CARTESIAN_POINT('',(0.0,5.0,1.43499948776198));
#5108=VECTOR('',#6689,1.0);
#5109=CARTESIAN_POINT('',(4.375,5.0,1.91499948776197));
#5110=CARTESIAN_POINT('',(4.375,5.0,0.0));
#5111=VECTOR('',#6690,1.0);
#5112=CARTESIAN_POINT('',(0.0,5.0,1.91499948776198));
#5113=VECTOR('',#6691,1.0);
#5114=CARTESIAN_POINT('',(5.625,5.0,1.43499948776198));
#5115=CARTESIAN_POINT('',(5.625,5.0,1.91499948776198));
#5116=CARTESIAN_POINT('',(5.625,5.0,0.0));
#5117=VECTOR('',#6692,1.0);
#5118=CARTESIAN_POINT('',(5.375,5.0,1.43499948776198));
#5119=CARTESIAN_POINT('',(0.0,5.0,1.43499948776198));
#5120=VECTOR('',#6693,1.0);
#5121=CARTESIAN_POINT('',(5.375,5.0,1.91499948776197));
#5122=CARTESIAN_POINT('',(5.375,5.0,0.0));
#5123=VECTOR('',#6694,1.0);
#5124=CARTESIAN_POINT('',(0.0,5.0,1.91499948776198));
#5125=VECTOR('',#6695,1.0);
#5126=CARTESIAN_POINT('',(0.75,5.0,2.615));
#5127=CARTESIAN_POINT('',(-0.75,5.0,2.615));
#5128=CARTESIAN_POINT('',(0.75,5.0,2.615));
#5129=VECTOR('',#6696,1.0);
#5130=CARTESIAN_POINT('',(-0.75,5.0,4.0149999999999));
#5131=CARTESIAN_POINT('',(-0.75,5.0,2.615));
#5132=VECTOR('',#6697,1.0);
#5133=CARTESIAN_POINT('',(-1.85000000000001,5.0,4.0149999999999));
#5134=CARTESIAN_POINT('',(1.84999999999999,5.0,4.0149999999999));
#5135=VECTOR('',#6698,1.0);
#5136=CARTESIAN_POINT('',(-1.85,5.0,2.61499999999997));
#5137=CARTESIAN_POINT('',(-1.85000000000001,5.0,4.0149999999999));
#5138=VECTOR('',#6699,1.0);
#5139=CARTESIAN_POINT('',(-6.225,5.0,2.615));
#5140=CARTESIAN_POINT('',(6.225,5.0,2.615));
#5141=VECTOR('',#6700,1.0);
#5142=CARTESIAN_POINT('',(-6.225,5.0,0.275));
#5143=CARTESIAN_POINT('',(-6.225,5.0,2.615));
#5144=VECTOR('',#6701,1.0);
#5145=CARTESIAN_POINT('',(-5.635,5.0,0.275));
#5146=CARTESIAN_POINT('',(-6.225,5.0,0.275));
#5147=VECTOR('',#6702,1.0);
#5148=CARTESIAN_POINT('',(-5.635,5.0,0.544999999999996));
#5149=CARTESIAN_POINT('',(-5.635,5.0,0.544999999999996));
#5150=VECTOR('',#6703,1.0);
#5151=CARTESIAN_POINT('',(5.635,5.0,0.545000000000013));
#5152=CARTESIAN_POINT('',(5.635,5.0,0.545000000000013));
#5153=VECTOR('',#6704,1.0);
#5154=CARTESIAN_POINT('',(5.635,5.0,0.275));
#5155=CARTESIAN_POINT('',(5.635,5.0,0.274999999999994));
#5156=VECTOR('',#6705,1.0);
#5157=CARTESIAN_POINT('',(6.225,5.0,0.275));
#5158=CARTESIAN_POINT('',(-6.225,5.0,0.275));
#5159=VECTOR('',#6706,1.0);
#5160=CARTESIAN_POINT('',(6.225,5.0,2.615));
#5161=CARTESIAN_POINT('',(6.225,5.0,0.275));
#5162=VECTOR('',#6707,1.0);
#5163=CARTESIAN_POINT('',(1.85,5.0,2.61499999999997));
#5164=CARTESIAN_POINT('',(6.225,5.0,2.615));
#5165=VECTOR('',#6708,1.0);
#5166=CARTESIAN_POINT('',(1.84999999999999,5.0,4.0149999999999));
#5167=CARTESIAN_POINT('',(1.85,5.0,2.61499999999998));
#5168=VECTOR('',#6709,1.0);
#5169=CARTESIAN_POINT('',(0.75,5.0,4.0149999999999));
#5170=CARTESIAN_POINT('',(1.84999999999999,5.0,4.0149999999999));
#5171=VECTOR('',#6710,1.0);
#5172=CARTESIAN_POINT('',(0.75,5.0,2.615));
#5173=VECTOR('',#6711,1.0);
#5174=CARTESIAN_POINT('',(1.85,1.7,2.615));
#5175=CARTESIAN_POINT('',(2.8,1.7,2.615));
#5176=CARTESIAN_POINT('',(2.8,1.7,2.615));
#5177=VECTOR('',#6712,1.0);
#5178=CARTESIAN_POINT('',(1.85,41.578999999999,2.61499999999997));
#5179=VECTOR('',#6713,1.0);
#5180=CARTESIAN_POINT('',(6.225,4.29,2.615));
#5181=CARTESIAN_POINT('',(6.225,5.0,2.615));
#5182=VECTOR('',#6714,1.0);
#5183=CARTESIAN_POINT('',(6.575,4.29,2.615));
#5184=CARTESIAN_POINT('',(6.575,4.29,2.615));
#5185=VECTOR('',#6715,1.0);
#5186=CARTESIAN_POINT('',(6.575,0.89,2.615));
#5187=CARTESIAN_POINT('',(6.575,4.29,2.615));
#5188=VECTOR('',#6716,1.0);
#5189=CARTESIAN_POINT('',(2.8,0.89,2.615));
#5190=CARTESIAN_POINT('',(6.225,0.89,2.615));
#5191=VECTOR('',#6717,1.0);
#5192=CARTESIAN_POINT('',(2.8,0.89,2.615));
#5193=VECTOR('',#6718,1.0);
#5194=CARTESIAN_POINT('',(-2.8,0.89,2.615));
#5195=CARTESIAN_POINT('',(-2.8,1.7,2.615));
#5196=CARTESIAN_POINT('',(-2.8,1.7,2.615));
#5197=VECTOR('',#6719,1.0);
#5198=CARTESIAN_POINT('',(-6.575,0.89,2.615));
#5199=CARTESIAN_POINT('',(6.225,0.89,2.615));
#5200=VECTOR('',#6720,1.0);
#5201=CARTESIAN_POINT('',(-6.575,4.29,2.615));
#5202=CARTESIAN_POINT('',(-6.575,4.29,2.615));
#5203=VECTOR('',#6721,1.0);
#5204=CARTESIAN_POINT('',(-6.225,4.29,2.615));
#5205=CARTESIAN_POINT('',(6.575,4.29,2.615));
#5206=VECTOR('',#6722,1.0);
#5207=CARTESIAN_POINT('',(-6.225,5.0,2.615));
#5208=VECTOR('',#6723,1.0);
#5209=CARTESIAN_POINT('',(-1.85,1.7,2.61499999999997));
#5210=CARTESIAN_POINT('',(-1.85,41.5789999999989,2.61499999999997));
#5211=VECTOR('',#6724,1.0);
#5212=CARTESIAN_POINT('',(2.8,1.7,2.615));
#5213=VECTOR('',#6725,1.0);
#5214=CARTESIAN_POINT('',(2.8,0.89,2.945));
#5215=CARTESIAN_POINT('',(2.8,0.89,-0.321999999999961));
#5216=VECTOR('',#6726,1.0);
#5217=CARTESIAN_POINT('',(6.575,0.89,2.015));
#5218=CARTESIAN_POINT('',(6.575,0.89,2.015));
#5219=VECTOR('',#6727,1.0);
#5220=CARTESIAN_POINT('',(6.225,0.89,2.015));
#5221=CARTESIAN_POINT('',(-6.575,0.89,2.01499999999999));
#5222=VECTOR('',#6728,1.0);
#5223=CARTESIAN_POINT('',(6.225,0.89,0.275));
#5224=CARTESIAN_POINT('',(6.225,0.89,0.275));
#5225=VECTOR('',#6729,1.0);
#5226=CARTESIAN_POINT('',(-6.225,0.89,0.275));
#5227=CARTESIAN_POINT('',(-6.225,0.89,0.275));
#5228=VECTOR('',#6730,1.0);
#5229=CARTESIAN_POINT('',(-6.225,0.89,2.01499999999999));
#5230=CARTESIAN_POINT('',(-6.225,0.89,2.615));
#5231=VECTOR('',#6731,1.0);
#5232=CARTESIAN_POINT('',(-6.575,0.89,2.01499999999999));
#5233=CARTESIAN_POINT('',(-6.575,0.89,2.01499999999999));
#5234=VECTOR('',#6732,1.0);
#5235=CARTESIAN_POINT('',(-6.575,0.89,2.615));
#5236=VECTOR('',#6733,1.0);
#5237=CARTESIAN_POINT('',(-2.8,0.89,2.945));
#5238=CARTESIAN_POINT('',(-2.8,0.89,-0.321999999999961));
#5239=VECTOR('',#6734,1.0);
#5240=CARTESIAN_POINT('',(-7.0,0.89,2.945));
#5241=CARTESIAN_POINT('',(7.0,0.89,2.945));
#5242=VECTOR('',#6735,1.0);
#5243=CARTESIAN_POINT('',(-7.0,0.89,-0.0550000000000034));
#5244=CARTESIAN_POINT('',(-7.0,0.89,2.945));
#5245=VECTOR('',#6736,1.0);
#5246=CARTESIAN_POINT('',(7.0,0.89,-0.0550000000000033));
#5247=CARTESIAN_POINT('',(-7.0,0.89,-0.0550000000000033));
#5248=VECTOR('',#6737,1.0);
#5249=CARTESIAN_POINT('',(7.0,0.89,2.945));
#5250=CARTESIAN_POINT('',(7.0,0.89,-0.0550000000000033));
#5251=VECTOR('',#6738,1.0);
#5252=CARTESIAN_POINT('',(7.0,0.89,2.945));
#5253=VECTOR('',#6739,1.0);
#5254=CARTESIAN_POINT('',(-2.25,1.7,3.38));
#5255=CARTESIAN_POINT('',(-2.25,1.7,2.945));
#5256=CARTESIAN_POINT('',(-2.25,1.7,3.38));
#5257=VECTOR('',#6740,1.0);
#5258=CARTESIAN_POINT('',(-2.8,1.7,2.945));
#5259=CARTESIAN_POINT('',(2.8,1.7,2.945));
#5260=VECTOR('',#6741,1.0);
#5261=CARTESIAN_POINT('',(-2.8,1.7,-0.321999999999961));
#5262=VECTOR('',#6742,1.0);
#5263=CARTESIAN_POINT('',(-1.85000000000001,1.7,3.38));
#5264=CARTESIAN_POINT('',(-1.85000000000001,1.7,3.37999999999999));
#5265=VECTOR('',#6743,1.0);
#5266=CARTESIAN_POINT('',(2.25,1.7,3.38));
#5267=VECTOR('',#6744,1.0);
#5268=CARTESIAN_POINT('',(2.8,1.7,2.945));
#5269=CARTESIAN_POINT('',(2.8,0.89,2.945));
#5270=VECTOR('',#6745,1.0);
#5271=CARTESIAN_POINT('',(7.0,6.25,2.945));
#5272=VECTOR('',#6746,1.0);
#5273=CARTESIAN_POINT('',(6.1,6.25,2.945));
#5274=CARTESIAN_POINT('',(6.1,6.25,2.945));
#5275=VECTOR('',#6747,1.0);
#5276=CARTESIAN_POINT('',(-6.1,6.25,2.945));
#5277=CARTESIAN_POINT('',(7.0,6.25,2.945));
#5278=VECTOR('',#6748,1.0);
#5279=CARTESIAN_POINT('',(-6.1,6.0,2.945));
#5280=VECTOR('',#6749,1.0);
#5281=CARTESIAN_POINT('',(-7.0,6.25,2.945));
#5282=VECTOR('',#6750,1.0);
#5283=CARTESIAN_POINT('',(-2.8,1.7,2.945));
#5284=VECTOR('',#6751,1.0);
#5285=CARTESIAN_POINT('',(-2.25,5.4,2.945));
#5286=CARTESIAN_POINT('',(-2.25,1.7,2.945));
#5287=VECTOR('',#6752,1.0);
#5288=CARTESIAN_POINT('',(2.25,5.4,2.945));
#5289=CARTESIAN_POINT('',(2.25,5.4,2.945));
#5290=VECTOR('',#6753,1.0);
#5291=CARTESIAN_POINT('',(2.25,1.7,2.945));
#5292=CARTESIAN_POINT('',(2.25,1.7,2.945));
#5293=VECTOR('',#6754,1.0);
#5294=CARTESIAN_POINT('',(2.8,1.7,2.945));
#5295=VECTOR('',#6755,1.0);
#5296=CARTESIAN_POINT('',(7.0,6.25,1.285));
#5297=CARTESIAN_POINT('',(7.0,6.0,1.285));
#5298=VECTOR('',#6756,1.0);
#5299=CARTESIAN_POINT('',(7.0,5.7,-0.055000000000003));
#5300=CARTESIAN_POINT('',(7.0,6.25,-0.0550000000000033));
#5301=VECTOR('',#6757,1.0);
#5302=CARTESIAN_POINT('',(7.0,5.7,0.544999999999997));
#5303=CARTESIAN_POINT('',(7.0,5.7,0.544999999999997));
#5304=VECTOR('',#6758,1.0);
#5305=CARTESIAN_POINT('',(7.0,6.25,0.544999999999997));
#5306=CARTESIAN_POINT('',(7.0,6.25,0.544999999999997));
#5307=VECTOR('',#6759,1.0);
#5308=CARTESIAN_POINT('',(7.0,6.25,-0.0550000000000033));
#5309=VECTOR('',#6760,1.0);
#5310=CARTESIAN_POINT('',(6.1,6.25,1.285));
#5311=CARTESIAN_POINT('',(7.0,6.25,1.285));
#5312=VECTOR('',#6761,1.0);
#5313=CARTESIAN_POINT('',(-7.0,6.25,0.544999999999997));
#5314=CARTESIAN_POINT('',(7.0,6.25,0.544999999999997));
#5315=VECTOR('',#6762,1.0);
#5316=CARTESIAN_POINT('',(-7.0,6.25,1.285));
#5317=CARTESIAN_POINT('',(-7.0,6.25,2.945));
#5318=VECTOR('',#6763,1.0);
#5319=CARTESIAN_POINT('',(-6.1,6.25,1.285));
#5320=CARTESIAN_POINT('',(-6.1,6.25,1.285));
#5321=VECTOR('',#6764,1.0);
#5322=CARTESIAN_POINT('',(-6.1,6.25,1.285));
#5323=VECTOR('',#6765,1.0);
#5324=CARTESIAN_POINT('',(6.1,6.25,1.285));
#5325=VECTOR('',#6766,1.0);
#5326=CARTESIAN_POINT('',(-7.0,6.25,1.285));
#5327=VECTOR('',#6767,1.0);
#5328=CARTESIAN_POINT('',(-7.0,5.7,0.544999999999997));
#5329=CARTESIAN_POINT('',(-7.0,6.25,0.544999999999997));
#5330=VECTOR('',#6768,1.0);
#5331=CARTESIAN_POINT('',(-7.0,5.7,-0.055000000000003));
#5332=CARTESIAN_POINT('',(-7.0,5.7,0.544999999999997));
#5333=VECTOR('',#6769,1.0);
#5334=CARTESIAN_POINT('',(-7.0,6.25,-0.0550000000000034));
#5335=VECTOR('',#6770,1.0);
#5336=CARTESIAN_POINT('',(-5.635,2.0,0.275));
#5337=CARTESIAN_POINT('',(-5.635,5.0,0.274999999999994));
#5338=VECTOR('',#6771,1.0);
#5339=CARTESIAN_POINT('',(-6.225,5.0,0.275));
#5340=VECTOR('',#6772,1.0);
#5341=CARTESIAN_POINT('',(6.225,5.0,0.275));
#5342=VECTOR('',#6773,1.0);
#5343=CARTESIAN_POINT('',(5.635,2.0,0.275));
#5344=CARTESIAN_POINT('',(5.635,5.0,0.274999999999994));
#5345=VECTOR('',#6774,1.0);
#5346=CARTESIAN_POINT('',(-5.635,2.0,0.274999999999994));
#5347=VECTOR('',#6775,1.0);
#5348=CARTESIAN_POINT('',(7.0,5.7,-0.055000000000003));
#5349=VECTOR('',#6776,1.0);
#5350=CARTESIAN_POINT('',(-6.225,4.29,2.01499999999999));
#5351=CARTESIAN_POINT('',(-6.225,4.29,2.615));
#5352=VECTOR('',#6777,1.0);
#5353=CARTESIAN_POINT('',(-6.225,5.0,2.01499999999999));
#5354=VECTOR('',#6778,1.0);
#5355=CARTESIAN_POINT('',(6.225,4.29,2.015));
#5356=CARTESIAN_POINT('',(6.225,5.0,2.015));
#5357=VECTOR('',#6779,1.0);
#5358=CARTESIAN_POINT('',(6.225,4.29,0.275));
#5359=VECTOR('',#6780,1.0);
#5360=CARTESIAN_POINT('',(6.575,4.29,2.015));
#5361=CARTESIAN_POINT('',(-6.575,4.29,2.01499999999999));
#5362=VECTOR('',#6781,1.0);
#5363=CARTESIAN_POINT('',(6.575,4.29,2.015));
#5364=VECTOR('',#6782,1.0);
#5365=CARTESIAN_POINT('',(6.575,4.29,2.015));
#5366=VECTOR('',#6783,1.0);
#5367=CARTESIAN_POINT('',(-6.575,4.29,2.01499999999999));
#5368=CARTESIAN_POINT('',(-6.575,4.29,2.01499999999999));
#5369=VECTOR('',#6784,1.0);
#5370=CARTESIAN_POINT('',(-6.575,4.29,2.01499999999999));
#5371=VECTOR('',#6785,1.0);
#5372=CARTESIAN_POINT('',(-6.575,4.29,2.615));
#5373=VECTOR('',#6786,1.0);
#5374=CARTESIAN_POINT('',(-5.635,2.0,0.544999999999996));
#5375=CARTESIAN_POINT('',(-5.635,2.0,0.544999999999996));
#5376=VECTOR('',#6787,1.0);
#5377=CARTESIAN_POINT('',(-5.635,5.0,0.544999999999996));
#5378=VECTOR('',#6788,1.0);
#5379=CARTESIAN_POINT('',(5.635,2.0,0.545000000000013));
#5380=CARTESIAN_POINT('',(5.635,2.0,0.274999999999994));
#5381=VECTOR('',#6789,1.0);
#5382=CARTESIAN_POINT('',(5.635,5.0,0.545000000000013));
#5383=VECTOR('',#6790,1.0);
#5384=CARTESIAN_POINT('',(5.635,2.0,0.545000000000013));
#5385=VECTOR('',#6791,1.0);
#5386=CARTESIAN_POINT('',(-5.375,5.69999999999996,0.544999999999997));
#5387=CARTESIAN_POINT('',(-5.375,5.69999999999996,0.351681913339859));
#5388=CARTESIAN_POINT('',(-5.375,5.69999999999996,1.43499948776198));
#5389=VECTOR('',#6792,1.0);
#5390=CARTESIAN_POINT('',(-4.625,5.7,0.544999999999997));
#5391=CARTESIAN_POINT('',(7.0,5.7,0.544999999999997));
#5392=VECTOR('',#6793,1.0);
#5393=CARTESIAN_POINT('',(-4.625,5.69999999999996,0.351681913339859));
#5394=CARTESIAN_POINT('',(-4.625,5.69999999999996,1.43499948776198));
#5395=VECTOR('',#6794,1.0);
#5396=CARTESIAN_POINT('',(-4.375,5.69999999999996,0.351681913339859));
#5397=CARTESIAN_POINT('',(-4.375,5.69999999999996,0.351681913339859));
#5398=VECTOR('',#6795,1.0);
#5399=CARTESIAN_POINT('',(-4.375,5.69999999999996,0.544999999999997));
#5400=CARTESIAN_POINT('',(-4.375,5.69999999999996,1.43499948776198));
#5401=VECTOR('',#6796,1.0);
#5402=CARTESIAN_POINT('',(-3.625,5.7,0.544999999999997));
#5403=CARTESIAN_POINT('',(7.0,5.7,0.544999999999997));
#5404=VECTOR('',#6797,1.0);
#5405=CARTESIAN_POINT('',(-3.625,5.69999999999996,0.351681913339859));
#5406=CARTESIAN_POINT('',(-3.625,5.69999999999996,1.43499948776198));
#5407=VECTOR('',#6798,1.0);
#5408=CARTESIAN_POINT('',(-3.375,5.69999999999996,0.351681913339859));
#5409=CARTESIAN_POINT('',(-3.375,5.69999999999996,0.351681913339859));
#5410=VECTOR('',#6799,1.0);
#5411=CARTESIAN_POINT('',(-3.375,5.69999999999996,0.544999999999997));
#5412=CARTESIAN_POINT('',(-3.375,5.69999999999996,1.43499948776198));
#5413=VECTOR('',#6800,1.0);
#5414=CARTESIAN_POINT('',(-2.625,5.7,0.544999999999997));
#5415=CARTESIAN_POINT('',(7.0,5.7,0.544999999999997));
#5416=VECTOR('',#6801,1.0);
#5417=CARTESIAN_POINT('',(-2.625,5.69999999999996,0.351681913339859));
#5418=CARTESIAN_POINT('',(-2.625,5.69999999999996,1.43499948776198));
#5419=VECTOR('',#6802,1.0);
#5420=CARTESIAN_POINT('',(-2.375,5.69999999999996,0.351681913339859));
#5421=CARTESIAN_POINT('',(-2.375,5.69999999999996,0.351681913339859));
#5422=VECTOR('',#6803,1.0);
#5423=CARTESIAN_POINT('',(-2.375,5.69999999999996,0.544999999999997));
#5424=CARTESIAN_POINT('',(-2.375,5.69999999999996,1.43499948776198));
#5425=VECTOR('',#6804,1.0);
#5426=CARTESIAN_POINT('',(-1.625,5.7,0.544999999999997));
#5427=CARTESIAN_POINT('',(7.0,5.7,0.544999999999997));
#5428=VECTOR('',#6805,1.0);
#5429=CARTESIAN_POINT('',(-1.625,5.69999999999996,0.351681913339859));
#5430=CARTESIAN_POINT('',(-1.625,5.69999999999996,1.43499948776198));
#5431=VECTOR('',#6806,1.0);
#5432=CARTESIAN_POINT('',(-1.375,5.69999999999996,0.351681913339859));
#5433=CARTESIAN_POINT('',(-1.375,5.69999999999996,0.351681913339859));
#5434=VECTOR('',#6807,1.0);
#5435=CARTESIAN_POINT('',(-1.375,5.69999999999996,0.544999999999997));
#5436=CARTESIAN_POINT('',(-1.375,5.69999999999996,1.43499948776198));
#5437=VECTOR('',#6808,1.0);
#5438=CARTESIAN_POINT('',(-0.625,5.7,0.544999999999997));
#5439=CARTESIAN_POINT('',(7.0,5.7,0.544999999999997));
#5440=VECTOR('',#6809,1.0);
#5441=CARTESIAN_POINT('',(-0.625,5.69999999999996,0.351681913339859));
#5442=CARTESIAN_POINT('',(-0.625,5.69999999999996,1.43499948776198));
#5443=VECTOR('',#6810,1.0);
#5444=CARTESIAN_POINT('',(-0.375,5.69999999999996,0.351681913339859));
#5445=CARTESIAN_POINT('',(-0.375,5.69999999999996,0.351681913339859));
#5446=VECTOR('',#6811,1.0);
#5447=CARTESIAN_POINT('',(-0.375,5.69999999999996,0.544999999999997));
#5448=CARTESIAN_POINT('',(-0.375,5.69999999999996,1.43499948776198));
#5449=VECTOR('',#6812,1.0);
#5450=CARTESIAN_POINT('',(0.375,5.7,0.544999999999997));
#5451=CARTESIAN_POINT('',(7.0,5.7,0.544999999999997));
#5452=VECTOR('',#6813,1.0);
#5453=CARTESIAN_POINT('',(0.375,5.69999999999996,0.351681913339859));
#5454=CARTESIAN_POINT('',(0.375,5.69999999999996,1.43499948776198));
#5455=VECTOR('',#6814,1.0);
#5456=CARTESIAN_POINT('',(0.625,5.69999999999996,0.351681913339859));
#5457=CARTESIAN_POINT('',(0.625,5.69999999999996,0.351681913339859));
#5458=VECTOR('',#6815,1.0);
#5459=CARTESIAN_POINT('',(0.625,5.69999999999996,0.544999999999997));
#5460=CARTESIAN_POINT('',(0.625,5.69999999999996,1.43499948776198));
#5461=VECTOR('',#6816,1.0);
#5462=CARTESIAN_POINT('',(1.375,5.7,0.544999999999997));
#5463=CARTESIAN_POINT('',(7.0,5.7,0.544999999999997));
#5464=VECTOR('',#6817,1.0);
#5465=CARTESIAN_POINT('',(1.375,5.69999999999996,0.351681913339859));
#5466=CARTESIAN_POINT('',(1.375,5.69999999999996,1.43499948776198));
#5467=VECTOR('',#6818,1.0);
#5468=CARTESIAN_POINT('',(1.625,5.69999999999996,0.351681913339859));
#5469=CARTESIAN_POINT('',(1.625,5.69999999999996,0.351681913339859));
#5470=VECTOR('',#6819,1.0);
#5471=CARTESIAN_POINT('',(1.625,5.69999999999996,0.544999999999997));
#5472=CARTESIAN_POINT('',(1.625,5.69999999999996,1.43499948776198));
#5473=VECTOR('',#6820,1.0);
#5474=CARTESIAN_POINT('',(2.375,5.7,0.544999999999997));
#5475=CARTESIAN_POINT('',(7.0,5.7,0.544999999999997));
#5476=VECTOR('',#6821,1.0);
#5477=CARTESIAN_POINT('',(2.375,5.69999999999996,0.351681913339859));
#5478=CARTESIAN_POINT('',(2.375,5.69999999999996,1.43499948776198));
#5479=VECTOR('',#6822,1.0);
#5480=CARTESIAN_POINT('',(2.625,5.69999999999996,0.351681913339859));
#5481=CARTESIAN_POINT('',(2.625,5.69999999999996,0.351681913339859));
#5482=VECTOR('',#6823,1.0);
#5483=CARTESIAN_POINT('',(2.625,5.69999999999996,0.544999999999997));
#5484=CARTESIAN_POINT('',(2.625,5.69999999999996,1.43499948776198));
#5485=VECTOR('',#6824,1.0);
#5486=CARTESIAN_POINT('',(3.375,5.7,0.544999999999997));
#5487=CARTESIAN_POINT('',(7.0,5.7,0.544999999999997));
#5488=VECTOR('',#6825,1.0);
#5489=CARTESIAN_POINT('',(3.375,5.69999999999996,0.351681913339859));
#5490=CARTESIAN_POINT('',(3.375,5.69999999999996,1.43499948776198));
#5491=VECTOR('',#6826,1.0);
#5492=CARTESIAN_POINT('',(3.625,5.69999999999996,0.351681913339859));
#5493=CARTESIAN_POINT('',(3.625,5.69999999999996,0.351681913339859));
#5494=VECTOR('',#6827,1.0);
#5495=CARTESIAN_POINT('',(3.625,5.69999999999996,0.544999999999997));
#5496=CARTESIAN_POINT('',(3.625,5.69999999999996,1.43499948776198));
#5497=VECTOR('',#6828,1.0);
#5498=CARTESIAN_POINT('',(4.375,5.7,0.544999999999997));
#5499=CARTESIAN_POINT('',(7.0,5.7,0.544999999999997));
#5500=VECTOR('',#6829,1.0);
#5501=CARTESIAN_POINT('',(4.375,5.69999999999996,0.351681913339859));
#5502=CARTESIAN_POINT('',(4.375,5.69999999999996,1.43499948776198));
#5503=VECTOR('',#6830,1.0);
#5504=CARTESIAN_POINT('',(4.625,5.69999999999996,0.351681913339859));
#5505=CARTESIAN_POINT('',(4.625,5.69999999999996,0.351681913339859));
#5506=VECTOR('',#6831,1.0);
#5507=CARTESIAN_POINT('',(4.625,5.69999999999996,0.544999999999997));
#5508=CARTESIAN_POINT('',(4.625,5.69999999999996,1.43499948776198));
#5509=VECTOR('',#6832,1.0);
#5510=CARTESIAN_POINT('',(5.375,5.7,0.544999999999997));
#5511=CARTESIAN_POINT('',(7.0,5.7,0.544999999999997));
#5512=VECTOR('',#6833,1.0);
#5513=CARTESIAN_POINT('',(5.375,5.69999999999996,0.351681913339859));
#5514=CARTESIAN_POINT('',(5.375,5.69999999999996,1.43499948776198));
#5515=VECTOR('',#6834,1.0);
#5516=CARTESIAN_POINT('',(5.625,5.69999999999996,0.351681913339859));
#5517=CARTESIAN_POINT('',(5.625,5.69999999999996,0.351681913339859));
#5518=VECTOR('',#6835,1.0);
#5519=CARTESIAN_POINT('',(5.625,5.69999999999996,0.544999999999997));
#5520=CARTESIAN_POINT('',(5.625,5.69999999999996,1.43499948776198));
#5521=VECTOR('',#6836,1.0);
#5522=CARTESIAN_POINT('',(7.0,5.7,0.544999999999997));
#5523=VECTOR('',#6837,1.0);
#5524=CARTESIAN_POINT('',(-5.625,5.7,0.544999999999997));
#5525=CARTESIAN_POINT('',(7.0,5.7,0.544999999999997));
#5526=VECTOR('',#6838,1.0);
#5527=CARTESIAN_POINT('',(-5.625,5.69999999999996,0.351681913339859));
#5528=CARTESIAN_POINT('',(-5.625,5.69999999999996,1.43499948776198));
#5529=VECTOR('',#6839,1.0);
#5530=CARTESIAN_POINT('',(-5.375,5.69999999999996,0.351681913339859));
#5531=VECTOR('',#6840,1.0);
#5532=CARTESIAN_POINT('',(-5.375,6.09999999999996,0.544999999999997));
#5533=CARTESIAN_POINT('',(-5.375,6.25,0.544999999999997));
#5534=VECTOR('',#6841,1.0);
#5535=CARTESIAN_POINT('',(-5.625,6.09999999999996,0.544999999999997));
#5536=CARTESIAN_POINT('',(7.0,6.09999999999996,0.544999999999997));
#5537=VECTOR('',#6842,1.0);
#5538=CARTESIAN_POINT('',(-5.625,6.25,0.544999999999997));
#5539=VECTOR('',#6843,1.0);
#5540=CARTESIAN_POINT('',(5.625,6.09999999999996,0.544999999999997));
#5541=CARTESIAN_POINT('',(5.625,6.25,0.544999999999997));
#5542=VECTOR('',#6844,1.0);
#5543=CARTESIAN_POINT('',(5.375,6.09999999999996,0.544999999999997));
#5544=CARTESIAN_POINT('',(7.0,6.09999999999996,0.544999999999997));
#5545=VECTOR('',#6845,1.0);
#5546=CARTESIAN_POINT('',(5.375,6.25,0.544999999999997));
#5547=VECTOR('',#6846,1.0);
#5548=CARTESIAN_POINT('',(4.625,6.09999999999996,0.544999999999997));
#5549=CARTESIAN_POINT('',(4.625,6.25,0.544999999999997));
#5550=VECTOR('',#6847,1.0);
#5551=CARTESIAN_POINT('',(4.375,6.09999999999996,0.544999999999997));
#5552=CARTESIAN_POINT('',(7.0,6.09999999999996,0.544999999999997));
#5553=VECTOR('',#6848,1.0);
#5554=CARTESIAN_POINT('',(4.375,6.25,0.544999999999997));
#5555=VECTOR('',#6849,1.0);
#5556=CARTESIAN_POINT('',(3.625,6.09999999999996,0.544999999999997));
#5557=CARTESIAN_POINT('',(3.625,6.25,0.544999999999997));
#5558=VECTOR('',#6850,1.0);
#5559=CARTESIAN_POINT('',(3.375,6.09999999999996,0.544999999999997));
#5560=CARTESIAN_POINT('',(7.0,6.09999999999996,0.544999999999997));
#5561=VECTOR('',#6851,1.0);
#5562=CARTESIAN_POINT('',(3.375,6.25,0.544999999999997));
#5563=VECTOR('',#6852,1.0);
#5564=CARTESIAN_POINT('',(2.625,6.09999999999996,0.544999999999997));
#5565=CARTESIAN_POINT('',(2.625,6.25,0.544999999999997));
#5566=VECTOR('',#6853,1.0);
#5567=CARTESIAN_POINT('',(2.375,6.09999999999996,0.544999999999997));
#5568=CARTESIAN_POINT('',(7.0,6.09999999999996,0.544999999999997));
#5569=VECTOR('',#6854,1.0);
#5570=CARTESIAN_POINT('',(2.375,6.25,0.544999999999997));
#5571=VECTOR('',#6855,1.0);
#5572=CARTESIAN_POINT('',(1.625,6.09999999999996,0.544999999999997));
#5573=CARTESIAN_POINT('',(1.625,6.25,0.544999999999997));
#5574=VECTOR('',#6856,1.0);
#5575=CARTESIAN_POINT('',(1.375,6.09999999999996,0.544999999999997));
#5576=CARTESIAN_POINT('',(7.0,6.09999999999996,0.544999999999997));
#5577=VECTOR('',#6857,1.0);
#5578=CARTESIAN_POINT('',(1.375,6.25,0.544999999999997));
#5579=VECTOR('',#6858,1.0);
#5580=CARTESIAN_POINT('',(0.625,6.09999999999996,0.544999999999997));
#5581=CARTESIAN_POINT('',(0.625000000000001,6.25,0.544999999999997));
#5582=VECTOR('',#6859,1.0);
#5583=CARTESIAN_POINT('',(0.375,6.09999999999996,0.544999999999997));
#5584=CARTESIAN_POINT('',(7.0,6.09999999999996,0.544999999999997));
#5585=VECTOR('',#6860,1.0);
#5586=CARTESIAN_POINT('',(0.375,6.25,0.544999999999997));
#5587=VECTOR('',#6861,1.0);
#5588=CARTESIAN_POINT('',(-0.375,6.09999999999996,0.544999999999997));
#5589=CARTESIAN_POINT('',(-0.374999999999999,6.25,0.544999999999997));
#5590=VECTOR('',#6862,1.0);
#5591=CARTESIAN_POINT('',(-0.625,6.09999999999996,0.544999999999997));
#5592=CARTESIAN_POINT('',(7.0,6.09999999999996,0.544999999999997));
#5593=VECTOR('',#6863,1.0);
#5594=CARTESIAN_POINT('',(-0.625,6.25,0.544999999999997));
#5595=VECTOR('',#6864,1.0);
#5596=CARTESIAN_POINT('',(-1.375,6.09999999999996,0.544999999999997));
#5597=CARTESIAN_POINT('',(-1.375,6.25,0.544999999999997));
#5598=VECTOR('',#6865,1.0);
#5599=CARTESIAN_POINT('',(-1.625,6.09999999999996,0.544999999999997));
#5600=CARTESIAN_POINT('',(7.0,6.09999999999996,0.544999999999997));
#5601=VECTOR('',#6866,1.0);
#5602=CARTESIAN_POINT('',(-1.625,6.25,0.544999999999997));
#5603=VECTOR('',#6867,1.0);
#5604=CARTESIAN_POINT('',(-2.375,6.09999999999996,0.544999999999997));
#5605=CARTESIAN_POINT('',(-2.375,6.25,0.544999999999997));
#5606=VECTOR('',#6868,1.0);
#5607=CARTESIAN_POINT('',(-2.625,6.09999999999996,0.544999999999997));
#5608=CARTESIAN_POINT('',(7.0,6.09999999999996,0.544999999999997));
#5609=VECTOR('',#6869,1.0);
#5610=CARTESIAN_POINT('',(-2.625,6.25,0.544999999999997));
#5611=VECTOR('',#6870,1.0);
#5612=CARTESIAN_POINT('',(-3.375,6.09999999999996,0.544999999999997));
#5613=CARTESIAN_POINT('',(-3.375,6.25,0.544999999999997));
#5614=VECTOR('',#6871,1.0);
#5615=CARTESIAN_POINT('',(-3.625,6.09999999999996,0.544999999999997));
#5616=CARTESIAN_POINT('',(7.0,6.09999999999996,0.544999999999997));
#5617=VECTOR('',#6872,1.0);
#5618=CARTESIAN_POINT('',(-3.625,6.25,0.544999999999997));
#5619=VECTOR('',#6873,1.0);
#5620=CARTESIAN_POINT('',(-4.375,6.09999999999996,0.544999999999997));
#5621=CARTESIAN_POINT('',(-4.375,6.25,0.544999999999997));
#5622=VECTOR('',#6874,1.0);
#5623=CARTESIAN_POINT('',(-4.625,6.09999999999996,0.544999999999997));
#5624=CARTESIAN_POINT('',(7.0,6.09999999999996,0.544999999999997));
#5625=VECTOR('',#6875,1.0);
#5626=CARTESIAN_POINT('',(-4.625,6.25,0.544999999999997));
#5627=VECTOR('',#6876,1.0);
#5628=CARTESIAN_POINT('',(-6.1,6.0,1.285));
#5629=VECTOR('',#6877,1.0);
#5630=CARTESIAN_POINT('',(6.1,6.25,1.285));
#5631=VECTOR('',#6878,1.0);
#5632=CARTESIAN_POINT('',(-2.25,0.889999999999997,4.41500000000001));
#5633=CARTESIAN_POINT('',(-2.25,0.890000000000002,4.215));
#5634=CARTESIAN_POINT('',(-2.25,0.889999999999997,4.41500000000001));
#5635=VECTOR('',#6879,1.0);
#5636=CARTESIAN_POINT('',(2.25,0.890000000000002,4.215));
#5637=CARTESIAN_POINT('',(2.25,0.890000000000002,4.215));
#5638=VECTOR('',#6880,1.0);
#5639=CARTESIAN_POINT('',(2.25,0.889999999999997,4.41500000000001));
#5640=CARTESIAN_POINT('',(2.25,0.889999999999997,4.41500000000001));
#5641=VECTOR('',#6881,1.0);
#5642=CARTESIAN_POINT('',(2.25,0.889999999999997,4.41500000000001));
#5643=VECTOR('',#6882,1.0);
#5644=CARTESIAN_POINT('',(-1.85000000000001,1.084011976048,4.0149999999999));
#5645=CARTESIAN_POINT('',(-1.85000000000001,0.890000000000005,4.215));
#5646=VECTOR('',#6883,1.0);
#5647=CARTESIAN_POINT('',(1.84999999999999,1.084011976048,4.0149999999999));
#5648=CARTESIAN_POINT('',(2.25,1.084011976048,4.0149999999999));
#5649=VECTOR('',#6884,1.0);
#5650=CARTESIAN_POINT('',(1.84999999999999,1.7,3.38));
#5651=CARTESIAN_POINT('',(1.84999999999999,0.890000000000003,4.215));
#5652=VECTOR('',#6885,1.0);
#5653=CARTESIAN_POINT('',(2.25,1.7,3.38));
#5654=CARTESIAN_POINT('',(2.25,1.7,3.38));
#5655=VECTOR('',#6886,1.0);
#5656=CARTESIAN_POINT('',(2.25,0.890000000000002,4.215));
#5657=VECTOR('',#6887,1.0);
#5658=CARTESIAN_POINT('',(-2.25,0.890000000000002,4.215));
#5659=VECTOR('',#6888,1.0);
#5660=CARTESIAN_POINT('',(1.84999999999999,1.7,3.38));
#5661=VECTOR('',#6889,1.0);
#5662=CARTESIAN_POINT('',(2.8,1.7,-0.321999999999961));
#5663=VECTOR('',#6890,1.0);
#5664=CARTESIAN_POINT('',(2.25,1.7,3.38));
#5665=VECTOR('',#6891,1.0);
#5666=CARTESIAN_POINT('',(-2.25,5.4,4.415));
#5667=CARTESIAN_POINT('',(-2.25,5.4,2.945));
#5668=VECTOR('',#6892,1.0);
#5669=CARTESIAN_POINT('',(2.25,5.4,4.415));
#5670=CARTESIAN_POINT('',(2.25,5.4,4.415));
#5671=VECTOR('',#6893,1.0);
#5672=CARTESIAN_POINT('',(2.25,5.4,2.945));
#5673=VECTOR('',#6894,1.0);
#5674=CARTESIAN_POINT('',(-0.950000000000008,1.95,4.415));
#5675=CARTESIAN_POINT('',(0.949999999999992,1.95,4.41500000000001));
#5676=CARTESIAN_POINT('',(-0.950000000000007,1.95,4.415));
#5677=VECTOR('',#6895,1.0);
#5678=CARTESIAN_POINT('',(-0.950000000000008,3.45,4.415));
#5679=CARTESIAN_POINT('',(-0.950000000000008,3.45,4.415));
#5680=VECTOR('',#6896,1.0);
#5681=CARTESIAN_POINT('',(0.949999999999992,3.45,4.415));
#5682=CARTESIAN_POINT('',(0.949999999999992,3.45,4.41500000000001));
#5683=VECTOR('',#6897,1.0);
#5684=CARTESIAN_POINT('',(0.949999999999992,1.95,4.41500000000001));
#5685=VECTOR('',#6898,1.0);
#5686=CARTESIAN_POINT('',(-2.25,5.4,4.415));
#5687=VECTOR('',#6899,1.0);
#5688=CARTESIAN_POINT('',(2.25,5.4,4.415));
#5689=VECTOR('',#6900,1.0);
#5690=CARTESIAN_POINT('',(-0.950000000000008,3.45,4.0149999999999));
#5691=CARTESIAN_POINT('',(0.949999999999992,3.45,4.0149999999999));
#5692=CARTESIAN_POINT('',(0.94999999999999,3.45,4.0149999999999));
#5693=VECTOR('',#6901,1.0);
#5694=CARTESIAN_POINT('',(-0.950000000000008,1.95,4.0149999999999));
#5695=CARTESIAN_POINT('',(-0.950000000000008,3.45,4.0149999999999));
#5696=VECTOR('',#6902,1.0);
#5697=CARTESIAN_POINT('',(0.949999999999992,1.95,4.0149999999999));
#5698=CARTESIAN_POINT('',(-0.95000000000001,1.95,4.0149999999999));
#5699=VECTOR('',#6903,1.0);
#5700=CARTESIAN_POINT('',(0.949999999999992,1.95,4.0149999999999));
#5701=VECTOR('',#6904,1.0);
#5702=CARTESIAN_POINT('',(-0.75,4.51,4.015));
#5703=CARTESIAN_POINT('',(-0.75,5.0,4.015));
#5704=VECTOR('',#6905,1.0);
#5705=CARTESIAN_POINT('',(0.75,4.51,4.0149999999999));
#5706=CARTESIAN_POINT('',(0.75,4.51,4.015));
#5707=VECTOR('',#6906,1.0);
#5708=CARTESIAN_POINT('',(0.75,5.0,4.015));
#5709=VECTOR('',#6907,1.0);
#5710=CARTESIAN_POINT('',(1.84999999999999,41.5789999999989,4.0149999999999));
#5711=VECTOR('',#6908,1.0);
#5712=CARTESIAN_POINT('',(-1.85000000000001,41.5789999999989,4.0149999999999));
#5713=VECTOR('',#6909,1.0);
#5714=CARTESIAN_POINT('',(-0.75,4.51,3.665));
#5715=CARTESIAN_POINT('',(-0.75,4.51,4.015));
#5716=VECTOR('',#6910,1.0);
#5717=CARTESIAN_POINT('',(0.75,4.51,3.665));
#5718=CARTESIAN_POINT('',(0.75,4.51,3.665));
#5719=VECTOR('',#6911,1.0);
#5720=CARTESIAN_POINT('',(0.75,4.51,4.015));
#5721=VECTOR('',#6912,1.0);
#5722=CARTESIAN_POINT('',(-0.75,4.8,3.09763768189984));
#5723=AXIS2_PLACEMENT_3D('',#6913,#6914,#6915);
#5724=CARTESIAN_POINT('',(0.75,4.8,3.09763768189984));
#5725=CARTESIAN_POINT('',(0.75,4.8,3.09763768189984));
#5726=VECTOR('',#6916,1.0);
#5727=AXIS2_PLACEMENT_3D('',#6917,#6918,#6919);
#5728=CARTESIAN_POINT('',(-0.75,4.8,2.71471632161069));
#5729=CARTESIAN_POINT('',(-0.75,4.8,3.09763768189983));
#5730=VECTOR('',#6920,1.0);
#5731=CARTESIAN_POINT('',(0.75,4.8,2.71471632161069));
#5732=CARTESIAN_POINT('',(0.75,4.8,2.71471632161069));
#5733=VECTOR('',#6921,1.0);
#5734=CARTESIAN_POINT('',(0.75,4.8,3.09763768189983));
#5735=VECTOR('',#6922,1.0);
#5736=CARTESIAN_POINT('',(-0.75,4.8,2.71471632161069));
#5737=VECTOR('',#6923,1.0);
#5738=CARTESIAN_POINT('',(0.75,4.8,2.71471632161069));
#5739=VECTOR('',#6924,1.0);
#5740=CARTESIAN_POINT('',(-0.950000000000008,3.45,0.454999999999013));
#5741=VECTOR('',#6925,1.0);
#5742=CARTESIAN_POINT('',(-0.950000000000008,1.95,0.454999999999013));
#5743=VECTOR('',#6926,1.0);
#5744=CARTESIAN_POINT('',(0.949999999999992,1.95,0.454999999999017));
#5745=VECTOR('',#6927,1.0);
#5746=CARTESIAN_POINT('',(0.949999999999992,3.45,0.454999999999014));
#5747=VECTOR('',#6928,1.0);
#5748=CARTESIAN_POINT('',(5.375,5.94999999999996,-0.00535508834566598));
#5749=CARTESIAN_POINT('',(5.375,5.94999999999996,-0.655000512238025));
#5750=CARTESIAN_POINT('',(5.375,5.94999999999996,-0.00535508834566589));
#5751=VECTOR('',#6929,1.0);
#5752=CARTESIAN_POINT('',(5.625,5.94999999999996,-0.655000512238025));
#5753=CARTESIAN_POINT('',(5.625,5.94999999999996,-0.655000512238025));
#5754=VECTOR('',#6930,1.0);
#5755=CARTESIAN_POINT('',(5.625,5.94999999999996,-0.00535508834566598));
#5756=CARTESIAN_POINT('',(5.625,5.94999999999996,-0.00535508834566589));
#5757=VECTOR('',#6931,1.0);
#5758=CARTESIAN_POINT('',(5.625,5.94999999999996,-0.00535508834566598));
#5759=VECTOR('',#6932,1.0);
#5760=CARTESIAN_POINT('',(5.375,6.29999999999996,-0.655000512238025));
#5761=CARTESIAN_POINT('',(5.375,5.94999999999996,-0.655000512238025));
#5762=VECTOR('',#6933,1.0);
#5763=CARTESIAN_POINT('',(5.625,6.29999999999996,-0.655000512238025));
#5764=CARTESIAN_POINT('',(5.625,6.29999999999996,-0.655000512238025));
#5765=VECTOR('',#6934,1.0);
#5766=CARTESIAN_POINT('',(5.625,5.94999999999996,-0.655000512238025));
#5767=VECTOR('',#6935,1.0);
#5768=CARTESIAN_POINT('',(5.375,6.29999999999996,0.104999487761975));
#5769=CARTESIAN_POINT('',(5.375,6.29999999999996,-0.655000512238025));
#5770=VECTOR('',#6936,1.0);
#5771=CARTESIAN_POINT('',(5.625,6.29999999999996,0.104999487761975));
#5772=CARTESIAN_POINT('',(5.625,6.29999999999996,0.104999487761975));
#5773=VECTOR('',#6937,1.0);
#5774=CARTESIAN_POINT('',(5.625,6.29999999999996,-0.655000512238025));
#5775=VECTOR('',#6938,1.0);
#5776=CARTESIAN_POINT('',(5.375,6.09999999999996,0.390629089110397));
#5777=CARTESIAN_POINT('',(5.375,6.29999999999996,0.104999487761975));
#5778=VECTOR('',#6939,1.0);
#5779=CARTESIAN_POINT('',(5.625,6.09999999999996,0.390629089110397));
#5780=CARTESIAN_POINT('',(5.625,6.09999999999996,0.390629089110397));
#5781=VECTOR('',#6940,1.0);
#5782=CARTESIAN_POINT('',(5.625,6.29999999999996,0.104999487761975));
#5783=VECTOR('',#6941,1.0);
#5784=CARTESIAN_POINT('',(5.375,6.09999999999996,0.390629089110397));
#5785=VECTOR('',#6942,1.0);
#5786=CARTESIAN_POINT('',(5.375,5.69999999999996,0.351681913339859));
#5787=VECTOR('',#6943,1.0);
#5788=CARTESIAN_POINT('',(5.625,6.09999999999996,0.390629089110397));
#5789=VECTOR('',#6944,1.0);
#5790=CARTESIAN_POINT('',(5.625,5.69999999999996,0.351681913339859));
#5791=VECTOR('',#6945,1.0);
#5792=CARTESIAN_POINT('',(5.625,2.99999999999996,1.43499948776198));
#5793=CARTESIAN_POINT('',(5.625,2.99999999999996,1.43499948776198));
#5794=VECTOR('',#6946,1.0);
#5795=CARTESIAN_POINT('',(5.625,2.99999999999996,1.91499948776197));
#5796=CARTESIAN_POINT('',(5.625,5.69999999999996,1.91499948776198));
#5797=VECTOR('',#6947,1.0);
#5798=CARTESIAN_POINT('',(5.625,2.99999999999996,1.81499948776197));
#5799=VECTOR('',#6948,1.0);
#5800=CARTESIAN_POINT('',(5.375,2.99999999999996,1.43499948776198));
#5801=CARTESIAN_POINT('',(5.375,2.99999999999996,1.43499948776198));
#5802=VECTOR('',#6949,1.0);
#5803=CARTESIAN_POINT('',(5.375,2.99999999999996,1.91499948776197));
#5804=CARTESIAN_POINT('',(5.375,2.99999999999996,1.91499948776197));
#5805=VECTOR('',#6950,1.0);
#5806=CARTESIAN_POINT('',(5.375,5.69999999999996,1.91499948776198));
#5807=VECTOR('',#6951,1.0);
#5808=CARTESIAN_POINT('',(5.625,2.99999999999996,1.43499948776198));
#5809=VECTOR('',#6952,1.0);
#5810=CARTESIAN_POINT('',(5.625,2.99999999999996,1.91499948776197));
#5811=VECTOR('',#6953,1.0);
#5812=CARTESIAN_POINT('',(4.375,5.94999999999996,-0.00535508834566598));
#5813=CARTESIAN_POINT('',(4.375,5.94999999999996,-0.655000512238025));
#5814=CARTESIAN_POINT('',(4.375,5.94999999999996,-0.00535508834566589));
#5815=VECTOR('',#6954,1.0);
#5816=CARTESIAN_POINT('',(4.625,5.94999999999996,-0.655000512238025));
#5817=CARTESIAN_POINT('',(4.625,5.94999999999996,-0.655000512238025));
#5818=VECTOR('',#6955,1.0);
#5819=CARTESIAN_POINT('',(4.625,5.94999999999996,-0.00535508834566598));
#5820=CARTESIAN_POINT('',(4.625,5.94999999999996,-0.00535508834566589));
#5821=VECTOR('',#6956,1.0);
#5822=CARTESIAN_POINT('',(4.625,5.94999999999996,-0.00535508834566598));
#5823=VECTOR('',#6957,1.0);
#5824=CARTESIAN_POINT('',(4.375,6.29999999999996,-0.655000512238025));
#5825=CARTESIAN_POINT('',(4.375,5.94999999999996,-0.655000512238025));
#5826=VECTOR('',#6958,1.0);
#5827=CARTESIAN_POINT('',(4.625,6.29999999999996,-0.655000512238025));
#5828=CARTESIAN_POINT('',(4.625,6.29999999999996,-0.655000512238025));
#5829=VECTOR('',#6959,1.0);
#5830=CARTESIAN_POINT('',(4.625,5.94999999999996,-0.655000512238025));
#5831=VECTOR('',#6960,1.0);
#5832=CARTESIAN_POINT('',(4.375,6.29999999999996,0.104999487761975));
#5833=CARTESIAN_POINT('',(4.375,6.29999999999996,-0.655000512238025));
#5834=VECTOR('',#6961,1.0);
#5835=CARTESIAN_POINT('',(4.625,6.29999999999996,0.104999487761975));
#5836=CARTESIAN_POINT('',(4.625,6.29999999999996,0.104999487761975));
#5837=VECTOR('',#6962,1.0);
#5838=CARTESIAN_POINT('',(4.625,6.29999999999996,-0.655000512238025));
#5839=VECTOR('',#6963,1.0);
#5840=CARTESIAN_POINT('',(4.375,6.09999999999996,0.390629089110397));
#5841=CARTESIAN_POINT('',(4.375,6.29999999999996,0.104999487761975));
#5842=VECTOR('',#6964,1.0);
#5843=CARTESIAN_POINT('',(4.625,6.09999999999996,0.390629089110397));
#5844=CARTESIAN_POINT('',(4.625,6.09999999999996,0.390629089110397));
#5845=VECTOR('',#6965,1.0);
#5846=CARTESIAN_POINT('',(4.625,6.29999999999996,0.104999487761975));
#5847=VECTOR('',#6966,1.0);
#5848=CARTESIAN_POINT('',(4.375,6.09999999999996,0.390629089110397));
#5849=VECTOR('',#6967,1.0);
#5850=CARTESIAN_POINT('',(4.375,5.69999999999996,0.351681913339859));
#5851=VECTOR('',#6968,1.0);
#5852=CARTESIAN_POINT('',(4.625,6.09999999999996,0.390629089110397));
#5853=VECTOR('',#6969,1.0);
#5854=CARTESIAN_POINT('',(4.625,5.69999999999996,0.351681913339859));
#5855=VECTOR('',#6970,1.0);
#5856=CARTESIAN_POINT('',(4.625,2.99999999999996,1.43499948776198));
#5857=CARTESIAN_POINT('',(4.625,2.99999999999996,1.43499948776198));
#5858=VECTOR('',#6971,1.0);
#5859=CARTESIAN_POINT('',(4.625,2.99999999999996,1.91499948776197));
#5860=CARTESIAN_POINT('',(4.625,5.69999999999996,1.91499948776198));
#5861=VECTOR('',#6972,1.0);
#5862=CARTESIAN_POINT('',(4.625,2.99999999999996,1.81499948776197));
#5863=VECTOR('',#6973,1.0);
#5864=CARTESIAN_POINT('',(4.375,2.99999999999996,1.43499948776198));
#5865=CARTESIAN_POINT('',(4.375,2.99999999999996,1.43499948776198));
#5866=VECTOR('',#6974,1.0);
#5867=CARTESIAN_POINT('',(4.375,2.99999999999996,1.91499948776197));
#5868=CARTESIAN_POINT('',(4.375,2.99999999999996,1.91499948776197));
#5869=VECTOR('',#6975,1.0);
#5870=CARTESIAN_POINT('',(4.375,5.69999999999996,1.91499948776198));
#5871=VECTOR('',#6976,1.0);
#5872=CARTESIAN_POINT('',(4.625,2.99999999999996,1.43499948776198));
#5873=VECTOR('',#6977,1.0);
#5874=CARTESIAN_POINT('',(4.625,2.99999999999996,1.91499948776197));
#5875=VECTOR('',#6978,1.0);
#5876=CARTESIAN_POINT('',(3.375,5.94999999999996,-0.00535508834566598));
#5877=CARTESIAN_POINT('',(3.375,5.94999999999996,-0.655000512238025));
#5878=CARTESIAN_POINT('',(3.375,5.94999999999996,-0.00535508834566589));
#5879=VECTOR('',#6979,1.0);
#5880=CARTESIAN_POINT('',(3.625,5.94999999999996,-0.655000512238025));
#5881=CARTESIAN_POINT('',(3.625,5.94999999999996,-0.655000512238025));
#5882=VECTOR('',#6980,1.0);
#5883=CARTESIAN_POINT('',(3.625,5.94999999999996,-0.00535508834566598));
#5884=CARTESIAN_POINT('',(3.625,5.94999999999996,-0.00535508834566589));
#5885=VECTOR('',#6981,1.0);
#5886=CARTESIAN_POINT('',(3.625,5.94999999999996,-0.00535508834566598));
#5887=VECTOR('',#6982,1.0);
#5888=CARTESIAN_POINT('',(3.375,6.29999999999996,-0.655000512238025));
#5889=CARTESIAN_POINT('',(3.375,5.94999999999996,-0.655000512238025));
#5890=VECTOR('',#6983,1.0);
#5891=CARTESIAN_POINT('',(3.625,6.29999999999996,-0.655000512238025));
#5892=CARTESIAN_POINT('',(3.625,6.29999999999996,-0.655000512238025));
#5893=VECTOR('',#6984,1.0);
#5894=CARTESIAN_POINT('',(3.625,5.94999999999996,-0.655000512238025));
#5895=VECTOR('',#6985,1.0);
#5896=CARTESIAN_POINT('',(3.375,6.29999999999996,0.104999487761975));
#5897=CARTESIAN_POINT('',(3.375,6.29999999999996,-0.655000512238025));
#5898=VECTOR('',#6986,1.0);
#5899=CARTESIAN_POINT('',(3.625,6.29999999999996,0.104999487761975));
#5900=CARTESIAN_POINT('',(3.625,6.29999999999996,0.104999487761975));
#5901=VECTOR('',#6987,1.0);
#5902=CARTESIAN_POINT('',(3.625,6.29999999999996,-0.655000512238025));
#5903=VECTOR('',#6988,1.0);
#5904=CARTESIAN_POINT('',(3.375,6.09999999999996,0.390629089110397));
#5905=CARTESIAN_POINT('',(3.375,6.29999999999996,0.104999487761975));
#5906=VECTOR('',#6989,1.0);
#5907=CARTESIAN_POINT('',(3.625,6.09999999999996,0.390629089110397));
#5908=CARTESIAN_POINT('',(3.625,6.09999999999996,0.390629089110397));
#5909=VECTOR('',#6990,1.0);
#5910=CARTESIAN_POINT('',(3.625,6.29999999999996,0.104999487761975));
#5911=VECTOR('',#6991,1.0);
#5912=CARTESIAN_POINT('',(3.375,6.09999999999996,0.390629089110397));
#5913=VECTOR('',#6992,1.0);
#5914=CARTESIAN_POINT('',(3.375,5.69999999999996,0.351681913339859));
#5915=VECTOR('',#6993,1.0);
#5916=CARTESIAN_POINT('',(3.625,6.09999999999996,0.390629089110397));
#5917=VECTOR('',#6994,1.0);
#5918=CARTESIAN_POINT('',(3.625,5.69999999999996,0.351681913339859));
#5919=VECTOR('',#6995,1.0);
#5920=CARTESIAN_POINT('',(3.625,2.99999999999996,1.43499948776198));
#5921=CARTESIAN_POINT('',(3.625,2.99999999999996,1.43499948776198));
#5922=VECTOR('',#6996,1.0);
#5923=CARTESIAN_POINT('',(3.625,2.99999999999996,1.91499948776197));
#5924=CARTESIAN_POINT('',(3.625,5.69999999999996,1.91499948776198));
#5925=VECTOR('',#6997,1.0);
#5926=CARTESIAN_POINT('',(3.625,2.99999999999996,1.81499948776197));
#5927=VECTOR('',#6998,1.0);
#5928=CARTESIAN_POINT('',(3.375,2.99999999999996,1.43499948776198));
#5929=CARTESIAN_POINT('',(3.375,2.99999999999996,1.43499948776198));
#5930=VECTOR('',#6999,1.0);
#5931=CARTESIAN_POINT('',(3.375,2.99999999999996,1.91499948776197));
#5932=CARTESIAN_POINT('',(3.375,2.99999999999996,1.91499948776197));
#5933=VECTOR('',#7000,1.0);
#5934=CARTESIAN_POINT('',(3.375,5.69999999999996,1.91499948776198));
#5935=VECTOR('',#7001,1.0);
#5936=CARTESIAN_POINT('',(3.625,2.99999999999996,1.43499948776198));
#5937=VECTOR('',#7002,1.0);
#5938=CARTESIAN_POINT('',(3.625,2.99999999999996,1.91499948776197));
#5939=VECTOR('',#7003,1.0);
#5940=CARTESIAN_POINT('',(2.375,5.94999999999996,-0.00535508834566598));
#5941=CARTESIAN_POINT('',(2.375,5.94999999999996,-0.655000512238025));
#5942=CARTESIAN_POINT('',(2.375,5.94999999999996,-0.00535508834566589));
#5943=VECTOR('',#7004,1.0);
#5944=CARTESIAN_POINT('',(2.625,5.94999999999996,-0.655000512238025));
#5945=CARTESIAN_POINT('',(2.625,5.94999999999996,-0.655000512238025));
#5946=VECTOR('',#7005,1.0);
#5947=CARTESIAN_POINT('',(2.625,5.94999999999996,-0.00535508834566598));
#5948=CARTESIAN_POINT('',(2.625,5.94999999999996,-0.00535508834566589));
#5949=VECTOR('',#7006,1.0);
#5950=CARTESIAN_POINT('',(2.625,5.94999999999996,-0.00535508834566598));
#5951=VECTOR('',#7007,1.0);
#5952=CARTESIAN_POINT('',(2.375,6.29999999999996,-0.655000512238025));
#5953=CARTESIAN_POINT('',(2.375,5.94999999999996,-0.655000512238025));
#5954=VECTOR('',#7008,1.0);
#5955=CARTESIAN_POINT('',(2.625,6.29999999999996,-0.655000512238025));
#5956=CARTESIAN_POINT('',(2.625,6.29999999999996,-0.655000512238025));
#5957=VECTOR('',#7009,1.0);
#5958=CARTESIAN_POINT('',(2.625,5.94999999999996,-0.655000512238025));
#5959=VECTOR('',#7010,1.0);
#5960=CARTESIAN_POINT('',(2.375,6.29999999999996,0.104999487761975));
#5961=CARTESIAN_POINT('',(2.375,6.29999999999996,-0.655000512238025));
#5962=VECTOR('',#7011,1.0);
#5963=CARTESIAN_POINT('',(2.625,6.29999999999996,0.104999487761975));
#5964=CARTESIAN_POINT('',(2.625,6.29999999999996,0.104999487761975));
#5965=VECTOR('',#7012,1.0);
#5966=CARTESIAN_POINT('',(2.625,6.29999999999996,-0.655000512238025));
#5967=VECTOR('',#7013,1.0);
#5968=CARTESIAN_POINT('',(2.375,6.09999999999996,0.390629089110397));
#5969=CARTESIAN_POINT('',(2.375,6.29999999999996,0.104999487761975));
#5970=VECTOR('',#7014,1.0);
#5971=CARTESIAN_POINT('',(2.625,6.09999999999996,0.390629089110397));
#5972=CARTESIAN_POINT('',(2.625,6.09999999999996,0.390629089110397));
#5973=VECTOR('',#7015,1.0);
#5974=CARTESIAN_POINT('',(2.625,6.29999999999996,0.104999487761975));
#5975=VECTOR('',#7016,1.0);
#5976=CARTESIAN_POINT('',(2.375,6.09999999999996,0.390629089110397));
#5977=VECTOR('',#7017,1.0);
#5978=CARTESIAN_POINT('',(2.375,5.69999999999996,0.351681913339859));
#5979=VECTOR('',#7018,1.0);
#5980=CARTESIAN_POINT('',(2.625,6.09999999999996,0.390629089110397));
#5981=VECTOR('',#7019,1.0);
#5982=CARTESIAN_POINT('',(2.625,5.69999999999996,0.351681913339859));
#5983=VECTOR('',#7020,1.0);
#5984=CARTESIAN_POINT('',(2.625,2.99999999999996,1.43499948776198));
#5985=CARTESIAN_POINT('',(2.625,2.99999999999996,1.43499948776198));
#5986=VECTOR('',#7021,1.0);
#5987=CARTESIAN_POINT('',(2.625,2.99999999999996,1.91499948776197));
#5988=CARTESIAN_POINT('',(2.625,5.69999999999996,1.91499948776198));
#5989=VECTOR('',#7022,1.0);
#5990=CARTESIAN_POINT('',(2.625,2.99999999999996,1.81499948776197));
#5991=VECTOR('',#7023,1.0);
#5992=CARTESIAN_POINT('',(2.375,2.99999999999996,1.43499948776198));
#5993=CARTESIAN_POINT('',(2.375,2.99999999999996,1.43499948776198));
#5994=VECTOR('',#7024,1.0);
#5995=CARTESIAN_POINT('',(2.375,2.99999999999996,1.91499948776197));
#5996=CARTESIAN_POINT('',(2.375,2.99999999999996,1.91499948776197));
#5997=VECTOR('',#7025,1.0);
#5998=CARTESIAN_POINT('',(2.375,5.69999999999996,1.91499948776198));
#5999=VECTOR('',#7026,1.0);
#6000=CARTESIAN_POINT('',(2.625,2.99999999999996,1.43499948776198));
#6001=VECTOR('',#7027,1.0);
#6002=CARTESIAN_POINT('',(2.625,2.99999999999996,1.91499948776197));
#6003=VECTOR('',#7028,1.0);
#6004=CARTESIAN_POINT('',(1.375,5.94999999999996,-0.00535508834566598));
#6005=CARTESIAN_POINT('',(1.375,5.94999999999996,-0.655000512238025));
#6006=CARTESIAN_POINT('',(1.375,5.94999999999996,-0.00535508834566589));
#6007=VECTOR('',#7029,1.0);
#6008=CARTESIAN_POINT('',(1.625,5.94999999999996,-0.655000512238025));
#6009=CARTESIAN_POINT('',(1.625,5.94999999999996,-0.655000512238025));
#6010=VECTOR('',#7030,1.0);
#6011=CARTESIAN_POINT('',(1.625,5.94999999999996,-0.00535508834566598));
#6012=CARTESIAN_POINT('',(1.625,5.94999999999996,-0.00535508834566589));
#6013=VECTOR('',#7031,1.0);
#6014=CARTESIAN_POINT('',(1.625,5.94999999999996,-0.00535508834566598));
#6015=VECTOR('',#7032,1.0);
#6016=CARTESIAN_POINT('',(1.375,6.29999999999996,-0.655000512238025));
#6017=CARTESIAN_POINT('',(1.375,5.94999999999996,-0.655000512238025));
#6018=VECTOR('',#7033,1.0);
#6019=CARTESIAN_POINT('',(1.625,6.29999999999996,-0.655000512238025));
#6020=CARTESIAN_POINT('',(1.625,6.29999999999996,-0.655000512238025));
#6021=VECTOR('',#7034,1.0);
#6022=CARTESIAN_POINT('',(1.625,5.94999999999996,-0.655000512238025));
#6023=VECTOR('',#7035,1.0);
#6024=CARTESIAN_POINT('',(1.375,6.29999999999996,0.104999487761975));
#6025=CARTESIAN_POINT('',(1.375,6.29999999999996,-0.655000512238025));
#6026=VECTOR('',#7036,1.0);
#6027=CARTESIAN_POINT('',(1.625,6.29999999999996,0.104999487761975));
#6028=CARTESIAN_POINT('',(1.625,6.29999999999996,0.104999487761975));
#6029=VECTOR('',#7037,1.0);
#6030=CARTESIAN_POINT('',(1.625,6.29999999999996,-0.655000512238025));
#6031=VECTOR('',#7038,1.0);
#6032=CARTESIAN_POINT('',(1.375,6.09999999999996,0.390629089110397));
#6033=CARTESIAN_POINT('',(1.375,6.29999999999996,0.104999487761975));
#6034=VECTOR('',#7039,1.0);
#6035=CARTESIAN_POINT('',(1.625,6.09999999999996,0.390629089110397));
#6036=CARTESIAN_POINT('',(1.625,6.09999999999996,0.390629089110397));
#6037=VECTOR('',#7040,1.0);
#6038=CARTESIAN_POINT('',(1.625,6.29999999999996,0.104999487761975));
#6039=VECTOR('',#7041,1.0);
#6040=CARTESIAN_POINT('',(1.375,6.09999999999996,0.390629089110397));
#6041=VECTOR('',#7042,1.0);
#6042=CARTESIAN_POINT('',(1.375,5.69999999999996,0.351681913339859));
#6043=VECTOR('',#7043,1.0);
#6044=CARTESIAN_POINT('',(1.625,6.09999999999996,0.390629089110397));
#6045=VECTOR('',#7044,1.0);
#6046=CARTESIAN_POINT('',(1.625,5.69999999999996,0.351681913339859));
#6047=VECTOR('',#7045,1.0);
#6048=CARTESIAN_POINT('',(1.625,2.99999999999996,1.43499948776198));
#6049=CARTESIAN_POINT('',(1.625,2.99999999999996,1.43499948776198));
#6050=VECTOR('',#7046,1.0);
#6051=CARTESIAN_POINT('',(1.625,2.99999999999996,1.91499948776197));
#6052=CARTESIAN_POINT('',(1.625,5.69999999999996,1.91499948776198));
#6053=VECTOR('',#7047,1.0);
#6054=CARTESIAN_POINT('',(1.625,2.99999999999996,1.81499948776197));
#6055=VECTOR('',#7048,1.0);
#6056=CARTESIAN_POINT('',(1.375,2.99999999999996,1.43499948776198));
#6057=CARTESIAN_POINT('',(1.375,2.99999999999996,1.43499948776198));
#6058=VECTOR('',#7049,1.0);
#6059=CARTESIAN_POINT('',(1.375,2.99999999999996,1.91499948776197));
#6060=CARTESIAN_POINT('',(1.375,2.99999999999996,1.91499948776197));
#6061=VECTOR('',#7050,1.0);
#6062=CARTESIAN_POINT('',(1.375,5.69999999999996,1.91499948776198));
#6063=VECTOR('',#7051,1.0);
#6064=CARTESIAN_POINT('',(1.625,2.99999999999996,1.43499948776198));
#6065=VECTOR('',#7052,1.0);
#6066=CARTESIAN_POINT('',(1.625,2.99999999999996,1.91499948776197));
#6067=VECTOR('',#7053,1.0);
#6068=CARTESIAN_POINT('',(0.375,5.94999999999996,-0.00535508834566598));
#6069=CARTESIAN_POINT('',(0.375,5.94999999999996,-0.655000512238025));
#6070=CARTESIAN_POINT('',(0.375,5.94999999999996,-0.00535508834566589));
#6071=VECTOR('',#7054,1.0);
#6072=CARTESIAN_POINT('',(0.625,5.94999999999996,-0.655000512238025));
#6073=CARTESIAN_POINT('',(0.625,5.94999999999996,-0.655000512238025));
#6074=VECTOR('',#7055,1.0);
#6075=CARTESIAN_POINT('',(0.625,5.94999999999996,-0.00535508834566598));
#6076=CARTESIAN_POINT('',(0.625,5.94999999999996,-0.00535508834566589));
#6077=VECTOR('',#7056,1.0);
#6078=CARTESIAN_POINT('',(0.625,5.94999999999996,-0.00535508834566598));
#6079=VECTOR('',#7057,1.0);
#6080=CARTESIAN_POINT('',(0.375,6.29999999999996,-0.655000512238025));
#6081=CARTESIAN_POINT('',(0.375,5.94999999999996,-0.655000512238025));
#6082=VECTOR('',#7058,1.0);
#6083=CARTESIAN_POINT('',(0.625,6.29999999999996,-0.655000512238025));
#6084=CARTESIAN_POINT('',(0.625,6.29999999999996,-0.655000512238025));
#6085=VECTOR('',#7059,1.0);
#6086=CARTESIAN_POINT('',(0.625,5.94999999999996,-0.655000512238025));
#6087=VECTOR('',#7060,1.0);
#6088=CARTESIAN_POINT('',(0.375,6.29999999999996,0.104999487761975));
#6089=CARTESIAN_POINT('',(0.375,6.29999999999996,-0.655000512238025));
#6090=VECTOR('',#7061,1.0);
#6091=CARTESIAN_POINT('',(0.625,6.29999999999996,0.104999487761975));
#6092=CARTESIAN_POINT('',(0.625,6.29999999999996,0.104999487761975));
#6093=VECTOR('',#7062,1.0);
#6094=CARTESIAN_POINT('',(0.625,6.29999999999996,-0.655000512238025));
#6095=VECTOR('',#7063,1.0);
#6096=CARTESIAN_POINT('',(0.375,6.09999999999996,0.390629089110397));
#6097=CARTESIAN_POINT('',(0.375,6.29999999999996,0.104999487761975));
#6098=VECTOR('',#7064,1.0);
#6099=CARTESIAN_POINT('',(0.625,6.09999999999996,0.390629089110397));
#6100=CARTESIAN_POINT('',(0.625,6.09999999999996,0.390629089110397));
#6101=VECTOR('',#7065,1.0);
#6102=CARTESIAN_POINT('',(0.625,6.29999999999996,0.104999487761975));
#6103=VECTOR('',#7066,1.0);
#6104=CARTESIAN_POINT('',(0.375,6.09999999999996,0.390629089110397));
#6105=VECTOR('',#7067,1.0);
#6106=CARTESIAN_POINT('',(0.375,5.69999999999996,0.351681913339859));
#6107=VECTOR('',#7068,1.0);
#6108=CARTESIAN_POINT('',(0.625,6.09999999999996,0.390629089110397));
#6109=VECTOR('',#7069,1.0);
#6110=CARTESIAN_POINT('',(0.625,5.69999999999996,0.351681913339859));
#6111=VECTOR('',#7070,1.0);
#6112=CARTESIAN_POINT('',(0.625,2.99999999999996,1.43499948776198));
#6113=CARTESIAN_POINT('',(0.625,2.99999999999996,1.43499948776198));
#6114=VECTOR('',#7071,1.0);
#6115=CARTESIAN_POINT('',(0.625,2.99999999999996,1.91499948776197));
#6116=CARTESIAN_POINT('',(0.625,5.69999999999996,1.91499948776198));
#6117=VECTOR('',#7072,1.0);
#6118=CARTESIAN_POINT('',(0.625,2.99999999999996,1.81499948776197));
#6119=VECTOR('',#7073,1.0);
#6120=CARTESIAN_POINT('',(0.375,2.99999999999996,1.43499948776198));
#6121=CARTESIAN_POINT('',(0.375,2.99999999999996,1.43499948776198));
#6122=VECTOR('',#7074,1.0);
#6123=CARTESIAN_POINT('',(0.375,2.99999999999996,1.91499948776197));
#6124=CARTESIAN_POINT('',(0.375,2.99999999999996,1.91499948776197));
#6125=VECTOR('',#7075,1.0);
#6126=CARTESIAN_POINT('',(0.375,5.69999999999996,1.91499948776198));
#6127=VECTOR('',#7076,1.0);
#6128=CARTESIAN_POINT('',(0.625,2.99999999999996,1.43499948776198));
#6129=VECTOR('',#7077,1.0);
#6130=CARTESIAN_POINT('',(0.625,2.99999999999996,1.91499948776197));
#6131=VECTOR('',#7078,1.0);
#6132=CARTESIAN_POINT('',(-0.625,5.94999999999996,-0.00535508834566598));
#6133=CARTESIAN_POINT('',(-0.625,5.94999999999996,-0.655000512238025));
#6134=CARTESIAN_POINT('',(-0.625,5.94999999999996,-0.00535508834566589));
#6135=VECTOR('',#7079,1.0);
#6136=CARTESIAN_POINT('',(-0.375,5.94999999999996,-0.655000512238025));
#6137=CARTESIAN_POINT('',(-0.375,5.94999999999996,-0.655000512238025));
#6138=VECTOR('',#7080,1.0);
#6139=CARTESIAN_POINT('',(-0.375,5.94999999999996,-0.00535508834566598));
#6140=CARTESIAN_POINT('',(-0.375,5.94999999999996,-0.00535508834566589));
#6141=VECTOR('',#7081,1.0);
#6142=CARTESIAN_POINT('',(-0.375,5.94999999999996,-0.00535508834566598));
#6143=VECTOR('',#7082,1.0);
#6144=CARTESIAN_POINT('',(-0.625,6.29999999999996,-0.655000512238025));
#6145=CARTESIAN_POINT('',(-0.625,5.94999999999996,-0.655000512238025));
#6146=VECTOR('',#7083,1.0);
#6147=CARTESIAN_POINT('',(-0.375,6.29999999999996,-0.655000512238025));
#6148=CARTESIAN_POINT('',(-0.375,6.29999999999996,-0.655000512238025));
#6149=VECTOR('',#7084,1.0);
#6150=CARTESIAN_POINT('',(-0.375,5.94999999999996,-0.655000512238025));
#6151=VECTOR('',#7085,1.0);
#6152=CARTESIAN_POINT('',(-0.625,6.29999999999996,0.104999487761975));
#6153=CARTESIAN_POINT('',(-0.625,6.29999999999996,-0.655000512238025));
#6154=VECTOR('',#7086,1.0);
#6155=CARTESIAN_POINT('',(-0.375,6.29999999999996,0.104999487761975));
#6156=CARTESIAN_POINT('',(-0.375,6.29999999999996,0.104999487761975));
#6157=VECTOR('',#7087,1.0);
#6158=CARTESIAN_POINT('',(-0.375,6.29999999999996,-0.655000512238025));
#6159=VECTOR('',#7088,1.0);
#6160=CARTESIAN_POINT('',(-0.625,6.09999999999996,0.390629089110397));
#6161=CARTESIAN_POINT('',(-0.625,6.29999999999996,0.104999487761975));
#6162=VECTOR('',#7089,1.0);
#6163=CARTESIAN_POINT('',(-0.375,6.09999999999996,0.390629089110397));
#6164=CARTESIAN_POINT('',(-0.375,6.09999999999996,0.390629089110397));
#6165=VECTOR('',#7090,1.0);
#6166=CARTESIAN_POINT('',(-0.375,6.29999999999996,0.104999487761975));
#6167=VECTOR('',#7091,1.0);
#6168=CARTESIAN_POINT('',(-0.625,6.09999999999996,0.390629089110397));
#6169=VECTOR('',#7092,1.0);
#6170=CARTESIAN_POINT('',(-0.625,5.69999999999996,0.351681913339859));
#6171=VECTOR('',#7093,1.0);
#6172=CARTESIAN_POINT('',(-0.375,6.09999999999996,0.390629089110397));
#6173=VECTOR('',#7094,1.0);
#6174=CARTESIAN_POINT('',(-0.375,5.69999999999996,0.351681913339859));
#6175=VECTOR('',#7095,1.0);
#6176=CARTESIAN_POINT('',(-0.375,2.99999999999996,1.43499948776198));
#6177=CARTESIAN_POINT('',(-0.375,2.99999999999996,1.43499948776198));
#6178=VECTOR('',#7096,1.0);
#6179=CARTESIAN_POINT('',(-0.375,2.99999999999996,1.91499948776197));
#6180=CARTESIAN_POINT('',(-0.375,5.69999999999996,1.91499948776198));
#6181=VECTOR('',#7097,1.0);
#6182=CARTESIAN_POINT('',(-0.375,2.99999999999996,1.81499948776197));
#6183=VECTOR('',#7098,1.0);
#6184=CARTESIAN_POINT('',(-0.625,2.99999999999996,1.43499948776198));
#6185=CARTESIAN_POINT('',(-0.625,2.99999999999996,1.43499948776198));
#6186=VECTOR('',#7099,1.0);
#6187=CARTESIAN_POINT('',(-0.625,2.99999999999996,1.91499948776197));
#6188=CARTESIAN_POINT('',(-0.625,2.99999999999996,1.91499948776197));
#6189=VECTOR('',#7100,1.0);
#6190=CARTESIAN_POINT('',(-0.625,5.69999999999996,1.91499948776198));
#6191=VECTOR('',#7101,1.0);
#6192=CARTESIAN_POINT('',(-0.375,2.99999999999996,1.43499948776198));
#6193=VECTOR('',#7102,1.0);
#6194=CARTESIAN_POINT('',(-0.375,2.99999999999996,1.91499948776197));
#6195=VECTOR('',#7103,1.0);
#6196=CARTESIAN_POINT('',(-1.625,5.94999999999996,-0.00535508834566598));
#6197=CARTESIAN_POINT('',(-1.625,5.94999999999996,-0.655000512238025));
#6198=CARTESIAN_POINT('',(-1.625,5.94999999999996,-0.00535508834566589));
#6199=VECTOR('',#7104,1.0);
#6200=CARTESIAN_POINT('',(-1.375,5.94999999999996,-0.655000512238025));
#6201=CARTESIAN_POINT('',(-1.375,5.94999999999996,-0.655000512238025));
#6202=VECTOR('',#7105,1.0);
#6203=CARTESIAN_POINT('',(-1.375,5.94999999999996,-0.00535508834566598));
#6204=CARTESIAN_POINT('',(-1.375,5.94999999999996,-0.00535508834566589));
#6205=VECTOR('',#7106,1.0);
#6206=CARTESIAN_POINT('',(-1.375,5.94999999999996,-0.00535508834566598));
#6207=VECTOR('',#7107,1.0);
#6208=CARTESIAN_POINT('',(-1.625,6.29999999999996,-0.655000512238025));
#6209=CARTESIAN_POINT('',(-1.625,5.94999999999996,-0.655000512238025));
#6210=VECTOR('',#7108,1.0);
#6211=CARTESIAN_POINT('',(-1.375,6.29999999999996,-0.655000512238025));
#6212=CARTESIAN_POINT('',(-1.375,6.29999999999996,-0.655000512238025));
#6213=VECTOR('',#7109,1.0);
#6214=CARTESIAN_POINT('',(-1.375,5.94999999999996,-0.655000512238025));
#6215=VECTOR('',#7110,1.0);
#6216=CARTESIAN_POINT('',(-1.625,6.29999999999996,0.104999487761975));
#6217=CARTESIAN_POINT('',(-1.625,6.29999999999996,-0.655000512238025));
#6218=VECTOR('',#7111,1.0);
#6219=CARTESIAN_POINT('',(-1.375,6.29999999999996,0.104999487761975));
#6220=CARTESIAN_POINT('',(-1.375,6.29999999999996,0.104999487761975));
#6221=VECTOR('',#7112,1.0);
#6222=CARTESIAN_POINT('',(-1.375,6.29999999999996,-0.655000512238025));
#6223=VECTOR('',#7113,1.0);
#6224=CARTESIAN_POINT('',(-1.625,6.09999999999996,0.390629089110397));
#6225=CARTESIAN_POINT('',(-1.625,6.29999999999996,0.104999487761975));
#6226=VECTOR('',#7114,1.0);
#6227=CARTESIAN_POINT('',(-1.375,6.09999999999996,0.390629089110397));
#6228=CARTESIAN_POINT('',(-1.375,6.09999999999996,0.390629089110397));
#6229=VECTOR('',#7115,1.0);
#6230=CARTESIAN_POINT('',(-1.375,6.29999999999996,0.104999487761975));
#6231=VECTOR('',#7116,1.0);
#6232=CARTESIAN_POINT('',(-1.625,6.09999999999996,0.390629089110397));
#6233=VECTOR('',#7117,1.0);
#6234=CARTESIAN_POINT('',(-1.625,5.69999999999996,0.351681913339859));
#6235=VECTOR('',#7118,1.0);
#6236=CARTESIAN_POINT('',(-1.375,6.09999999999996,0.390629089110397));
#6237=VECTOR('',#7119,1.0);
#6238=CARTESIAN_POINT('',(-1.375,5.69999999999996,0.351681913339859));
#6239=VECTOR('',#7120,1.0);
#6240=CARTESIAN_POINT('',(-1.375,2.99999999999996,1.43499948776198));
#6241=CARTESIAN_POINT('',(-1.375,2.99999999999996,1.43499948776198));
#6242=VECTOR('',#7121,1.0);
#6243=CARTESIAN_POINT('',(-1.375,2.99999999999996,1.91499948776197));
#6244=CARTESIAN_POINT('',(-1.375,5.69999999999996,1.91499948776198));
#6245=VECTOR('',#7122,1.0);
#6246=CARTESIAN_POINT('',(-1.375,2.99999999999996,1.81499948776197));
#6247=VECTOR('',#7123,1.0);
#6248=CARTESIAN_POINT('',(-1.625,2.99999999999996,1.43499948776198));
#6249=CARTESIAN_POINT('',(-1.625,2.99999999999996,1.43499948776198));
#6250=VECTOR('',#7124,1.0);
#6251=CARTESIAN_POINT('',(-1.625,2.99999999999996,1.91499948776197));
#6252=CARTESIAN_POINT('',(-1.625,2.99999999999996,1.91499948776197));
#6253=VECTOR('',#7125,1.0);
#6254=CARTESIAN_POINT('',(-1.625,5.69999999999996,1.91499948776198));
#6255=VECTOR('',#7126,1.0);
#6256=CARTESIAN_POINT('',(-1.375,2.99999999999996,1.43499948776198));
#6257=VECTOR('',#7127,1.0);
#6258=CARTESIAN_POINT('',(-1.375,2.99999999999996,1.91499948776197));
#6259=VECTOR('',#7128,1.0);
#6260=CARTESIAN_POINT('',(-2.625,5.94999999999996,-0.00535508834566598));
#6261=CARTESIAN_POINT('',(-2.625,5.94999999999996,-0.655000512238025));
#6262=CARTESIAN_POINT('',(-2.625,5.94999999999996,-0.00535508834566589));
#6263=VECTOR('',#7129,1.0);
#6264=CARTESIAN_POINT('',(-2.375,5.94999999999996,-0.655000512238025));
#6265=CARTESIAN_POINT('',(-2.375,5.94999999999996,-0.655000512238025));
#6266=VECTOR('',#7130,1.0);
#6267=CARTESIAN_POINT('',(-2.375,5.94999999999996,-0.00535508834566598));
#6268=CARTESIAN_POINT('',(-2.375,5.94999999999996,-0.00535508834566589));
#6269=VECTOR('',#7131,1.0);
#6270=CARTESIAN_POINT('',(-2.375,5.94999999999996,-0.00535508834566598));
#6271=VECTOR('',#7132,1.0);
#6272=CARTESIAN_POINT('',(-2.625,6.29999999999996,-0.655000512238025));
#6273=CARTESIAN_POINT('',(-2.625,5.94999999999996,-0.655000512238025));
#6274=VECTOR('',#7133,1.0);
#6275=CARTESIAN_POINT('',(-2.375,6.29999999999996,-0.655000512238025));
#6276=CARTESIAN_POINT('',(-2.375,6.29999999999996,-0.655000512238025));
#6277=VECTOR('',#7134,1.0);
#6278=CARTESIAN_POINT('',(-2.375,5.94999999999996,-0.655000512238025));
#6279=VECTOR('',#7135,1.0);
#6280=CARTESIAN_POINT('',(-2.625,6.29999999999996,0.104999487761975));
#6281=CARTESIAN_POINT('',(-2.625,6.29999999999996,-0.655000512238025));
#6282=VECTOR('',#7136,1.0);
#6283=CARTESIAN_POINT('',(-2.375,6.29999999999996,0.104999487761975));
#6284=CARTESIAN_POINT('',(-2.375,6.29999999999996,0.104999487761975));
#6285=VECTOR('',#7137,1.0);
#6286=CARTESIAN_POINT('',(-2.375,6.29999999999996,-0.655000512238025));
#6287=VECTOR('',#7138,1.0);
#6288=CARTESIAN_POINT('',(-2.625,6.09999999999996,0.390629089110397));
#6289=CARTESIAN_POINT('',(-2.625,6.29999999999996,0.104999487761975));
#6290=VECTOR('',#7139,1.0);
#6291=CARTESIAN_POINT('',(-2.375,6.09999999999996,0.390629089110397));
#6292=CARTESIAN_POINT('',(-2.375,6.09999999999996,0.390629089110397));
#6293=VECTOR('',#7140,1.0);
#6294=CARTESIAN_POINT('',(-2.375,6.29999999999996,0.104999487761975));
#6295=VECTOR('',#7141,1.0);
#6296=CARTESIAN_POINT('',(-2.625,6.09999999999996,0.390629089110397));
#6297=VECTOR('',#7142,1.0);
#6298=CARTESIAN_POINT('',(-2.625,5.69999999999996,0.351681913339859));
#6299=VECTOR('',#7143,1.0);
#6300=CARTESIAN_POINT('',(-2.375,6.09999999999996,0.390629089110397));
#6301=VECTOR('',#7144,1.0);
#6302=CARTESIAN_POINT('',(-2.375,5.69999999999996,0.351681913339859));
#6303=VECTOR('',#7145,1.0);
#6304=CARTESIAN_POINT('',(-2.375,2.99999999999996,1.43499948776198));
#6305=CARTESIAN_POINT('',(-2.375,2.99999999999996,1.43499948776198));
#6306=VECTOR('',#7146,1.0);
#6307=CARTESIAN_POINT('',(-2.375,2.99999999999996,1.91499948776197));
#6308=CARTESIAN_POINT('',(-2.375,5.69999999999996,1.91499948776198));
#6309=VECTOR('',#7147,1.0);
#6310=CARTESIAN_POINT('',(-2.375,2.99999999999996,1.81499948776197));
#6311=VECTOR('',#7148,1.0);
#6312=CARTESIAN_POINT('',(-2.625,2.99999999999996,1.43499948776198));
#6313=CARTESIAN_POINT('',(-2.625,2.99999999999996,1.43499948776198));
#6314=VECTOR('',#7149,1.0);
#6315=CARTESIAN_POINT('',(-2.625,2.99999999999996,1.91499948776197));
#6316=CARTESIAN_POINT('',(-2.625,2.99999999999996,1.91499948776197));
#6317=VECTOR('',#7150,1.0);
#6318=CARTESIAN_POINT('',(-2.625,5.69999999999996,1.91499948776198));
#6319=VECTOR('',#7151,1.0);
#6320=CARTESIAN_POINT('',(-2.375,2.99999999999996,1.43499948776198));
#6321=VECTOR('',#7152,1.0);
#6322=CARTESIAN_POINT('',(-2.375,2.99999999999996,1.91499948776197));
#6323=VECTOR('',#7153,1.0);
#6324=CARTESIAN_POINT('',(-3.625,5.94999999999996,-0.00535508834566598));
#6325=CARTESIAN_POINT('',(-3.625,5.94999999999996,-0.655000512238025));
#6326=CARTESIAN_POINT('',(-3.625,5.94999999999996,-0.00535508834566589));
#6327=VECTOR('',#7154,1.0);
#6328=CARTESIAN_POINT('',(-3.375,5.94999999999996,-0.655000512238025));
#6329=CARTESIAN_POINT('',(-3.375,5.94999999999996,-0.655000512238025));
#6330=VECTOR('',#7155,1.0);
#6331=CARTESIAN_POINT('',(-3.375,5.94999999999996,-0.00535508834566598));
#6332=CARTESIAN_POINT('',(-3.375,5.94999999999996,-0.00535508834566589));
#6333=VECTOR('',#7156,1.0);
#6334=CARTESIAN_POINT('',(-3.375,5.94999999999996,-0.00535508834566598));
#6335=VECTOR('',#7157,1.0);
#6336=CARTESIAN_POINT('',(-3.625,6.29999999999996,-0.655000512238025));
#6337=CARTESIAN_POINT('',(-3.625,5.94999999999996,-0.655000512238025));
#6338=VECTOR('',#7158,1.0);
#6339=CARTESIAN_POINT('',(-3.375,6.29999999999996,-0.655000512238025));
#6340=CARTESIAN_POINT('',(-3.375,6.29999999999996,-0.655000512238025));
#6341=VECTOR('',#7159,1.0);
#6342=CARTESIAN_POINT('',(-3.375,5.94999999999996,-0.655000512238025));
#6343=VECTOR('',#7160,1.0);
#6344=CARTESIAN_POINT('',(-3.625,6.29999999999996,0.104999487761975));
#6345=CARTESIAN_POINT('',(-3.625,6.29999999999996,-0.655000512238025));
#6346=VECTOR('',#7161,1.0);
#6347=CARTESIAN_POINT('',(-3.375,6.29999999999996,0.104999487761975));
#6348=CARTESIAN_POINT('',(-3.375,6.29999999999996,0.104999487761975));
#6349=VECTOR('',#7162,1.0);
#6350=CARTESIAN_POINT('',(-3.375,6.29999999999996,-0.655000512238025));
#6351=VECTOR('',#7163,1.0);
#6352=CARTESIAN_POINT('',(-3.625,6.09999999999996,0.390629089110397));
#6353=CARTESIAN_POINT('',(-3.625,6.29999999999996,0.104999487761975));
#6354=VECTOR('',#7164,1.0);
#6355=CARTESIAN_POINT('',(-3.375,6.09999999999996,0.390629089110397));
#6356=CARTESIAN_POINT('',(-3.375,6.09999999999996,0.390629089110397));
#6357=VECTOR('',#7165,1.0);
#6358=CARTESIAN_POINT('',(-3.375,6.29999999999996,0.104999487761975));
#6359=VECTOR('',#7166,1.0);
#6360=CARTESIAN_POINT('',(-3.625,6.09999999999996,0.390629089110397));
#6361=VECTOR('',#7167,1.0);
#6362=CARTESIAN_POINT('',(-3.625,5.69999999999996,0.351681913339859));
#6363=VECTOR('',#7168,1.0);
#6364=CARTESIAN_POINT('',(-3.375,6.09999999999996,0.390629089110397));
#6365=VECTOR('',#7169,1.0);
#6366=CARTESIAN_POINT('',(-3.375,5.69999999999996,0.351681913339859));
#6367=VECTOR('',#7170,1.0);
#6368=CARTESIAN_POINT('',(-3.375,2.99999999999996,1.43499948776198));
#6369=CARTESIAN_POINT('',(-3.375,2.99999999999996,1.43499948776198));
#6370=VECTOR('',#7171,1.0);
#6371=CARTESIAN_POINT('',(-3.375,2.99999999999996,1.91499948776197));
#6372=CARTESIAN_POINT('',(-3.375,5.69999999999996,1.91499948776198));
#6373=VECTOR('',#7172,1.0);
#6374=CARTESIAN_POINT('',(-3.375,2.99999999999996,1.81499948776197));
#6375=VECTOR('',#7173,1.0);
#6376=CARTESIAN_POINT('',(-3.625,2.99999999999996,1.43499948776198));
#6377=CARTESIAN_POINT('',(-3.625,2.99999999999996,1.43499948776198));
#6378=VECTOR('',#7174,1.0);
#6379=CARTESIAN_POINT('',(-3.625,2.99999999999996,1.91499948776197));
#6380=CARTESIAN_POINT('',(-3.625,2.99999999999996,1.91499948776197));
#6381=VECTOR('',#7175,1.0);
#6382=CARTESIAN_POINT('',(-3.625,5.69999999999996,1.91499948776198));
#6383=VECTOR('',#7176,1.0);
#6384=CARTESIAN_POINT('',(-3.375,2.99999999999996,1.43499948776198));
#6385=VECTOR('',#7177,1.0);
#6386=CARTESIAN_POINT('',(-3.375,2.99999999999996,1.91499948776197));
#6387=VECTOR('',#7178,1.0);
#6388=CARTESIAN_POINT('',(-4.625,5.94999999999996,-0.00535508834566598));
#6389=CARTESIAN_POINT('',(-4.625,5.94999999999996,-0.655000512238025));
#6390=CARTESIAN_POINT('',(-4.625,5.94999999999996,-0.00535508834566589));
#6391=VECTOR('',#7179,1.0);
#6392=CARTESIAN_POINT('',(-4.375,5.94999999999996,-0.655000512238025));
#6393=CARTESIAN_POINT('',(-4.375,5.94999999999996,-0.655000512238025));
#6394=VECTOR('',#7180,1.0);
#6395=CARTESIAN_POINT('',(-4.375,5.94999999999996,-0.00535508834566598));
#6396=CARTESIAN_POINT('',(-4.375,5.94999999999996,-0.00535508834566589));
#6397=VECTOR('',#7181,1.0);
#6398=CARTESIAN_POINT('',(-4.375,5.94999999999996,-0.00535508834566598));
#6399=VECTOR('',#7182,1.0);
#6400=CARTESIAN_POINT('',(-4.625,6.29999999999996,-0.655000512238025));
#6401=CARTESIAN_POINT('',(-4.625,5.94999999999996,-0.655000512238025));
#6402=VECTOR('',#7183,1.0);
#6403=CARTESIAN_POINT('',(-4.375,6.29999999999996,-0.655000512238025));
#6404=CARTESIAN_POINT('',(-4.375,6.29999999999996,-0.655000512238025));
#6405=VECTOR('',#7184,1.0);
#6406=CARTESIAN_POINT('',(-4.375,5.94999999999996,-0.655000512238025));
#6407=VECTOR('',#7185,1.0);
#6408=CARTESIAN_POINT('',(-4.625,6.29999999999996,0.104999487761975));
#6409=CARTESIAN_POINT('',(-4.625,6.29999999999996,-0.655000512238025));
#6410=VECTOR('',#7186,1.0);
#6411=CARTESIAN_POINT('',(-4.375,6.29999999999996,0.104999487761975));
#6412=CARTESIAN_POINT('',(-4.375,6.29999999999996,0.104999487761975));
#6413=VECTOR('',#7187,1.0);
#6414=CARTESIAN_POINT('',(-4.375,6.29999999999996,-0.655000512238025));
#6415=VECTOR('',#7188,1.0);
#6416=CARTESIAN_POINT('',(-4.625,6.09999999999996,0.390629089110397));
#6417=CARTESIAN_POINT('',(-4.625,6.29999999999996,0.104999487761975));
#6418=VECTOR('',#7189,1.0);
#6419=CARTESIAN_POINT('',(-4.375,6.09999999999996,0.390629089110397));
#6420=CARTESIAN_POINT('',(-4.375,6.09999999999996,0.390629089110397));
#6421=VECTOR('',#7190,1.0);
#6422=CARTESIAN_POINT('',(-4.375,6.29999999999996,0.104999487761975));
#6423=VECTOR('',#7191,1.0);
#6424=CARTESIAN_POINT('',(-4.625,6.09999999999996,0.390629089110397));
#6425=VECTOR('',#7192,1.0);
#6426=CARTESIAN_POINT('',(-4.625,5.69999999999996,0.351681913339859));
#6427=VECTOR('',#7193,1.0);
#6428=CARTESIAN_POINT('',(-4.375,6.09999999999996,0.390629089110397));
#6429=VECTOR('',#7194,1.0);
#6430=CARTESIAN_POINT('',(-4.375,5.69999999999996,0.351681913339859));
#6431=VECTOR('',#7195,1.0);
#6432=CARTESIAN_POINT('',(-4.375,2.99999999999996,1.43499948776198));
#6433=CARTESIAN_POINT('',(-4.375,2.99999999999996,1.43499948776198));
#6434=VECTOR('',#7196,1.0);
#6435=CARTESIAN_POINT('',(-4.375,2.99999999999996,1.91499948776197));
#6436=CARTESIAN_POINT('',(-4.375,5.69999999999996,1.91499948776198));
#6437=VECTOR('',#7197,1.0);
#6438=CARTESIAN_POINT('',(-4.375,2.99999999999996,1.81499948776197));
#6439=VECTOR('',#7198,1.0);
#6440=CARTESIAN_POINT('',(-4.625,2.99999999999996,1.43499948776198));
#6441=CARTESIAN_POINT('',(-4.625,2.99999999999996,1.43499948776198));
#6442=VECTOR('',#7199,1.0);
#6443=CARTESIAN_POINT('',(-4.625,2.99999999999996,1.91499948776197));
#6444=CARTESIAN_POINT('',(-4.625,2.99999999999996,1.91499948776197));
#6445=VECTOR('',#7200,1.0);
#6446=CARTESIAN_POINT('',(-4.625,5.69999999999996,1.91499948776198));
#6447=VECTOR('',#7201,1.0);
#6448=CARTESIAN_POINT('',(-4.375,2.99999999999996,1.43499948776198));
#6449=VECTOR('',#7202,1.0);
#6450=CARTESIAN_POINT('',(-4.375,2.99999999999996,1.91499948776197));
#6451=VECTOR('',#7203,1.0);
#6452=CARTESIAN_POINT('',(-5.625,5.94999999999996,-0.00535508834566598));
#6453=CARTESIAN_POINT('',(-5.625,5.94999999999996,-0.655000512238025));
#6454=CARTESIAN_POINT('',(-5.625,5.94999999999996,-0.00535508834566589));
#6455=VECTOR('',#7204,1.0);
#6456=CARTESIAN_POINT('',(-5.375,5.94999999999996,-0.655000512238025));
#6457=CARTESIAN_POINT('',(-5.375,5.94999999999996,-0.655000512238025));
#6458=VECTOR('',#7205,1.0);
#6459=CARTESIAN_POINT('',(-5.375,5.94999999999996,-0.00535508834566598));
#6460=CARTESIAN_POINT('',(-5.375,5.94999999999996,-0.00535508834566589));
#6461=VECTOR('',#7206,1.0);
#6462=CARTESIAN_POINT('',(-5.375,5.94999999999996,-0.00535508834566598));
#6463=VECTOR('',#7207,1.0);
#6464=CARTESIAN_POINT('',(-5.625,6.29999999999996,-0.655000512238025));
#6465=CARTESIAN_POINT('',(-5.625,5.94999999999996,-0.655000512238025));
#6466=VECTOR('',#7208,1.0);
#6467=CARTESIAN_POINT('',(-5.375,6.29999999999996,-0.655000512238025));
#6468=CARTESIAN_POINT('',(-5.375,6.29999999999996,-0.655000512238025));
#6469=VECTOR('',#7209,1.0);
#6470=CARTESIAN_POINT('',(-5.375,5.94999999999996,-0.655000512238025));
#6471=VECTOR('',#7210,1.0);
#6472=CARTESIAN_POINT('',(-5.625,6.29999999999996,0.104999487761975));
#6473=CARTESIAN_POINT('',(-5.625,6.29999999999996,-0.655000512238025));
#6474=VECTOR('',#7211,1.0);
#6475=CARTESIAN_POINT('',(-5.375,6.29999999999996,0.104999487761975));
#6476=CARTESIAN_POINT('',(-5.375,6.29999999999996,0.104999487761975));
#6477=VECTOR('',#7212,1.0);
#6478=CARTESIAN_POINT('',(-5.375,6.29999999999996,-0.655000512238025));
#6479=VECTOR('',#7213,1.0);
#6480=CARTESIAN_POINT('',(-5.625,6.09999999999996,0.390629089110397));
#6481=CARTESIAN_POINT('',(-5.625,6.29999999999996,0.104999487761975));
#6482=VECTOR('',#7214,1.0);
#6483=CARTESIAN_POINT('',(-5.375,6.09999999999996,0.390629089110397));
#6484=CARTESIAN_POINT('',(-5.375,6.09999999999996,0.390629089110397));
#6485=VECTOR('',#7215,1.0);
#6486=CARTESIAN_POINT('',(-5.375,6.29999999999996,0.104999487761975));
#6487=VECTOR('',#7216,1.0);
#6488=CARTESIAN_POINT('',(-5.625,6.09999999999996,0.390629089110397));
#6489=VECTOR('',#7217,1.0);
#6490=CARTESIAN_POINT('',(-5.625,5.69999999999996,0.351681913339859));
#6491=VECTOR('',#7218,1.0);
#6492=CARTESIAN_POINT('',(-5.375,6.09999999999996,0.390629089110397));
#6493=VECTOR('',#7219,1.0);
#6494=CARTESIAN_POINT('',(-5.375,5.69999999999996,0.351681913339859));
#6495=VECTOR('',#7220,1.0);
#6496=CARTESIAN_POINT('',(-5.375,2.99999999999996,1.43499948776198));
#6497=CARTESIAN_POINT('',(-5.375,2.99999999999996,1.43499948776198));
#6498=VECTOR('',#7221,1.0);
#6499=CARTESIAN_POINT('',(-5.375,2.99999999999996,1.91499948776197));
#6500=CARTESIAN_POINT('',(-5.375,5.69999999999996,1.91499948776198));
#6501=VECTOR('',#7222,1.0);
#6502=CARTESIAN_POINT('',(-5.375,2.99999999999996,1.81499948776197));
#6503=VECTOR('',#7223,1.0);
#6504=CARTESIAN_POINT('',(-5.625,2.99999999999996,1.43499948776198));
#6505=CARTESIAN_POINT('',(-5.625,2.99999999999996,1.43499948776198));
#6506=VECTOR('',#7224,1.0);
#6507=CARTESIAN_POINT('',(-5.625,2.99999999999996,1.91499948776197));
#6508=CARTESIAN_POINT('',(-5.625,2.99999999999996,1.91499948776197));
#6509=VECTOR('',#7225,1.0);
#6510=CARTESIAN_POINT('',(-5.625,5.69999999999996,1.91499948776198));
#6511=VECTOR('',#7226,1.0);
#6512=CARTESIAN_POINT('',(-5.375,2.99999999999996,1.43499948776198));
#6513=VECTOR('',#7227,1.0);
#6514=CARTESIAN_POINT('',(-5.375,2.99999999999996,1.91499948776197));
#6515=VECTOR('',#7228,1.0);
#6516=CARTESIAN_POINT('',(6.52,6.1,2.845));
#6517=CARTESIAN_POINT('',(6.52,6.1,2.845));
#6518=VECTOR('',#7229,1.0);
#6519=CARTESIAN_POINT('',(6.52,6.1,1.745));
#6520=CARTESIAN_POINT('',(6.52,6.1,1.745));
#6521=VECTOR('',#7230,1.0);
#6522=CARTESIAN_POINT('',(6.52,6.1,1.745));
#6523=VECTOR('',#7231,1.0);
#6524=CARTESIAN_POINT('',(6.723,6.097,1.745));
#6525=CARTESIAN_POINT('',(6.723,5.9,1.745));
#6526=VECTOR('',#7232,1.0);
#6527=CARTESIAN_POINT('',(6.723,6.097,2.845));
#6528=CARTESIAN_POINT('',(6.723,6.097,1.745));
#6529=VECTOR('',#7233,1.0);
#6530=CARTESIAN_POINT('',(6.723,5.9,2.845));
#6531=VECTOR('',#7234,1.0);
#6532=CARTESIAN_POINT('',(6.72,6.3,1.745));
#6533=AXIS2_PLACEMENT_3D('',#7235,#7236,#7237);
#6534=CARTESIAN_POINT('',(7.12,6.3,1.745));
#6535=CARTESIAN_POINT('',(7.12,6.3,1.745));
#6536=VECTOR('',#7238,1.0);
#6537=CARTESIAN_POINT('',(7.12,6.097,1.745));
#6538=CARTESIAN_POINT('',(7.12,6.097,1.745));
#6539=VECTOR('',#7239,1.0);
#6540=CARTESIAN_POINT('',(6.723,6.097,1.745));
#6541=VECTOR('',#7240,1.0);
#6542=CARTESIAN_POINT('',(7.12,6.097,2.845));
#6543=CARTESIAN_POINT('',(6.723,6.097,2.845));
#6544=VECTOR('',#7241,1.0);
#6545=CARTESIAN_POINT('',(7.12,6.3,2.845));
#6546=CARTESIAN_POINT('',(7.12,6.097,2.845));
#6547=VECTOR('',#7242,1.0);
#6548=CARTESIAN_POINT('',(6.72,6.3,2.845));
#6549=CARTESIAN_POINT('',(7.12,6.3,2.845));
#6550=VECTOR('',#7243,1.0);
#6551=AXIS2_PLACEMENT_3D('',#7244,#7245,#7246);
#6552=CARTESIAN_POINT('',(7.12,6.097,1.745));
#6553=VECTOR('',#7247,1.0);
#6554=CARTESIAN_POINT('',(7.12,6.3,1.745));
#6555=VECTOR('',#7248,1.0);
#6556=CARTESIAN_POINT('',(6.72,6.3,1.745));
#6557=VECTOR('',#7249,1.0);
#6558=CARTESIAN_POINT('',(-6.723,6.097,2.845));
#6559=CARTESIAN_POINT('',(-6.723,6.097,2.845));
#6560=VECTOR('',#7250,1.0);
#6561=CARTESIAN_POINT('',(-6.723,6.097,1.745));
#6562=CARTESIAN_POINT('',(-6.723,6.097,1.745));
#6563=VECTOR('',#7251,1.0);
#6564=CARTESIAN_POINT('',(-6.723,6.097,1.745));
#6565=VECTOR('',#7252,1.0);
#6566=CARTESIAN_POINT('',(-6.52,6.1,1.745));
#6567=CARTESIAN_POINT('',(-6.52,5.9,1.745));
#6568=VECTOR('',#7253,1.0);
#6569=CARTESIAN_POINT('',(-6.52,6.1,2.845));
#6570=CARTESIAN_POINT('',(-6.52,6.1,1.745));
#6571=VECTOR('',#7254,1.0);
#6572=CARTESIAN_POINT('',(-6.52,5.9,2.845));
#6573=VECTOR('',#7255,1.0);
#6574=CARTESIAN_POINT('',(-7.12,6.097,1.745));
#6575=CARTESIAN_POINT('',(-7.12,6.097,1.745));
#6576=VECTOR('',#7256,1.0);
#6577=CARTESIAN_POINT('',(-7.12,6.3,1.745));
#6578=CARTESIAN_POINT('',(-7.12,6.3,1.745));
#6579=VECTOR('',#7257,1.0);
#6580=CARTESIAN_POINT('',(-6.72,6.3,1.745));
#6581=CARTESIAN_POINT('',(-6.72,6.3,1.745));
#6582=VECTOR('',#7258,1.0);
#6583=AXIS2_PLACEMENT_3D('',#7259,#7260,#7261);
#6584=CARTESIAN_POINT('',(-6.72,6.3,2.845));
#6585=AXIS2_PLACEMENT_3D('',#7262,#7263,#7264);
#6586=CARTESIAN_POINT('',(-7.12,6.3,2.845));
#6587=CARTESIAN_POINT('',(-6.72,6.3,2.845));
#6588=VECTOR('',#7265,1.0);
#6589=CARTESIAN_POINT('',(-7.12,6.097,2.845));
#6590=CARTESIAN_POINT('',(-7.12,6.3,2.845));
#6591=VECTOR('',#7266,1.0);
#6592=CARTESIAN_POINT('',(-7.12,6.097,2.845));
#6593=VECTOR('',#7267,1.0);
#6594=CARTESIAN_POINT('',(-7.12,6.3,1.745));
#6595=VECTOR('',#7268,1.0);
#6596=CARTESIAN_POINT('',(-7.12,6.097,1.745));
#6597=VECTOR('',#7269,1.0);
#6598=CARTESIAN_POINT('',(-6.72,6.3,1.745));
#6599=VECTOR('',#7270,1.0);
#6600=CARTESIAN_POINT('',(-2.5,0.89,-0.320000000000003));
#6601=CARTESIAN_POINT('',(-2.5,0.89,4.68));
#6602=CARTESIAN_POINT('',(-2.5,0.89,4.68));
#6603=VECTOR('',#7271,1.0);
#6604=CARTESIAN_POINT('',(-2.5,0.76,-0.320000000000003));
#6605=CARTESIAN_POINT('',(-2.5,0.76,-0.320000000000003));
#6606=VECTOR('',#7272,1.0);
#6607=CARTESIAN_POINT('',(-2.5,0.76,4.68));
#6608=CARTESIAN_POINT('',(-2.5,0.76,4.68));
#6609=VECTOR('',#7273,1.0);
#6610=CARTESIAN_POINT('',(-2.5,0.76,4.68));
#6611=VECTOR('',#7274,1.0);
#6612=CARTESIAN_POINT('',(2.5,0.89,-0.320000000000003));
#6613=CARTESIAN_POINT('',(-2.5,0.89,-0.320000000000003));
#6614=VECTOR('',#7275,1.0);
#6615=CARTESIAN_POINT('',(2.5,0.76,-0.320000000000003));
#6616=CARTESIAN_POINT('',(2.5,0.76,-0.320000000000003));
#6617=VECTOR('',#7276,1.0);
#6618=CARTESIAN_POINT('',(-2.5,0.76,-0.320000000000003));
#6619=VECTOR('',#7277,1.0);
#6620=CARTESIAN_POINT('',(2.5,0.89,4.68));
#6621=CARTESIAN_POINT('',(2.5,0.89,-0.320000000000003));
#6622=VECTOR('',#7278,1.0);
#6623=CARTESIAN_POINT('',(2.5,0.76,4.68));
#6624=CARTESIAN_POINT('',(2.5,0.76,4.68));
#6625=VECTOR('',#7279,1.0);
#6626=CARTESIAN_POINT('',(2.5,0.76,-0.320000000000003));
#6627=VECTOR('',#7280,1.0);
#6628=CARTESIAN_POINT('',(2.5,0.89,4.68));
#6629=VECTOR('',#7281,1.0);
#6630=CARTESIAN_POINT('',(2.5,0.76,4.68));
#6631=VECTOR('',#7282,1.0);
#6632=DIRECTION('',(1.0,0.0,0.0));
#6633=DIRECTION('',(0.0,0.0,-1.0));
#6634=DIRECTION('',(-1.0,0.0,0.0));
#6635=DIRECTION('',(0.0,0.0,1.0));
#6636=DIRECTION('',(-1.0,0.0,0.0));
#6637=DIRECTION('',(0.0,0.0,1.0));
#6638=DIRECTION('',(-1.0,0.0,0.0));
#6639=DIRECTION('',(0.0,0.0,-1.0));
#6640=DIRECTION('',(1.0,0.0,0.0));
#6641=DIRECTION('',(0.0,0.0,1.0));
#6642=DIRECTION('',(-1.0,0.0,0.0));
#6643=DIRECTION('',(0.0,0.0,-1.0));
#6644=DIRECTION('',(-1.0,0.0,0.0));
#6645=DIRECTION('',(0.0,0.0,1.0));
#6646=DIRECTION('',(-1.0,0.0,0.0));
#6647=DIRECTION('',(0.0,0.0,-1.0));
#6648=DIRECTION('',(0.0,0.0,1.0));
#6649=DIRECTION('',(-1.0,0.0,0.0));
#6650=DIRECTION('',(0.0,0.0,1.0));
#6651=DIRECTION('',(1.0,0.0,0.0));
#6652=DIRECTION('',(0.0,0.0,1.0));
#6653=DIRECTION('',(-1.0,0.0,0.0));
#6654=DIRECTION('',(0.0,0.0,1.0));
#6655=DIRECTION('',(1.0,0.0,0.0));
#6656=DIRECTION('',(0.0,0.0,1.0));
#6657=DIRECTION('',(-1.0,0.0,0.0));
#6658=DIRECTION('',(0.0,0.0,1.0));
#6659=DIRECTION('',(1.0,0.0,0.0));
#6660=DIRECTION('',(0.0,0.0,1.0));
#6661=DIRECTION('',(-1.0,0.0,0.0));
#6662=DIRECTION('',(0.0,0.0,1.0));
#6663=DIRECTION('',(1.0,0.0,0.0));
#6664=DIRECTION('',(0.0,0.0,1.0));
#6665=DIRECTION('',(-1.0,0.0,0.0));
#6666=DIRECTION('',(0.0,0.0,1.0));
#6667=DIRECTION('',(1.0,0.0,0.0));
#6668=DIRECTION('',(0.0,0.0,1.0));
#6669=DIRECTION('',(-1.0,0.0,0.0));
#6670=DIRECTION('',(0.0,0.0,1.0));
#6671=DIRECTION('',(1.0,0.0,0.0));
#6672=DIRECTION('',(0.0,0.0,1.0));
#6673=DIRECTION('',(-1.0,0.0,0.0));
#6674=DIRECTION('',(0.0,0.0,1.0));
#6675=DIRECTION('',(1.0,0.0,0.0));
#6676=DIRECTION('',(0.0,0.0,1.0));
#6677=DIRECTION('',(-1.0,0.0,0.0));
#6678=DIRECTION('',(0.0,0.0,1.0));
#6679=DIRECTION('',(1.0,0.0,0.0));
#6680=DIRECTION('',(0.0,0.0,1.0));
#6681=DIRECTION('',(-1.0,0.0,0.0));
#6682=DIRECTION('',(0.0,0.0,1.0));
#6683=DIRECTION('',(1.0,0.0,0.0));
#6684=DIRECTION('',(0.0,0.0,1.0));
#6685=DIRECTION('',(-1.0,0.0,0.0));
#6686=DIRECTION('',(0.0,0.0,1.0));
#6687=DIRECTION('',(1.0,0.0,0.0));
#6688=DIRECTION('',(0.0,0.0,1.0));
#6689=DIRECTION('',(-1.0,0.0,0.0));
#6690=DIRECTION('',(0.0,0.0,1.0));
#6691=DIRECTION('',(1.0,0.0,0.0));
#6692=DIRECTION('',(0.0,0.0,1.0));
#6693=DIRECTION('',(-1.0,0.0,0.0));
#6694=DIRECTION('',(0.0,0.0,1.0));
#6695=DIRECTION('',(1.0,0.0,0.0));
#6696=DIRECTION('',(-1.0,0.0,0.0));
#6697=DIRECTION('',(0.0,-6.19544098563146E-16,1.0));
#6698=DIRECTION('',(1.0,0.0,7.03266274044652E-16));
#6699=DIRECTION('',(-1.39397422176715E-15,0.0,1.0));
#6700=DIRECTION('',(1.0,0.0,0.0));
#6701=DIRECTION('',(0.0,0.0,1.0));
#6702=DIRECTION('',(-1.0,0.0,0.0));
#6703=DIRECTION('',(0.0,0.0,-1.0));
#6704=DIRECTION('',(-1.0,0.0,-1.54886024640786E-15));
#6705=DIRECTION('',(0.0,0.0,1.0));
#6706=DIRECTION('',(-1.0,0.0,0.0));
#6707=DIRECTION('',(0.0,0.0,-1.0));
#6708=DIRECTION('',(1.0,0.0,0.0));
#6709=DIRECTION('',(1.54886024640795E-15,0.0,-1.0));
#6710=DIRECTION('',(1.0,0.0,7.03266274044652E-16));
#6711=DIRECTION('',(0.0,-6.19544098563146E-16,1.0));
#6712=DIRECTION('',(1.0,0.0,0.0));
#6713=DIRECTION('',(0.0,-1.0,0.0));
#6714=DIRECTION('',(0.0,1.0,0.0));
#6715=DIRECTION('',(-1.0,0.0,0.0));
#6716=DIRECTION('',(0.0,-1.0,0.0));
#6717=DIRECTION('',(-1.0,0.0,0.0));
#6718=DIRECTION('',(0.0,-1.0,0.0));
#6719=DIRECTION('',(0.0,1.0,0.0));
#6720=DIRECTION('',(-1.0,0.0,0.0));
#6721=DIRECTION('',(0.0,-1.0,0.0));
#6722=DIRECTION('',(-1.0,0.0,0.0));
#6723=DIRECTION('',(0.0,1.0,0.0));
#6724=DIRECTION('',(0.0,-1.0,0.0));
#6725=DIRECTION('',(1.0,0.0,0.0));
#6726=DIRECTION('',(0.0,0.0,1.0));
#6727=DIRECTION('',(0.0,0.0,1.0));
#6728=DIRECTION('',(1.0,0.0,4.94693006457264E-16));
#6729=DIRECTION('',(0.0,0.0,1.0));
#6730=DIRECTION('',(1.0,0.0,0.0));
#6731=DIRECTION('',(0.0,0.0,-1.0));
#6732=DIRECTION('',(1.0,0.0,4.94693006457264E-16));
#6733=DIRECTION('',(0.0,0.0,-1.0));
#6734=DIRECTION('',(0.0,0.0,1.0));
#6735=DIRECTION('',(-1.0,0.0,0.0));
#6736=DIRECTION('',(0.0,0.0,-1.0));
#6737=DIRECTION('',(1.0,0.0,0.0));
#6738=DIRECTION('',(0.0,0.0,1.0));
#6739=DIRECTION('',(-1.0,0.0,0.0));
#6740=DIRECTION('',(0.0,0.0,-1.0));
#6741=DIRECTION('',(1.0,0.0,0.0));
#6742=DIRECTION('',(0.0,0.0,1.0));
#6743=DIRECTION('',(-1.39397422176715E-15,0.0,1.0));
#6744=DIRECTION('',(-1.0,0.0,0.0));
#6745=DIRECTION('',(0.0,1.0,0.0));
#6746=DIRECTION('',(0.0,-1.0,0.0));
#6747=DIRECTION('',(0.0,-1.0,0.0));
#6748=DIRECTION('',(-1.0,0.0,0.0));
#6749=DIRECTION('',(0.0,1.0,0.0));
#6750=DIRECTION('',(0.0,-1.0,0.0));
#6751=DIRECTION('',(0.0,-1.0,0.0));
#6752=DIRECTION('',(0.0,1.0,0.0));
#6753=DIRECTION('',(-1.0,0.0,0.0));
#6754=DIRECTION('',(0.0,1.0,0.0));
#6755=DIRECTION('',(1.0,0.0,0.0));
#6756=DIRECTION('',(0.0,1.0,0.0));
#6757=DIRECTION('',(0.0,-1.0,0.0));
#6758=DIRECTION('',(0.0,0.0,-1.0));
#6759=DIRECTION('',(0.0,-1.0,-1.97127667724637E-16));
#6760=DIRECTION('',(0.0,0.0,1.0));
#6761=DIRECTION('',(-1.0,0.0,0.0));
#6762=DIRECTION('',(-1.0,0.0,0.0));
#6763=DIRECTION('',(0.0,0.0,-1.0));
#6764=DIRECTION('',(-1.0,0.0,0.0));
#6765=DIRECTION('',(0.0,0.0,1.0));
#6766=DIRECTION('',(0.0,0.0,1.0));
#6767=DIRECTION('',(0.0,-1.0,0.0));
#6768=DIRECTION('',(0.0,-1.0,-1.97127667724637E-16));
#6769=DIRECTION('',(0.0,0.0,-1.0));
#6770=DIRECTION('',(0.0,-1.0,0.0));
#6771=DIRECTION('',(0.0,-1.0,0.0));
#6772=DIRECTION('',(0.0,1.0,0.0));
#6773=DIRECTION('',(0.0,1.0,0.0));
#6774=DIRECTION('',(0.0,-1.0,0.0));
#6775=DIRECTION('',(1.0,0.0,0.0));
#6776=DIRECTION('',(-1.0,0.0,0.0));
#6777=DIRECTION('',(0.0,0.0,1.0));
#6778=DIRECTION('',(0.0,1.0,0.0));
#6779=DIRECTION('',(0.0,1.0,0.0));
#6780=DIRECTION('',(0.0,0.0,-1.0));
#6781=DIRECTION('',(-1.0,0.0,-4.94693006457264E-16));
#6782=DIRECTION('',(0.0,0.0,-1.0));
#6783=DIRECTION('',(0.0,1.0,0.0));
#6784=DIRECTION('',(-1.0,0.0,-4.94693006457264E-16));
#6785=DIRECTION('',(0.0,1.0,0.0));
#6786=DIRECTION('',(0.0,0.0,1.0));
#6787=DIRECTION('',(0.0,0.0,-1.0));
#6788=DIRECTION('',(0.0,-1.0,0.0));
#6789=DIRECTION('',(0.0,0.0,1.0));
#6790=DIRECTION('',(0.0,-1.0,0.0));
#6791=DIRECTION('',(-1.0,0.0,-1.54886024640786E-15));
#6792=DIRECTION('',(0.0,0.0,-1.0));
#6793=DIRECTION('',(1.0,0.0,0.0));
#6794=DIRECTION('',(0.0,0.0,-1.0));
#6795=DIRECTION('',(-1.0,0.0,0.0));
#6796=DIRECTION('',(0.0,0.0,-1.0));
#6797=DIRECTION('',(1.0,0.0,0.0));
#6798=DIRECTION('',(0.0,0.0,-1.0));
#6799=DIRECTION('',(-1.0,0.0,0.0));
#6800=DIRECTION('',(0.0,0.0,-1.0));
#6801=DIRECTION('',(1.0,0.0,0.0));
#6802=DIRECTION('',(0.0,0.0,-1.0));
#6803=DIRECTION('',(-1.0,0.0,0.0));
#6804=DIRECTION('',(0.0,0.0,-1.0));
#6805=DIRECTION('',(1.0,0.0,0.0));
#6806=DIRECTION('',(0.0,0.0,-1.0));
#6807=DIRECTION('',(-1.0,0.0,0.0));
#6808=DIRECTION('',(0.0,0.0,-1.0));
#6809=DIRECTION('',(1.0,0.0,0.0));
#6810=DIRECTION('',(0.0,0.0,-1.0));
#6811=DIRECTION('',(-1.0,0.0,0.0));
#6812=DIRECTION('',(0.0,0.0,-1.0));
#6813=DIRECTION('',(1.0,0.0,0.0));
#6814=DIRECTION('',(0.0,0.0,-1.0));
#6815=DIRECTION('',(-1.0,0.0,0.0));
#6816=DIRECTION('',(0.0,0.0,-1.0));
#6817=DIRECTION('',(1.0,0.0,0.0));
#6818=DIRECTION('',(0.0,0.0,-1.0));
#6819=DIRECTION('',(-1.0,0.0,0.0));
#6820=DIRECTION('',(0.0,0.0,-1.0));
#6821=DIRECTION('',(1.0,0.0,0.0));
#6822=DIRECTION('',(0.0,0.0,-1.0));
#6823=DIRECTION('',(-1.0,0.0,0.0));
#6824=DIRECTION('',(0.0,0.0,-1.0));
#6825=DIRECTION('',(1.0,0.0,0.0));
#6826=DIRECTION('',(0.0,0.0,-1.0));
#6827=DIRECTION('',(-1.0,0.0,0.0));
#6828=DIRECTION('',(0.0,0.0,-1.0));
#6829=DIRECTION('',(1.0,0.0,0.0));
#6830=DIRECTION('',(0.0,0.0,-1.0));
#6831=DIRECTION('',(-1.0,0.0,0.0));
#6832=DIRECTION('',(0.0,0.0,-1.0));
#6833=DIRECTION('',(1.0,0.0,0.0));
#6834=DIRECTION('',(0.0,0.0,-1.0));
#6835=DIRECTION('',(-1.0,0.0,0.0));
#6836=DIRECTION('',(0.0,0.0,-1.0));
#6837=DIRECTION('',(1.0,0.0,0.0));
#6838=DIRECTION('',(1.0,0.0,0.0));
#6839=DIRECTION('',(0.0,0.0,-1.0));
#6840=DIRECTION('',(-1.0,0.0,0.0));
#6841=DIRECTION('',(0.0,-1.0,-1.97127667724637E-16));
#6842=DIRECTION('',(-1.0,0.0,0.0));
#6843=DIRECTION('',(0.0,-1.0,-1.97127667724637E-16));
#6844=DIRECTION('',(0.0,-1.0,-1.97127667724637E-16));
#6845=DIRECTION('',(-1.0,0.0,0.0));
#6846=DIRECTION('',(0.0,-1.0,-1.97127667724637E-16));
#6847=DIRECTION('',(0.0,-1.0,-1.97127667724637E-16));
#6848=DIRECTION('',(-1.0,0.0,0.0));
#6849=DIRECTION('',(0.0,-1.0,-1.97127667724637E-16));
#6850=DIRECTION('',(0.0,-1.0,-1.97127667724637E-16));
#6851=DIRECTION('',(-1.0,0.0,0.0));
#6852=DIRECTION('',(0.0,-1.0,-1.97127667724637E-16));
#6853=DIRECTION('',(0.0,-1.0,-1.97127667724637E-16));
#6854=DIRECTION('',(-1.0,0.0,0.0));
#6855=DIRECTION('',(0.0,-1.0,-1.97127667724637E-16));
#6856=DIRECTION('',(0.0,-1.0,-1.97127667724637E-16));
#6857=DIRECTION('',(-1.0,0.0,0.0));
#6858=DIRECTION('',(0.0,-1.0,-1.97127667724637E-16));
#6859=DIRECTION('',(0.0,-1.0,-1.97127667724637E-16));
#6860=DIRECTION('',(-1.0,0.0,0.0));
#6861=DIRECTION('',(0.0,-1.0,-1.97127667724637E-16));
#6862=DIRECTION('',(0.0,-1.0,-1.97127667724637E-16));
#6863=DIRECTION('',(-1.0,0.0,0.0));
#6864=DIRECTION('',(0.0,-1.0,-1.97127667724637E-16));
#6865=DIRECTION('',(0.0,-1.0,-1.97127667724637E-16));
#6866=DIRECTION('',(-1.0,0.0,0.0));
#6867=DIRECTION('',(0.0,-1.0,-1.97127667724637E-16));
#6868=DIRECTION('',(0.0,-1.0,-1.97127667724637E-16));
#6869=DIRECTION('',(-1.0,0.0,0.0));
#6870=DIRECTION('',(0.0,-1.0,-1.97127667724637E-16));
#6871=DIRECTION('',(0.0,-1.0,-1.97127667724637E-16));
#6872=DIRECTION('',(-1.0,0.0,0.0));
#6873=DIRECTION('',(0.0,-1.0,-1.97127667724637E-16));
#6874=DIRECTION('',(0.0,-1.0,-1.97127667724637E-16));
#6875=DIRECTION('',(-1.0,0.0,0.0));
#6876=DIRECTION('',(0.0,-1.0,-1.97127667724637E-16));
#6877=DIRECTION('',(0.0,-1.0,0.0));
#6878=DIRECTION('',(0.0,1.0,0.0));
#6879=DIRECTION('',(0.0,2.65629532258938E-14,-1.0));
#6880=DIRECTION('',(-1.0,0.0,0.0));
#6881=DIRECTION('',(0.0,2.65629532258938E-14,-1.0));
#6882=DIRECTION('',(-1.0,0.0,0.0));
#6883=DIRECTION('',(-1.0005531550483E-15,-0.696280073622157,0.717770199351243));
#6884=DIRECTION('',(1.0,-6.82210397576243E-16,7.03266274044652E-16));
#6885=DIRECTION('',(1.11172572783145E-15,0.696280073622157,-0.717770199351243));
#6886=DIRECTION('',(-1.0,0.0,0.0));
#6887=DIRECTION('',(0.0,0.696280073622157,-0.717770199351243));
#6888=DIRECTION('',(0.0,0.696280073622157,-0.717770199351243));
#6889=DIRECTION('',(1.54886024640795E-15,0.0,-1.0));
#6890=DIRECTION('',(0.0,0.0,1.0));
#6891=DIRECTION('',(0.0,0.0,-1.0));
#6892=DIRECTION('',(0.0,0.0,1.0));
#6893=DIRECTION('',(-1.0,0.0,0.0));
#6894=DIRECTION('',(0.0,0.0,1.0));
#6895=DIRECTION('',(1.0,0.0,1.82602471155453E-15));
#6896=DIRECTION('',(0.0,-1.0,5.78241158658936E-16));
#6897=DIRECTION('',(-1.0,0.0,-2.28253088944317E-15));
#6898=DIRECTION('',(0.0,1.0,-1.73472347597681E-15));
#6899=DIRECTION('',(0.0,-1.0,1.3462377308024E-15));
#6900=DIRECTION('',(0.0,-1.0,1.3462377308024E-15));
#6901=DIRECTION('',(1.0,0.0,7.03266274044652E-16));
#6902=DIRECTION('',(0.0,1.0,0.0));
#6903=DIRECTION('',(-1.0,0.0,-7.03266274044652E-16));
#6904=DIRECTION('',(0.0,-1.0,0.0));
#6905=DIRECTION('',(0.0,-1.0,0.0));
#6906=DIRECTION('',(-1.0,0.0,0.0));
#6907=DIRECTION('',(0.0,-1.0,0.0));
#6908=DIRECTION('',(0.0,1.0,0.0));
#6909=DIRECTION('',(0.0,1.0,0.0));
#6910=DIRECTION('',(0.0,-2.47817639425259E-15,-1.0));
#6911=DIRECTION('',(-1.0,0.0,0.0));
#6912=DIRECTION('',(0.0,-2.47817639425259E-15,-1.0));
#6913=CARTESIAN_POINT('',(-0.75,4.1,3.09763768189984));
#6914=DIRECTION('',(-1.0,0.0,0.0));
#6915=DIRECTION('',(0.0,-1.0,0.0));
#6916=DIRECTION('',(-1.0,0.0,0.0));
#6917=CARTESIAN_POINT('',(0.75,4.1,3.09763768189984));
#6918=DIRECTION('',(-1.0,0.0,0.0));
#6919=DIRECTION('',(0.0,-1.0,0.0));
#6920=DIRECTION('',(0.0,0.0,-1.0));
#6921=DIRECTION('',(-1.0,0.0,0.0));
#6922=DIRECTION('',(0.0,0.0,-1.0));
#6923=DIRECTION('',(0.0,0.894934361602025,-0.446197813109809));
#6924=DIRECTION('',(0.0,0.894934361602025,-0.446197813109809));
#6925=DIRECTION('',(0.0,0.0,-1.0));
#6926=DIRECTION('',(0.0,0.0,-1.0));
#6927=DIRECTION('',(0.0,0.0,-1.0));
#6928=DIRECTION('',(0.0,0.0,-1.0));
#6929=DIRECTION('',(0.0,0.0,-1.0));
#6930=DIRECTION('',(-1.0,0.0,0.0));
#6931=DIRECTION('',(0.0,0.0,-1.0));
#6932=DIRECTION('',(-1.0,0.0,0.0));
#6933=DIRECTION('',(0.0,1.0,0.0));
#6934=DIRECTION('',(-1.0,0.0,0.0));
#6935=DIRECTION('',(0.0,1.0,0.0));
#6936=DIRECTION('',(0.0,0.0,1.0));
#6937=DIRECTION('',(-1.0,0.0,0.0));
#6938=DIRECTION('',(0.0,0.0,1.0));
#6939=DIRECTION('',(0.0,-0.573576436351043,0.819152044288994));
#6940=DIRECTION('',(-1.0,0.0,0.0));
#6941=DIRECTION('',(0.0,-0.573576436351043,0.819152044288994));
#6942=DIRECTION('',(0.0,-8.32252980132051E-16,1.0));
#6943=DIRECTION('',(0.0,0.573576436351047,-0.819152044288991));
#6944=DIRECTION('',(0.0,-8.32252980132051E-16,1.0));
#6945=DIRECTION('',(0.0,0.573576436351047,-0.819152044288991));
#6946=DIRECTION('',(0.0,1.0,0.0));
#6947=DIRECTION('',(0.0,-1.0,-8.03112720359633E-17));
#6948=DIRECTION('',(0.0,-3.09772049281573E-15,-1.0));
#6949=DIRECTION('',(0.0,1.0,0.0));
#6950=DIRECTION('',(0.0,0.0,-1.0));
#6951=DIRECTION('',(0.0,-1.0,-8.03112720359633E-17));
#6952=DIRECTION('',(-1.0,0.0,0.0));
#6953=DIRECTION('',(-1.0,0.0,0.0));
#6954=DIRECTION('',(0.0,0.0,-1.0));
#6955=DIRECTION('',(-1.0,0.0,0.0));
#6956=DIRECTION('',(0.0,0.0,-1.0));
#6957=DIRECTION('',(-1.0,0.0,0.0));
#6958=DIRECTION('',(0.0,1.0,0.0));
#6959=DIRECTION('',(-1.0,0.0,0.0));
#6960=DIRECTION('',(0.0,1.0,0.0));
#6961=DIRECTION('',(0.0,0.0,1.0));
#6962=DIRECTION('',(-1.0,0.0,0.0));
#6963=DIRECTION('',(0.0,0.0,1.0));
#6964=DIRECTION('',(0.0,-0.573576436351043,0.819152044288994));
#6965=DIRECTION('',(-1.0,0.0,0.0));
#6966=DIRECTION('',(0.0,-0.573576436351043,0.819152044288994));
#6967=DIRECTION('',(0.0,-8.32252980132051E-16,1.0));
#6968=DIRECTION('',(0.0,0.573576436351047,-0.819152044288991));
#6969=DIRECTION('',(0.0,-8.32252980132051E-16,1.0));
#6970=DIRECTION('',(0.0,0.573576436351047,-0.819152044288991));
#6971=DIRECTION('',(0.0,1.0,0.0));
#6972=DIRECTION('',(0.0,-1.0,-8.03112720359633E-17));
#6973=DIRECTION('',(0.0,-3.09772049281573E-15,-1.0));
#6974=DIRECTION('',(0.0,1.0,0.0));
#6975=DIRECTION('',(0.0,0.0,-1.0));
#6976=DIRECTION('',(0.0,-1.0,-8.03112720359633E-17));
#6977=DIRECTION('',(-1.0,0.0,0.0));
#6978=DIRECTION('',(-1.0,0.0,0.0));
#6979=DIRECTION('',(0.0,0.0,-1.0));
#6980=DIRECTION('',(-1.0,0.0,0.0));
#6981=DIRECTION('',(0.0,0.0,-1.0));
#6982=DIRECTION('',(-1.0,0.0,0.0));
#6983=DIRECTION('',(0.0,1.0,0.0));
#6984=DIRECTION('',(-1.0,0.0,0.0));
#6985=DIRECTION('',(0.0,1.0,0.0));
#6986=DIRECTION('',(0.0,0.0,1.0));
#6987=DIRECTION('',(-1.0,0.0,0.0));
#6988=DIRECTION('',(0.0,0.0,1.0));
#6989=DIRECTION('',(0.0,-0.573576436351043,0.819152044288994));
#6990=DIRECTION('',(-1.0,0.0,0.0));
#6991=DIRECTION('',(0.0,-0.573576436351043,0.819152044288994));
#6992=DIRECTION('',(0.0,-8.32252980132051E-16,1.0));
#6993=DIRECTION('',(0.0,0.573576436351047,-0.819152044288991));
#6994=DIRECTION('',(0.0,-8.32252980132051E-16,1.0));
#6995=DIRECTION('',(0.0,0.573576436351047,-0.819152044288991));
#6996=DIRECTION('',(0.0,1.0,0.0));
#6997=DIRECTION('',(0.0,-1.0,-8.03112720359633E-17));
#6998=DIRECTION('',(0.0,-3.09772049281573E-15,-1.0));
#6999=DIRECTION('',(0.0,1.0,0.0));
#7000=DIRECTION('',(0.0,0.0,-1.0));
#7001=DIRECTION('',(0.0,-1.0,-8.03112720359633E-17));
#7002=DIRECTION('',(-1.0,0.0,0.0));
#7003=DIRECTION('',(-1.0,0.0,0.0));
#7004=DIRECTION('',(0.0,0.0,-1.0));
#7005=DIRECTION('',(-1.0,0.0,0.0));
#7006=DIRECTION('',(0.0,0.0,-1.0));
#7007=DIRECTION('',(-1.0,0.0,0.0));
#7008=DIRECTION('',(0.0,1.0,0.0));
#7009=DIRECTION('',(-1.0,0.0,0.0));
#7010=DIRECTION('',(0.0,1.0,0.0));
#7011=DIRECTION('',(0.0,0.0,1.0));
#7012=DIRECTION('',(-1.0,0.0,0.0));
#7013=DIRECTION('',(0.0,0.0,1.0));
#7014=DIRECTION('',(0.0,-0.573576436351043,0.819152044288994));
#7015=DIRECTION('',(-1.0,0.0,0.0));
#7016=DIRECTION('',(0.0,-0.573576436351043,0.819152044288994));
#7017=DIRECTION('',(0.0,-8.32252980132051E-16,1.0));
#7018=DIRECTION('',(0.0,0.573576436351047,-0.819152044288991));
#7019=DIRECTION('',(0.0,-8.32252980132051E-16,1.0));
#7020=DIRECTION('',(0.0,0.573576436351047,-0.819152044288991));
#7021=DIRECTION('',(0.0,1.0,0.0));
#7022=DIRECTION('',(0.0,-1.0,-8.03112720359633E-17));
#7023=DIRECTION('',(0.0,-3.09772049281573E-15,-1.0));
#7024=DIRECTION('',(0.0,1.0,0.0));
#7025=DIRECTION('',(0.0,0.0,-1.0));
#7026=DIRECTION('',(0.0,-1.0,-8.03112720359633E-17));
#7027=DIRECTION('',(-1.0,0.0,0.0));
#7028=DIRECTION('',(-1.0,0.0,0.0));
#7029=DIRECTION('',(0.0,0.0,-1.0));
#7030=DIRECTION('',(-1.0,0.0,0.0));
#7031=DIRECTION('',(0.0,0.0,-1.0));
#7032=DIRECTION('',(-1.0,0.0,0.0));
#7033=DIRECTION('',(0.0,1.0,0.0));
#7034=DIRECTION('',(-1.0,0.0,0.0));
#7035=DIRECTION('',(0.0,1.0,0.0));
#7036=DIRECTION('',(0.0,0.0,1.0));
#7037=DIRECTION('',(-1.0,0.0,0.0));
#7038=DIRECTION('',(0.0,0.0,1.0));
#7039=DIRECTION('',(0.0,-0.573576436351043,0.819152044288994));
#7040=DIRECTION('',(-1.0,0.0,0.0));
#7041=DIRECTION('',(0.0,-0.573576436351043,0.819152044288994));
#7042=DIRECTION('',(0.0,-8.32252980132051E-16,1.0));
#7043=DIRECTION('',(0.0,0.573576436351047,-0.819152044288991));
#7044=DIRECTION('',(0.0,-8.32252980132051E-16,1.0));
#7045=DIRECTION('',(0.0,0.573576436351047,-0.819152044288991));
#7046=DIRECTION('',(0.0,1.0,0.0));
#7047=DIRECTION('',(0.0,-1.0,-8.03112720359633E-17));
#7048=DIRECTION('',(0.0,-3.09772049281573E-15,-1.0));
#7049=DIRECTION('',(0.0,1.0,0.0));
#7050=DIRECTION('',(0.0,0.0,-1.0));
#7051=DIRECTION('',(0.0,-1.0,-8.03112720359633E-17));
#7052=DIRECTION('',(-1.0,0.0,0.0));
#7053=DIRECTION('',(-1.0,0.0,0.0));
#7054=DIRECTION('',(0.0,0.0,-1.0));
#7055=DIRECTION('',(-1.0,0.0,0.0));
#7056=DIRECTION('',(0.0,0.0,-1.0));
#7057=DIRECTION('',(-1.0,0.0,0.0));
#7058=DIRECTION('',(0.0,1.0,0.0));
#7059=DIRECTION('',(-1.0,0.0,0.0));
#7060=DIRECTION('',(0.0,1.0,0.0));
#7061=DIRECTION('',(0.0,0.0,1.0));
#7062=DIRECTION('',(-1.0,0.0,0.0));
#7063=DIRECTION('',(0.0,0.0,1.0));
#7064=DIRECTION('',(0.0,-0.573576436351043,0.819152044288994));
#7065=DIRECTION('',(-1.0,0.0,0.0));
#7066=DIRECTION('',(0.0,-0.573576436351043,0.819152044288994));
#7067=DIRECTION('',(0.0,-8.32252980132051E-16,1.0));
#7068=DIRECTION('',(0.0,0.573576436351047,-0.819152044288991));
#7069=DIRECTION('',(0.0,-8.32252980132051E-16,1.0));
#7070=DIRECTION('',(0.0,0.573576436351047,-0.819152044288991));
#7071=DIRECTION('',(0.0,1.0,0.0));
#7072=DIRECTION('',(0.0,-1.0,-8.03112720359633E-17));
#7073=DIRECTION('',(0.0,-3.09772049281573E-15,-1.0));
#7074=DIRECTION('',(0.0,1.0,0.0));
#7075=DIRECTION('',(0.0,0.0,-1.0));
#7076=DIRECTION('',(0.0,-1.0,-8.03112720359633E-17));
#7077=DIRECTION('',(-1.0,0.0,0.0));
#7078=DIRECTION('',(-1.0,0.0,0.0));
#7079=DIRECTION('',(0.0,0.0,-1.0));
#7080=DIRECTION('',(-1.0,0.0,0.0));
#7081=DIRECTION('',(0.0,0.0,-1.0));
#7082=DIRECTION('',(-1.0,0.0,0.0));
#7083=DIRECTION('',(0.0,1.0,0.0));
#7084=DIRECTION('',(-1.0,0.0,0.0));
#7085=DIRECTION('',(0.0,1.0,0.0));
#7086=DIRECTION('',(0.0,0.0,1.0));
#7087=DIRECTION('',(-1.0,0.0,0.0));
#7088=DIRECTION('',(0.0,0.0,1.0));
#7089=DIRECTION('',(0.0,-0.573576436351043,0.819152044288994));
#7090=DIRECTION('',(-1.0,0.0,0.0));
#7091=DIRECTION('',(0.0,-0.573576436351043,0.819152044288994));
#7092=DIRECTION('',(0.0,-8.32252980132051E-16,1.0));
#7093=DIRECTION('',(0.0,0.573576436351047,-0.819152044288991));
#7094=DIRECTION('',(0.0,-8.32252980132051E-16,1.0));
#7095=DIRECTION('',(0.0,0.573576436351047,-0.819152044288991));
#7096=DIRECTION('',(0.0,1.0,0.0));
#7097=DIRECTION('',(0.0,-1.0,-8.03112720359633E-17));
#7098=DIRECTION('',(0.0,-3.09772049281573E-15,-1.0));
#7099=DIRECTION('',(0.0,1.0,0.0));
#7100=DIRECTION('',(0.0,0.0,-1.0));
#7101=DIRECTION('',(0.0,-1.0,-8.03112720359633E-17));
#7102=DIRECTION('',(-1.0,0.0,0.0));
#7103=DIRECTION('',(-1.0,0.0,0.0));
#7104=DIRECTION('',(0.0,0.0,-1.0));
#7105=DIRECTION('',(-1.0,0.0,0.0));
#7106=DIRECTION('',(0.0,0.0,-1.0));
#7107=DIRECTION('',(-1.0,0.0,0.0));
#7108=DIRECTION('',(0.0,1.0,0.0));
#7109=DIRECTION('',(-1.0,0.0,0.0));
#7110=DIRECTION('',(0.0,1.0,0.0));
#7111=DIRECTION('',(0.0,0.0,1.0));
#7112=DIRECTION('',(-1.0,0.0,0.0));
#7113=DIRECTION('',(0.0,0.0,1.0));
#7114=DIRECTION('',(0.0,-0.573576436351043,0.819152044288994));
#7115=DIRECTION('',(-1.0,0.0,0.0));
#7116=DIRECTION('',(0.0,-0.573576436351043,0.819152044288994));
#7117=DIRECTION('',(0.0,-8.32252980132051E-16,1.0));
#7118=DIRECTION('',(0.0,0.573576436351047,-0.819152044288991));
#7119=DIRECTION('',(0.0,-8.32252980132051E-16,1.0));
#7120=DIRECTION('',(0.0,0.573576436351047,-0.819152044288991));
#7121=DIRECTION('',(0.0,1.0,0.0));
#7122=DIRECTION('',(0.0,-1.0,-8.03112720359633E-17));
#7123=DIRECTION('',(0.0,-3.09772049281573E-15,-1.0));
#7124=DIRECTION('',(0.0,1.0,0.0));
#7125=DIRECTION('',(0.0,0.0,-1.0));
#7126=DIRECTION('',(0.0,-1.0,-8.03112720359633E-17));
#7127=DIRECTION('',(-1.0,0.0,0.0));
#7128=DIRECTION('',(-1.0,0.0,0.0));
#7129=DIRECTION('',(0.0,0.0,-1.0));
#7130=DIRECTION('',(-1.0,0.0,0.0));
#7131=DIRECTION('',(0.0,0.0,-1.0));
#7132=DIRECTION('',(-1.0,0.0,0.0));
#7133=DIRECTION('',(0.0,1.0,0.0));
#7134=DIRECTION('',(-1.0,0.0,0.0));
#7135=DIRECTION('',(0.0,1.0,0.0));
#7136=DIRECTION('',(0.0,0.0,1.0));
#7137=DIRECTION('',(-1.0,0.0,0.0));
#7138=DIRECTION('',(0.0,0.0,1.0));
#7139=DIRECTION('',(0.0,-0.573576436351043,0.819152044288994));
#7140=DIRECTION('',(-1.0,0.0,0.0));
#7141=DIRECTION('',(0.0,-0.573576436351043,0.819152044288994));
#7142=DIRECTION('',(0.0,-8.32252980132051E-16,1.0));
#7143=DIRECTION('',(0.0,0.573576436351047,-0.819152044288991));
#7144=DIRECTION('',(0.0,-8.32252980132051E-16,1.0));
#7145=DIRECTION('',(0.0,0.573576436351047,-0.819152044288991));
#7146=DIRECTION('',(0.0,1.0,0.0));
#7147=DIRECTION('',(0.0,-1.0,-8.03112720359633E-17));
#7148=DIRECTION('',(0.0,-3.09772049281573E-15,-1.0));
#7149=DIRECTION('',(0.0,1.0,0.0));
#7150=DIRECTION('',(0.0,0.0,-1.0));
#7151=DIRECTION('',(0.0,-1.0,-8.03112720359633E-17));
#7152=DIRECTION('',(-1.0,0.0,0.0));
#7153=DIRECTION('',(-1.0,0.0,0.0));
#7154=DIRECTION('',(0.0,0.0,-1.0));
#7155=DIRECTION('',(-1.0,0.0,0.0));
#7156=DIRECTION('',(0.0,0.0,-1.0));
#7157=DIRECTION('',(-1.0,0.0,0.0));
#7158=DIRECTION('',(0.0,1.0,0.0));
#7159=DIRECTION('',(-1.0,0.0,0.0));
#7160=DIRECTION('',(0.0,1.0,0.0));
#7161=DIRECTION('',(0.0,0.0,1.0));
#7162=DIRECTION('',(-1.0,0.0,0.0));
#7163=DIRECTION('',(0.0,0.0,1.0));
#7164=DIRECTION('',(0.0,-0.573576436351043,0.819152044288994));
#7165=DIRECTION('',(-1.0,0.0,0.0));
#7166=DIRECTION('',(0.0,-0.573576436351043,0.819152044288994));
#7167=DIRECTION('',(0.0,-8.32252980132051E-16,1.0));
#7168=DIRECTION('',(0.0,0.573576436351047,-0.819152044288991));
#7169=DIRECTION('',(0.0,-8.32252980132051E-16,1.0));
#7170=DIRECTION('',(0.0,0.573576436351047,-0.819152044288991));
#7171=DIRECTION('',(0.0,1.0,0.0));
#7172=DIRECTION('',(0.0,-1.0,-8.03112720359633E-17));
#7173=DIRECTION('',(0.0,-3.09772049281573E-15,-1.0));
#7174=DIRECTION('',(0.0,1.0,0.0));
#7175=DIRECTION('',(0.0,0.0,-1.0));
#7176=DIRECTION('',(0.0,-1.0,-8.03112720359633E-17));
#7177=DIRECTION('',(-1.0,0.0,0.0));
#7178=DIRECTION('',(-1.0,0.0,0.0));
#7179=DIRECTION('',(0.0,0.0,-1.0));
#7180=DIRECTION('',(-1.0,0.0,0.0));
#7181=DIRECTION('',(0.0,0.0,-1.0));
#7182=DIRECTION('',(-1.0,0.0,0.0));
#7183=DIRECTION('',(0.0,1.0,0.0));
#7184=DIRECTION('',(-1.0,0.0,0.0));
#7185=DIRECTION('',(0.0,1.0,0.0));
#7186=DIRECTION('',(0.0,0.0,1.0));
#7187=DIRECTION('',(-1.0,0.0,0.0));
#7188=DIRECTION('',(0.0,0.0,1.0));
#7189=DIRECTION('',(0.0,-0.573576436351043,0.819152044288994));
#7190=DIRECTION('',(-1.0,0.0,0.0));
#7191=DIRECTION('',(0.0,-0.573576436351043,0.819152044288994));
#7192=DIRECTION('',(0.0,-8.32252980132051E-16,1.0));
#7193=DIRECTION('',(0.0,0.573576436351047,-0.819152044288991));
#7194=DIRECTION('',(0.0,-8.32252980132051E-16,1.0));
#7195=DIRECTION('',(0.0,0.573576436351047,-0.819152044288991));
#7196=DIRECTION('',(0.0,1.0,0.0));
#7197=DIRECTION('',(0.0,-1.0,-8.03112720359633E-17));
#7198=DIRECTION('',(0.0,-3.09772049281573E-15,-1.0));
#7199=DIRECTION('',(0.0,1.0,0.0));
#7200=DIRECTION('',(0.0,0.0,-1.0));
#7201=DIRECTION('',(0.0,-1.0,-8.03112720359633E-17));
#7202=DIRECTION('',(-1.0,0.0,0.0));
#7203=DIRECTION('',(-1.0,0.0,0.0));
#7204=DIRECTION('',(0.0,0.0,-1.0));
#7205=DIRECTION('',(-1.0,0.0,0.0));
#7206=DIRECTION('',(0.0,0.0,-1.0));
#7207=DIRECTION('',(-1.0,0.0,0.0));
#7208=DIRECTION('',(0.0,1.0,0.0));
#7209=DIRECTION('',(-1.0,0.0,0.0));
#7210=DIRECTION('',(0.0,1.0,0.0));
#7211=DIRECTION('',(0.0,0.0,1.0));
#7212=DIRECTION('',(-1.0,0.0,0.0));
#7213=DIRECTION('',(0.0,0.0,1.0));
#7214=DIRECTION('',(0.0,-0.573576436351043,0.819152044288994));
#7215=DIRECTION('',(-1.0,0.0,0.0));
#7216=DIRECTION('',(0.0,-0.573576436351043,0.819152044288994));
#7217=DIRECTION('',(0.0,-8.32252980132051E-16,1.0));
#7218=DIRECTION('',(0.0,0.573576436351047,-0.819152044288991));
#7219=DIRECTION('',(0.0,-8.32252980132051E-16,1.0));
#7220=DIRECTION('',(0.0,0.573576436351047,-0.819152044288991));
#7221=DIRECTION('',(0.0,1.0,0.0));
#7222=DIRECTION('',(0.0,-1.0,-8.03112720359633E-17));
#7223=DIRECTION('',(0.0,-3.09772049281573E-15,-1.0));
#7224=DIRECTION('',(0.0,1.0,0.0));
#7225=DIRECTION('',(0.0,0.0,-1.0));
#7226=DIRECTION('',(0.0,-1.0,-8.03112720359633E-17));
#7227=DIRECTION('',(-1.0,0.0,0.0));
#7228=DIRECTION('',(-1.0,0.0,0.0));
#7229=DIRECTION('',(4.33680868994201E-15,-1.0,0.0));
#7230=DIRECTION('',(0.0,0.0,1.0));
#7231=DIRECTION('',(4.33680868994201E-15,-1.0,0.0));
#7232=DIRECTION('',(4.40285146187003E-15,1.0,0.0));
#7233=DIRECTION('',(0.0,0.0,1.0));
#7234=DIRECTION('',(4.40285146187003E-15,1.0,0.0));
#7235=CARTESIAN_POINT('',(6.72,6.1,1.745));
#7236=DIRECTION('',(0.0,0.0,1.0));
#7237=DIRECTION('',(1.0,0.0,0.0));
#7238=DIRECTION('',(-1.0,0.0,0.0));
#7239=DIRECTION('',(0.0,1.0,0.0));
#7240=DIRECTION('',(1.0,0.0,0.0));
#7241=DIRECTION('',(1.0,0.0,0.0));
#7242=DIRECTION('',(0.0,1.0,0.0));
#7243=DIRECTION('',(-1.0,0.0,0.0));
#7244=CARTESIAN_POINT('',(6.72,6.1,2.845));
#7245=DIRECTION('',(0.0,0.0,1.0));
#7246=DIRECTION('',(1.0,0.0,0.0));
#7247=DIRECTION('',(0.0,0.0,1.0));
#7248=DIRECTION('',(0.0,0.0,1.0));
#7249=DIRECTION('',(0.0,0.0,1.0));
#7250=DIRECTION('',(4.40285146187003E-15,-1.0,0.0));
#7251=DIRECTION('',(0.0,0.0,1.0));
#7252=DIRECTION('',(4.40285146187003E-15,-1.0,0.0));
#7253=DIRECTION('',(4.33680868994201E-15,1.0,0.0));
#7254=DIRECTION('',(0.0,0.0,1.0));
#7255=DIRECTION('',(4.33680868994201E-15,1.0,0.0));
#7256=DIRECTION('',(1.0,2.18479027201109E-15,0.0));
#7257=DIRECTION('',(0.0,-1.0,0.0));
#7258=DIRECTION('',(-1.0,0.0,0.0));
#7259=CARTESIAN_POINT('',(-6.72,6.1,1.745));
#7260=DIRECTION('',(0.0,0.0,1.0));
#7261=DIRECTION('',(-1.0,0.0,0.0));
#7262=CARTESIAN_POINT('',(-6.72,6.1,2.845));
#7263=DIRECTION('',(0.0,0.0,1.0));
#7264=DIRECTION('',(-1.0,0.0,0.0));
#7265=DIRECTION('',(-1.0,0.0,0.0));
#7266=DIRECTION('',(0.0,-1.0,0.0));
#7267=DIRECTION('',(1.0,2.18479027201109E-15,0.0));
#7268=DIRECTION('',(0.0,0.0,1.0));
#7269=DIRECTION('',(0.0,0.0,1.0));
#7270=DIRECTION('',(0.0,0.0,1.0));
#7271=DIRECTION('',(-8.67361737988404E-17,0.0,1.0));
#7272=DIRECTION('',(0.0,-1.0,0.0));
#7273=DIRECTION('',(-8.67361737988404E-17,0.0,1.0));
#7274=DIRECTION('',(0.0,-1.0,0.0));
#7275=DIRECTION('',(-1.0,0.0,0.0));
#7276=DIRECTION('',(0.0,-1.0,0.0));
#7277=DIRECTION('',(-1.0,0.0,0.0));
#7278=DIRECTION('',(-8.67361737988404E-17,0.0,-1.0));
#7279=DIRECTION('',(0.0,-1.0,0.0));
#7280=DIRECTION('',(-8.67361737988404E-17,0.0,-1.0));
#7281=DIRECTION('',(1.0,0.0,0.0));
#7282=DIRECTION('',(1.0,0.0,0.0));
#7283=PRESENTATION_LAYER_ASSIGNMENT('','',(#62,#63,#64,#65,#66,#67,#68,#69,#70,#71,#72,#73,#74,#75,#76,#77,#78,#79,#80,#81,#82,#83,#84,#85,#86,#87,#88,#89,#90,#91,#92,#93,#94,#95,#96,#97,#98,#99,#100,#101,#102,#103,#104,#105,#106,#107,#108,#109,#110,#111,#112,#113,#114,#115,#116,#117,#118,#119,#120,#121,#122,#123,#124,#125,#126,#127,#128,#129,#130,#131,#132,#133,#134,#135,#136,#137,#138,#139,#140,#141,#142,#143,#144,#145,#146,#147,#148,#149,#150,#151,#152,#153,#154,#155,#156,#157,#158,#159,#160,#161,#162,#163,#164,#165,#166,#167,#168,#169,#170,#171,#172,#173,#174,#175,#176,#177,#178,#179,#180,#181,#182,#183,#184,#185,#186,#187,#188,#189,#190,#191,#192,#193,#194,#195,#196,#197,#198,#199,#200,#201,#202,#203,#204,#205,#206,#207,#208,#209,#210,#211,#212,#213,#214,#215,#216,#217,#218,#219,#220,#221,#222,#223,#224,#225,#226,#227,#228,#229,#230,#231,#232,#233,#234,#235,#236,#237,#238,#239,#240,#241,#242,#243,#244,#245,#246,#247,#248,#249,#250,#251,#252,#253,#254,#255,#256,#257,#258,#259,#260,#261,#262,#263,#264,#265,#266,#267,#268,#269,#270,#271,#272,#273,#274,#275,#276,#277,#278,#279,#280,#281,#282,#283,#284,#285,#286,#288,#289,#290,#291,#292,#293,#3229,#3230,#3231,#3232,#3233,#3234,#3235,#3236,#3237,#3238,#3239,#3240,#3241,#3242,#3243,#3244,#3245,#3246,#3247,#3248,#3249,#3250,#3251,#3252,#3253,#3254,#3255,#3256,#3257,#3258,#3259,#3260,#3261,#3262,#3263,#3264,#3265,#3266,#3267,#3268,#3269,#3270,#3271,#3272,#3273,#3274,#3275,#3276,#3277,#3278,#3279,#3280,#3281,#3282,#3283,#3284,#3285,#3286,#3287,#3288,#3289,#3290,#3291,#3292,#3293,#3294,#3295,#3296,#3297,#3298,#3299,#3300,#3301,#3302,#3303,#3304,#3305,#3306,#3307,#3308,#3309,#3310,#3311,#3312,#3313,#3314,#3315,#3316,#3317,#3318,#3319,#3320,#3321,#3322,#3323,#3324,#3325,#3326,#3327,#3328,#3329,#3330,#3331,#3332,#3333,#3334,#3335,#3336,#3337,#3338,#3339,#3340,#3341,#3342,#3343,#3344,#3345,#3346,#3347,#3348,#3349,#3350,#3351,#3352,#3353,#3354,#3355,#3356,#3357,#3358,#3359,#3360,#3361,#3362,#3363,#3364,#3365,#3366,#3367,#3368,#3369,#3370,#3371,#3372,#3373,#3374,#3375,#3376,#3377,#3378,#3379,#3380,#3381,#3382,#3383,#3384,#3385,#3386,#3387,#3388,#3389,#3390,#3391,#3392,#3393,#3394,#3395,#3396,#3397,#3398,#3399,#3400,#3401,#3402,#3403,#3404,#3405,#3406,#3407,#3408,#3409,#3410,#3411,#3412,#3413,#3414,#3415,#3416,#3417,#3418,#3419,#3420,#3421,#3422,#3423,#3424,#3425,#3426,#3427,#3428,#3429,#3430,#3431,#3432,#3433,#3434,#3435,#3436,#3437,#3438,#3439,#3440,#3441,#3442,#3443,#3444,#3445,#3446,#3447,#3448,#3449,#3450,#3451,#3452,#3453,#3454,#3455,#3456,#3457,#3458,#3459,#3460,#3461,#3462,#3463,#3464,#3465,#3466,#3467,#3468,#3469,#3470,#3471,#3472,#3473,#3474,#3475,#3476,#3477,#3478,#3479,#3480,#3481,#3482,#3483,#3484,#3485,#3486,#3487,#3488,#3489,#3490,#3491,#3492,#3493,#3494,#3495,#3496,#3497,#3498,#3499,#3500,#3501,#3502,#3503,#3504,#3505,#3506,#3507,#3508,#3509,#3510,#3511,#3512,#3513,#3514,#3515,#3516,#3517,#3518,#3519,#3520,#3521,#3522,#3523,#3524,#3525,#3526,#3527,#3528,#3529,#3530,#3531,#3532,#3533,#3534,#3535,#3536,#3537,#3538,#3539,#3540,#3541,#3542,#3543,#3544,#3545,#3546,#3547,#3548,#3549,#3550,#3551,#3552,#3553,#3554,#3555,#3556,#3557,#3558,#3559,#3560,#3561,#3562,#3563,#3564,#3565,#3566,#3567,#3568,#3569,#3570,#3571,#3572,#3573,#3574,#3575,#3576,#3577,#3578,#3579,#3580,#3581,#3582,#3583,#3584,#3585,#3586,#3587,#3588,#3589,#3590,#3591,#3592,#3593,#3594,#3595,#3596,#3597,#3598,#3599,#3600,#3601,#3602,#3603,#3604,#3605,#3606,#3607,#3608,#3609,#3610,#3611,#3612,#3613,#3614,#3615,#3616,#3617,#3618,#3619,#3620,#3621,#3622,#3623,#3624,#3625,#3626,#3627,#3628,#3629,#3630,#3631,#3632,#3633,#3634,#3635,#3636,#3637,#3638,#3639,#3640,#3641,#3642,#3643,#3644,#3645,#3646,#3647,#3648,#3649,#3650,#3651,#3652,#3653,#3654,#3655,#3656,#3657,#3658,#3659,#3660,#3661,#3662,#3663,#3664,#3665,#3666,#3667,#3668,#3669,#3670,#3671,#3672,#3673,#3674,#3675,#3676,#3677,#3678,#3679,#3680,#3681,#3682,#3683,#3684,#3685,#3686,#3687,#3688,#3689,#3690,#3691,#3692,#3693,#3694,#3695,#3696,#3697,#3698,#3699,#3700,#3701,#3702,#3703,#3704,#3705,#3706,#3707,#3708,#3709,#3710,#3711,#3712,#3713,#3714,#3715,#3716,#3717,#3718,#3719,#3720,#3721,#3722,#3723,#3724,#3725,#3726,#3727,#3728,#3729,#3730,#3731,#3732,#3733,#3734,#3735,#3736,#3737,#3738,#3739,#3740,#3741,#3742,#3743,#3744,#3745,#3746,#3747,#3748,#3749,#3750,#3751,#3752,#3753,#3754,#3755,#3756,#3757,#3758,#3759,#3760,#3761,#3762,#3763,#3764,#3765,#3766,#3767,#3768,#3769,#3770,#3771,#3772,#3773,#3774,#3775,#3776,#3777,#3778,#3779,#3780,#3781,#3782,#3783,#3784,#3785,#3786,#3787,#3788,#3789,#3790,#3791,#3792,#3793,#3794,#3795,#3796,#3797,#3798,#3799,#3800,#3801,#3802,#3803,#3804,#3805,#3806,#3807,#3808,#3809,#3810,#3811,#3812,#3813,#3814,#3815,#3816,#3817,#3818,#3819,#3820,#3821,#3822,#3823,#3824,#3825,#3826,#3827,#3828,#3829,#3830,#3831,#3832,#3833,#3834,#3835,#3836,#3837,#3838,#3839,#3840,#3841,#3842,#3843,#3844,#3845,#3846,#3847,#3848,#3849,#3850,#3851,#3852,#3853,#3854,#3855,#3857,#3858,#3859,#3860,#3861,#3862,#3863,#3864,#3865,#3866,#3867,#3868,#3869,#3870,#3872,#3874,#3877,#3878,#3880,#3882,#3885,#3886,#3888,#3890,#3893,#3894,#3896,#3898,#3901,#3902,#3904,#3906,#3909,#3910,#3912,#3914,#3917,#3918,#3920,#3922,#3925,#3926,#3928,#3930,#3933,#3934,#3936,#3938,#3941,#3942,#3944,#3946,#3949,#3950,#3952,#3954,#3957,#3958,#3960,#3962,#3965,#3966,#3968,#3970,#3973,#3974,#3976,#3978,#3981,#3982,#3984,#3986,#3989,#3990,#3992,#3994,#3997,#3998,#4000,#4002,#4004,#4006,#4008,#4010,#4012,#4014,#4016,#4018,#4020,#4022,#4024,#4026,#4029,#4030,#4033,#4035,#4037,#4039,#4042,#4043,#4045,#4047,#4049,#4052,#4055,#4057,#4059,#4061,#4063,#4065,#4067,#4070,#4072,#4074,#4076,#4078,#4081,#4082,#4084,#4087,#4090,#4093,#4095,#4100,#4102,#4104,#4107,#4109,#4111,#4113,#4116,#4118,#4120,#4122,#4127,#4129,#4132,#4136,#4140,#4143,#4146,#4150,#4154,#4157,#4161,#4162,#4164,#4166,#4168,#4170,#4172,#4174,#4176,#4178,#4180,#4182,#4184,#4186,#4188,#4190,#4192,#4194,#4196,#4198,#4200,#4202,#4204,#4206,#4208,#4210,#4212,#4214,#4216,#4218,#4220,#4222,#4224,#4226,#4228,#4230,#4232,#4234,#4236,#4238,#4240,#4242,#4244,#4246,#4248,#4250,#4253,#4255,#4258,#4260,#4263,#4265,#4268,#4270,#4273,#4275,#4278,#4280,#4283,#4285,#4288,#4290,#4293,#4295,#4298,#4300,#4303,#4305,#4308,#4310,#4313,#4315,#4320,#4321,#4323,#4325,#4328,#4330,#4332,#4334,#4341,#4343,#4346,#4347,#4349,#4351,#4356,#4357,#4359,#4361,#4364,#4366,#4371,#4373,#4376,#4378,#4381,#4383,#4392,#4393,#4395,#4397,#4400,#4402,#4405,#4407,#4410,#4412,#4419,#4421,#4424,#4426,#4431,#4432,#4434,#4436,#4439,#4441,#4444,#4446,#4449,#4451,#4458,#4460,#4463,#4465,#4470,#4471,#4473,#4475,#4478,#4480,#4483,#4485,#4488,#4490,#4497,#4499,#4502,#4504,#4509,#4510,#4512,#4514,#4517,#4519,#4522,#4524,#4527,#4529,#4536,#4538,#4541,#4543,#4548,#4549,#4551,#4553,#4556,#4558,#4561,#4563,#4566,#4568,#4575,#4577,#4580,#4582,#4587,#4588,#4590,#4592,#4595,#4597,#4600,#4602,#4605,#4607,#4614,#4616,#4619,#4621,#4626,#4627,#4629,#4631,#4634,#4636,#4639,#4641,#4644,#4646,#4653,#4655,#4658,#4660,#4665,#4666,#4668,#4670,#4673,#4675,#4678,#4680,#4683,#4685,#4692,#4694,#4697,#4699,#4704,#4705,#4707,#4709,#4712,#4714,#4717,#4719,#4722,#4724,#4731,#4733,#4736,#4738,#4743,#4744,#4746,#4748,#4751,#4753,#4756,#4758,#4761,#4763,#4770,#4772,#4775,#4777,#4782,#4783,#4785,#4787,#4790,#4792,#4795,#4797,#4800,#4802,#4809,#4811,#4814,#4816,#4821,#4822,#4824,#4826,#4829,#4831,#4834,#4836,#4839,#4841,#4848,#4850,#4853,#4855,#4860,#4862,#4865,#4867,#4870,#4872,#4874,#4877,#4879,#4881,#4887,#4889,#4892,#4894,#4897,#4899,#4901,#4904,#4906,#4908,#4914,#4915,#4917,#4919,#4922,#4924,#4927,#4929));
#7284=PRESENTATION_LAYER_ASSIGNMENT('2','Layer 2',(#30));
#7285=PRESENTATION_LAYER_ASSIGNMENT('1','Layer 1',(#28));
ENDSEC;
END-ISO-10303-21;
